resuming at candidate index 5 (4 already in corpus, 4 accepted / 1 rejected so far)
  [1/2000] seed 1079440781: ACCEPTED (136 moves)
  [2/2000] seed 1318831763: ACCEPTED (130 moves)
  [3/2000] seed 703235870: ACCEPTED (128 moves)
  [4/2000] seed 794544385: rejected (INCONCLUSIVE (raise --S / max-states))
  [5/2000] seed 362331868: rejected (UNSOLVABLE)
  [6/2000] seed 882714475: rejected (INCONCLUSIVE (raise --S / max-states))
  [7/2000] seed 1430703181: ACCEPTED (129 moves)
  [8/2000] seed 365659851: ACCEPTED (132 moves)
  [9/2000] seed 364128069: rejected (INCONCLUSIVE (raise --S / max-states))
  [10/2000] seed 1555870804: ACCEPTED (126 moves)
  [11/2000] seed 1042987341: ACCEPTED (124 moves)
  [12/2000] seed 1668270766: rejected (INCONCLUSIVE (raise --S / max-states))
  [13/2000] seed 1113818673: ACCEPTED (132 moves)
  [14/2000] seed 80125761: ACCEPTED (128 moves)
  [15/2000] seed 1468411141: rejected (INCONCLUSIVE (raise --S / max-states))
  [16/2000] seed 1850116689: rejected (INCONCLUSIVE (raise --S / max-states))
  [17/2000] seed 392255626: ACCEPTED (148 moves)
  [18/2000] seed 52064114: ACCEPTED (128 moves)
  [19/2000] seed 1266930595: ACCEPTED (120 moves)
  [20/2000] seed 94181457: ACCEPTED (133 moves)
  [21/2000] seed 1981636935: ACCEPTED (136 moves)
  [22/2000] seed 447858671: ACCEPTED (141 moves)
  [23/2000] seed 1404864919: ACCEPTED (127 moves)
  [24/2000] seed 677980055: ACCEPTED (138 moves)
  [25/2000] seed 478918464: ACCEPTED (115 moves)
  [26/2000] seed 1908775452: ACCEPTED (125 moves)
  [27/2000] seed 1163733407: ACCEPTED (126 moves)
  [28/2000] seed 1763566260: ACCEPTED (133 moves)
  [29/2000] seed 482156025: ACCEPTED (124 moves)
  [30/2000] seed 100032073: ACCEPTED (126 moves)
  [31/2000] seed 1412185832: ACCEPTED (137 moves)
  [32/2000] seed 1291386236: ACCEPTED (137 moves)
  [33/2000] seed 1509542525: ACCEPTED (113 moves)
  [34/2000] seed 1372252755: ACCEPTED (129 moves)
  [35/2000] seed 365270459: rejected (INCONCLUSIVE (raise --S / max-states))
  [36/2000] seed 1401729979: ACCEPTED (127 moves)
  [37/2000] seed 1475279116: ACCEPTED (132 moves)
  [38/2000] seed 461097816: ACCEPTED (129 moves)
  [39/2000] seed 990174233: ACCEPTED (134 moves)
  [40/2000] seed 865410399: ACCEPTED (128 moves)
  [41/2000] seed 424111832: ACCEPTED (126 moves)
  [42/2000] seed 1743765268: rejected (INCONCLUSIVE (raise --S / max-states))
  [43/2000] seed 115979316: ACCEPTED (141 moves)
  [44/2000] seed 1758018344: ACCEPTED (125 moves)
  [45/2000] seed 1562480373: ACCEPTED (125 moves)
  [46/2000] seed 1575995735: ACCEPTED (125 moves)
  [47/2000] seed 279431263: ACCEPTED (139 moves)
  [48/2000] seed 351746343: rejected (INCONCLUSIVE (raise --S / max-states))
  [49/2000] seed 1197910491: ACCEPTED (131 moves)
  [50/2000] seed 1373379577: ACCEPTED (142 moves)
  [51/2000] seed 2101114306: rejected (INCONCLUSIVE (raise --S / max-states))
  [52/2000] seed 1380992367: ACCEPTED (130 moves)
  [53/2000] seed 712263654: rejected (INCONCLUSIVE (raise --S / max-states))
  [54/2000] seed 1977155000: ACCEPTED (133 moves)
  [55/2000] seed 1493248228: ACCEPTED (134 moves)
  [56/2000] seed 190217863: ACCEPTED (135 moves)
  [57/2000] seed 702541893: rejected (INCONCLUSIVE (raise --S / max-states))
  [58/2000] seed 1760689343: ACCEPTED (139 moves)
  [59/2000] seed 52010020: ACCEPTED (127 moves)
  [60/2000] seed 240488946: rejected (INCONCLUSIVE (raise --S / max-states))
  [61/2000] seed 457255080: ACCEPTED (125 moves)
  [62/2000] seed 478664431: ACCEPTED (136 moves)
  [63/2000] seed 646084105: rejected (INCONCLUSIVE (raise --S / max-states))
  [64/2000] seed 1727317955: ACCEPTED (138 moves)
  [65/2000] seed 1753118346: ACCEPTED (134 moves)
  [66/2000] seed 931330074: ACCEPTED (125 moves)
  [67/2000] seed 1011875021: ACCEPTED (144 moves)
  [68/2000] seed 1632355902: rejected (INCONCLUSIVE (raise --S / max-states))
  [69/2000] seed 31383499: ACCEPTED (135 moves)
  [70/2000] seed 2035137437: ACCEPTED (137 moves)
  [71/2000] seed 654626490: ACCEPTED (129 moves)
  [72/2000] seed 1362266142: ACCEPTED (117 moves)
  [73/2000] seed 1786479119: rejected (INCONCLUSIVE (raise --S / max-states))
  [74/2000] seed 995034028: rejected (INCONCLUSIVE (raise --S / max-states))
  [75/2000] seed 1200616292: ACCEPTED (131 moves)
  [76/2000] seed 678663667: ACCEPTED (126 moves)
  [77/2000] seed 179354685: ACCEPTED (133 moves)
  [78/2000] seed 209212670: ACCEPTED (120 moves)
  [79/2000] seed 125575633: ACCEPTED (133 moves)
  [80/2000] seed 1551550964: ACCEPTED (123 moves)
  [81/2000] seed 821385633: ACCEPTED (130 moves)
  [82/2000] seed 1432391574: ACCEPTED (131 moves)
  [83/2000] seed 1140361905: rejected (INCONCLUSIVE (raise --S / max-states))
  [84/2000] seed 36991690: rejected (INCONCLUSIVE (raise --S / max-states))
  [85/2000] seed 1740463446: rejected (INCONCLUSIVE (raise --S / max-states))
  [86/2000] seed 1653030671: ACCEPTED (132 moves)
  [87/2000] seed 1415036203: ACCEPTED (139 moves)
  [88/2000] seed 1598180821: ACCEPTED (125 moves)
  [89/2000] seed 888929147: ACCEPTED (125 moves)
  [90/2000] seed 148902238: ACCEPTED (133 moves)
  [91/2000] seed 2036840204: ACCEPTED (124 moves)
  [92/2000] seed 2145958596: ACCEPTED (139 moves)
  [93/2000] seed 622028528: ACCEPTED (142 moves)
  [94/2000] seed 1365950413: ACCEPTED (137 moves)
  [95/2000] seed 1018144878: rejected (INCONCLUSIVE (raise --S / max-states))
  [96/2000] seed 1770211396: ACCEPTED (129 moves)
  [97/2000] seed 1394400973: ACCEPTED (142 moves)
  [98/2000] seed 40134329: ACCEPTED (142 moves)
  [99/2000] seed 1097199021: ACCEPTED (155 moves)
  [100/2000] seed 1603399576: ACCEPTED (136 moves)
  [101/2000] seed 1497390211: ACCEPTED (129 moves)
  [102/2000] seed 516870818: ACCEPTED (136 moves)
  [103/2000] seed 1168444578: ACCEPTED (141 moves)
  [104/2000] seed 1219590451: ACCEPTED (132 moves)
  [105/2000] seed 667651884: ACCEPTED (128 moves)
  [106/2000] seed 859087441: ACCEPTED (145 moves)
  [107/2000] seed 246156057: rejected (INCONCLUSIVE (raise --S / max-states))
  [108/2000] seed 1752691725: ACCEPTED (129 moves)
  [109/2000] seed 1177141925: ACCEPTED (151 moves)
  [110/2000] seed 1417478287: ACCEPTED (132 moves)
  [111/2000] seed 1318019590: ACCEPTED (132 moves)
  [112/2000] seed 1387282820: ACCEPTED (134 moves)
  [113/2000] seed 1185203999: ACCEPTED (120 moves)
  [114/2000] seed 884624390: ACCEPTED (140 moves)
  [115/2000] seed 703969053: rejected (UNSOLVABLE)
  [116/2000] seed 1252542237: ACCEPTED (125 moves)
  [117/2000] seed 259178464: rejected (INCONCLUSIVE (raise --S / max-states))
  [118/2000] seed 348179694: ACCEPTED (143 moves)
  [119/2000] seed 2145893637: ACCEPTED (121 moves)
  [120/2000] seed 224850840: ACCEPTED (130 moves)
  [121/2000] seed 2095473798: ACCEPTED (132 moves)
  [122/2000] seed 704945678: ACCEPTED (134 moves)
  [123/2000] seed 514275451: ACCEPTED (136 moves)
  [124/2000] seed 673484611: ACCEPTED (128 moves)
  [125/2000] seed 601803655: ACCEPTED (116 moves)
  [126/2000] seed 2122240167: ACCEPTED (144 moves)
  [127/2000] seed 52773753: rejected (UNSOLVABLE)
  [128/2000] seed 581112771: ACCEPTED (125 moves)
  [129/2000] seed 1187627943: ACCEPTED (121 moves)
  [130/2000] seed 435079857: rejected (INCONCLUSIVE (raise --S / max-states))
  [131/2000] seed 1119235601: ACCEPTED (131 moves)
  [132/2000] seed 683723031: rejected (INCONCLUSIVE (raise --S / max-states))
  [133/2000] seed 888446719: ACCEPTED (133 moves)
  [134/2000] seed 249571382: ACCEPTED (122 moves)
  [135/2000] seed 1673192710: ACCEPTED (124 moves)
  [136/2000] seed 184459144: rejected (INCONCLUSIVE (raise --S / max-states))
  [137/2000] seed 764573298: rejected (INCONCLUSIVE (raise --S / max-states))
  [138/2000] seed 1781581534: ACCEPTED (136 moves)
  [139/2000] seed 761921848: ACCEPTED (143 moves)
  [140/2000] seed 1484600630: ACCEPTED (131 moves)
  [141/2000] seed 287882059: ACCEPTED (122 moves)
  [142/2000] seed 1479802486: ACCEPTED (139 moves)
  [143/2000] seed 362700433: ACCEPTED (141 moves)
  [144/2000] seed 1087718616: ACCEPTED (138 moves)
  [145/2000] seed 1421718726: ACCEPTED (126 moves)
  [146/2000] seed 1371268123: ACCEPTED (151 moves)
  [147/2000] seed 116170493: ACCEPTED (130 moves)
  [148/2000] seed 1244523759: ACCEPTED (123 moves)
  [149/2000] seed 1401960609: ACCEPTED (133 moves)
  [150/2000] seed 1420229676: ACCEPTED (131 moves)
  [151/2000] seed 1583020577: rejected (UNSOLVABLE)
  [152/2000] seed 9617460: ACCEPTED (156 moves)
  [153/2000] seed 130542142: ACCEPTED (125 moves)
  [154/2000] seed 2136139512: ACCEPTED (128 moves)
  [155/2000] seed 38497852: rejected (INCONCLUSIVE (raise --S / max-states))
  [156/2000] seed 1073871751: ACCEPTED (128 moves)
  [157/2000] seed 1860938296: ACCEPTED (138 moves)
  [158/2000] seed 257527339: ACCEPTED (135 moves)
  [159/2000] seed 47442838: ACCEPTED (130 moves)
  [160/2000] seed 634502398: rejected (INCONCLUSIVE (raise --S / max-states))
  [161/2000] seed 1856421524: ACCEPTED (130 moves)
  [162/2000] seed 679475874: rejected (INCONCLUSIVE (raise --S / max-states))
  [163/2000] seed 2112008531: ACCEPTED (128 moves)
  [164/2000] seed 1484524550: ACCEPTED (119 moves)
  [165/2000] seed 1381463140: rejected (INCONCLUSIVE (raise --S / max-states))
  [166/2000] seed 1160714930: ACCEPTED (133 moves)
  [167/2000] seed 1143881033: rejected (INCONCLUSIVE (raise --S / max-states))
  [168/2000] seed 1008010443: ACCEPTED (139 moves)
  [169/2000] seed 1689236497: rejected (INCONCLUSIVE (raise --S / max-states))
  [170/2000] seed 961368772: ACCEPTED (130 moves)
  [171/2000] seed 227802222: ACCEPTED (131 moves)
  [172/2000] seed 841473587: ACCEPTED (133 moves)
  [173/2000] seed 1642255879: ACCEPTED (130 moves)
  [174/2000] seed 1311315271: ACCEPTED (129 moves)
  [175/2000] seed 517140743: ACCEPTED (139 moves)
  [176/2000] seed 440246325: ACCEPTED (137 moves)
  [177/2000] seed 814958663: ACCEPTED (136 moves)
  [178/2000] seed 727042664: rejected (INCONCLUSIVE (raise --S / max-states))
  [179/2000] seed 1227577236: ACCEPTED (127 moves)
  [180/2000] seed 610717426: ACCEPTED (131 moves)
  [181/2000] seed 614501105: rejected (INCONCLUSIVE (raise --S / max-states))
  [182/2000] seed 399421397: ACCEPTED (141 moves)
  [183/2000] seed 627227738: ACCEPTED (139 moves)
  [184/2000] seed 422503774: ACCEPTED (125 moves)
  [185/2000] seed 1094382417: ACCEPTED (129 moves)
  [186/2000] seed 1699841165: ACCEPTED (121 moves)
  [187/2000] seed 933656739: ACCEPTED (138 moves)
  [188/2000] seed 1841768048: rejected (INCONCLUSIVE (raise --S / max-states))
  [189/2000] seed 1916077193: ACCEPTED (134 moves)
  [190/2000] seed 1235270910: ACCEPTED (132 moves)
  [191/2000] seed 530438341: ACCEPTED (131 moves)
  [192/2000] seed 1462293793: rejected (INCONCLUSIVE (raise --S / max-states))
  [193/2000] seed 1074785607: ACCEPTED (123 moves)
  [194/2000] seed 109864389: ACCEPTED (131 moves)
  [195/2000] seed 2081837380: ACCEPTED (141 moves)
  [196/2000] seed 1205149153: ACCEPTED (123 moves)
  [197/2000] seed 2144006261: ACCEPTED (128 moves)
  [198/2000] seed 495203060: rejected (INCONCLUSIVE (raise --S / max-states))
  [199/2000] seed 1992862224: ACCEPTED (137 moves)
  [200/2000] seed 834386403: ACCEPTED (139 moves)
  [201/2000] seed 1256403735: ACCEPTED (142 moves)
  [202/2000] seed 348489033: ACCEPTED (132 moves)
  [203/2000] seed 757163301: ACCEPTED (141 moves)
  [204/2000] seed 1599887770: ACCEPTED (138 moves)
  [205/2000] seed 1834760477: rejected (UNSOLVABLE)
  [206/2000] seed 295037425: rejected (INCONCLUSIVE (raise --S / max-states))
  [207/2000] seed 1896687162: rejected (INCONCLUSIVE (raise --S / max-states))
  [208/2000] seed 1808899197: ACCEPTED (128 moves)
  [209/2000] seed 1618579041: ACCEPTED (130 moves)
  [210/2000] seed 1443940942: ACCEPTED (123 moves)
  [211/2000] seed 915153926: rejected (INCONCLUSIVE (raise --S / max-states))
  [212/2000] seed 1135039526: ACCEPTED (137 moves)
  [213/2000] seed 313832200: rejected (INCONCLUSIVE (raise --S / max-states))
  [214/2000] seed 1355076787: rejected (INCONCLUSIVE (raise --S / max-states))
  [215/2000] seed 1259244623: ACCEPTED (141 moves)
  [216/2000] seed 1555274710: ACCEPTED (124 moves)
  [217/2000] seed 1786025438: ACCEPTED (140 moves)
  [218/2000] seed 1682072310: rejected (INCONCLUSIVE (raise --S / max-states))
  [219/2000] seed 1243942874: ACCEPTED (141 moves)
  [220/2000] seed 1347685961: ACCEPTED (141 moves)
  [221/2000] seed 2142120403: rejected (INCONCLUSIVE (raise --S / max-states))
  [222/2000] seed 1539497664: rejected (INCONCLUSIVE (raise --S / max-states))
  [223/2000] seed 1567340025: ACCEPTED (124 moves)
  [224/2000] seed 417997939: ACCEPTED (128 moves)
  [225/2000] seed 535918482: ACCEPTED (134 moves)
  [226/2000] seed 1746985044: ACCEPTED (127 moves)
  [227/2000] seed 703712871: rejected (INCONCLUSIVE (raise --S / max-states))
  [228/2000] seed 1549774812: ACCEPTED (138 moves)
  [229/2000] seed 1476460477: ACCEPTED (130 moves)
  [230/2000] seed 710632376: ACCEPTED (142 moves)
  [231/2000] seed 1773648791: ACCEPTED (143 moves)
  [232/2000] seed 1845113557: ACCEPTED (137 moves)
  [233/2000] seed 1559757955: rejected (INCONCLUSIVE (raise --S / max-states))
  [234/2000] seed 633497072: rejected (UNSOLVABLE)
  [235/2000] seed 1697465090: rejected (INCONCLUSIVE (raise --S / max-states))
  [236/2000] seed 500596978: ACCEPTED (130 moves)
  [237/2000] seed 2048002682: ACCEPTED (131 moves)
  [238/2000] seed 1739856075: rejected (INCONCLUSIVE (raise --S / max-states))
  [239/2000] seed 2067320250: ACCEPTED (119 moves)
  [240/2000] seed 294136230: ACCEPTED (121 moves)
  [241/2000] seed 1251899287: rejected (INCONCLUSIVE (raise --S / max-states))
  [242/2000] seed 1767531978: rejected (INCONCLUSIVE (raise --S / max-states))
  [243/2000] seed 711128590: rejected (INCONCLUSIVE (raise --S / max-states))
  [244/2000] seed 1175093384: ACCEPTED (128 moves)
  [245/2000] seed 2097796837: ACCEPTED (123 moves)
  [246/2000] seed 1756551167: ACCEPTED (132 moves)
  [247/2000] seed 222935598: ACCEPTED (124 moves)
  [248/2000] seed 1069800521: ACCEPTED (116 moves)
  [249/2000] seed 1806891445: ACCEPTED (135 moves)
  [250/2000] seed 1463702531: rejected (UNSOLVABLE)
  [251/2000] seed 2129169446: rejected (UNSOLVABLE)
  [252/2000] seed 515443855: ACCEPTED (129 moves)
  [253/2000] seed 1003714262: rejected (INCONCLUSIVE (raise --S / max-states))
  [254/2000] seed 1833979135: ACCEPTED (122 moves)
  [255/2000] seed 1560192399: ACCEPTED (135 moves)
  [256/2000] seed 637736333: ACCEPTED (141 moves)
  [257/2000] seed 1105073040: ACCEPTED (139 moves)
  [258/2000] seed 1886181949: ACCEPTED (130 moves)
  [259/2000] seed 702485706: rejected (UNSOLVABLE)
  [260/2000] seed 329071195: rejected (INCONCLUSIVE (raise --S / max-states))
  [261/2000] seed 896383338: ACCEPTED (131 moves)
  [262/2000] seed 707448102: ACCEPTED (134 moves)
  [263/2000] seed 1549343394: ACCEPTED (120 moves)
  [264/2000] seed 1387399074: ACCEPTED (137 moves)
  [265/2000] seed 442935303: rejected (INCONCLUSIVE (raise --S / max-states))
  [266/2000] seed 530710218: ACCEPTED (117 moves)
  [267/2000] seed 184478797: ACCEPTED (133 moves)
  [268/2000] seed 2067127656: ACCEPTED (134 moves)
  [269/2000] seed 482526327: ACCEPTED (133 moves)
  [270/2000] seed 644936239: rejected (INCONCLUSIVE (raise --S / max-states))
  [271/2000] seed 1589478706: ACCEPTED (130 moves)
  [272/2000] seed 1097255366: ACCEPTED (130 moves)
  [273/2000] seed 28819408: rejected (INCONCLUSIVE (raise --S / max-states))
  [274/2000] seed 1209043709: ACCEPTED (131 moves)
  [275/2000] seed 262139333: ACCEPTED (133 moves)
  [276/2000] seed 1587136003: ACCEPTED (137 moves)
  [277/2000] seed 1109340747: ACCEPTED (127 moves)
  [278/2000] seed 1327383943: ACCEPTED (139 moves)
  [279/2000] seed 1639134969: ACCEPTED (122 moves)
  [280/2000] seed 254598459: ACCEPTED (138 moves)
  [281/2000] seed 85260039: ACCEPTED (125 moves)
  [282/2000] seed 221654565: ACCEPTED (141 moves)
  [283/2000] seed 1576502631: ACCEPTED (130 moves)
  [284/2000] seed 548134633: ACCEPTED (130 moves)
  [285/2000] seed 976677482: rejected (INCONCLUSIVE (raise --S / max-states))
  [286/2000] seed 2074614838: ACCEPTED (131 moves)
  [287/2000] seed 1312489656: ACCEPTED (134 moves)
  [288/2000] seed 435676129: ACCEPTED (134 moves)
  [289/2000] seed 284491451: ACCEPTED (139 moves)
  [290/2000] seed 473207532: ACCEPTED (114 moves)
  [291/2000] seed 1589096826: rejected (INCONCLUSIVE (raise --S / max-states))
  [292/2000] seed 396804067: rejected (INCONCLUSIVE (raise --S / max-states))
  [293/2000] seed 1366625293: ACCEPTED (143 moves)
  [294/2000] seed 1835257707: ACCEPTED (140 moves)
  [295/2000] seed 511719065: ACCEPTED (124 moves)
  [296/2000] seed 1103709469: rejected (INCONCLUSIVE (raise --S / max-states))
  [297/2000] seed 1789330938: ACCEPTED (145 moves)
  [298/2000] seed 138357879: rejected (INCONCLUSIVE (raise --S / max-states))
  [299/2000] seed 579469833: ACCEPTED (136 moves)
  [300/2000] seed 1414560048: rejected (INCONCLUSIVE (raise --S / max-states))
  [301/2000] seed 1160961009: ACCEPTED (129 moves)
  [302/2000] seed 459580406: ACCEPTED (130 moves)
  [303/2000] seed 211189337: ACCEPTED (134 moves)
  [304/2000] seed 696905812: ACCEPTED (140 moves)
  [305/2000] seed 1792562983: ACCEPTED (124 moves)
  [306/2000] seed 1444547144: ACCEPTED (133 moves)
  [307/2000] seed 1710790515: rejected (UNSOLVABLE)
  [308/2000] seed 1825133707: rejected (INCONCLUSIVE (raise --S / max-states))
  [309/2000] seed 1636646335: rejected (UNSOLVABLE)
  [310/2000] seed 2003943056: ACCEPTED (129 moves)
  [311/2000] seed 1106752312: ACCEPTED (137 moves)
  [312/2000] seed 1867582381: ACCEPTED (124 moves)
  [313/2000] seed 777442595: ACCEPTED (149 moves)
  [314/2000] seed 514274963: rejected (INCONCLUSIVE (raise --S / max-states))
  [315/2000] seed 454205397: ACCEPTED (134 moves)
  [316/2000] seed 2055131027: ACCEPTED (122 moves)
  [317/2000] seed 1419701051: ACCEPTED (132 moves)
  [318/2000] seed 1757702227: ACCEPTED (132 moves)
  [319/2000] seed 951996722: ACCEPTED (125 moves)
  [320/2000] seed 1213278668: ACCEPTED (140 moves)
  [321/2000] seed 205575402: rejected (INCONCLUSIVE (raise --S / max-states))
  [322/2000] seed 76053571: ACCEPTED (135 moves)
  [323/2000] seed 973983695: ACCEPTED (135 moves)
  [324/2000] seed 185122806: ACCEPTED (125 moves)
  [325/2000] seed 1135093474: ACCEPTED (135 moves)
  [326/2000] seed 836738006: rejected (INCONCLUSIVE (raise --S / max-states))
  [327/2000] seed 1965987826: ACCEPTED (126 moves)
  [328/2000] seed 1111410693: rejected (INCONCLUSIVE (raise --S / max-states))
  [329/2000] seed 1932235006: rejected (UNSOLVABLE)
  [330/2000] seed 1066174288: rejected (INCONCLUSIVE (raise --S / max-states))
  [331/2000] seed 848947368: rejected (INCONCLUSIVE (raise --S / max-states))
  [332/2000] seed 232573864: rejected (UNSOLVABLE)
  [333/2000] seed 627419291: rejected (INCONCLUSIVE (raise --S / max-states))
  [334/2000] seed 1368792928: ACCEPTED (141 moves)
  [335/2000] seed 1444239534: ACCEPTED (143 moves)
  [336/2000] seed 1947021526: rejected (INCONCLUSIVE (raise --S / max-states))
  [337/2000] seed 555099501: rejected (INCONCLUSIVE (raise --S / max-states))
  [338/2000] seed 722262214: ACCEPTED (136 moves)
  [339/2000] seed 186440823: ACCEPTED (137 moves)
  [340/2000] seed 1787649151: ACCEPTED (128 moves)
  [341/2000] seed 325641088: ACCEPTED (132 moves)
  [342/2000] seed 88338294: ACCEPTED (131 moves)
  [343/2000] seed 1315267035: ACCEPTED (140 moves)
  [344/2000] seed 1471218337: rejected (INCONCLUSIVE (raise --S / max-states))
  [345/2000] seed 551634554: ACCEPTED (135 moves)
  [346/2000] seed 1302050149: ACCEPTED (130 moves)
  [347/2000] seed 888109654: ACCEPTED (146 moves)
  [348/2000] seed 2139084497: ACCEPTED (129 moves)
  [349/2000] seed 1632274939: rejected (INCONCLUSIVE (raise --S / max-states))
  [350/2000] seed 867820544: ACCEPTED (133 moves)
  [351/2000] seed 1667127167: rejected (INCONCLUSIVE (raise --S / max-states))
  [352/2000] seed 479309156: rejected (INCONCLUSIVE (raise --S / max-states))
  [353/2000] seed 747613888: ACCEPTED (130 moves)
  [354/2000] seed 1952393027: ACCEPTED (133 moves)
  [355/2000] seed 124347842: rejected (INCONCLUSIVE (raise --S / max-states))
  [356/2000] seed 2051624481: ACCEPTED (129 moves)
  [357/2000] seed 297652666: ACCEPTED (121 moves)
  [358/2000] seed 108752061: ACCEPTED (140 moves)
  [359/2000] seed 243804532: ACCEPTED (140 moves)
  [360/2000] seed 201337766: ACCEPTED (121 moves)
  [361/2000] seed 574692639: ACCEPTED (136 moves)
  [362/2000] seed 339258212: ACCEPTED (135 moves)
  [363/2000] seed 692743480: ACCEPTED (133 moves)
  [364/2000] seed 1549515225: rejected (UNSOLVABLE)
  [365/2000] seed 182099535: ACCEPTED (129 moves)
  [366/2000] seed 953127047: ACCEPTED (125 moves)
  [367/2000] seed 1545659053: ACCEPTED (134 moves)
  [368/2000] seed 709601262: ACCEPTED (126 moves)
  [369/2000] seed 507376925: ACCEPTED (127 moves)
  [370/2000] seed 9246761: ACCEPTED (129 moves)
  [371/2000] seed 1191174767: ACCEPTED (124 moves)
  [372/2000] seed 1991226237: ACCEPTED (121 moves)
  [373/2000] seed 1382539669: ACCEPTED (131 moves)
  [374/2000] seed 441931767: ACCEPTED (144 moves)
  [375/2000] seed 1308456760: ACCEPTED (129 moves)
  [376/2000] seed 1738601478: ACCEPTED (119 moves)
  [377/2000] seed 983428363: ACCEPTED (149 moves)
  [378/2000] seed 82417139: ACCEPTED (133 moves)
  [379/2000] seed 1897418585: ACCEPTED (130 moves)
  [380/2000] seed 2135783471: ACCEPTED (152 moves)
  [381/2000] seed 2040348892: ACCEPTED (121 moves)
  [382/2000] seed 1834625063: ACCEPTED (133 moves)
  [383/2000] seed 728490465: ACCEPTED (136 moves)
  [384/2000] seed 1955224752: ACCEPTED (142 moves)
  [385/2000] seed 1238564690: ACCEPTED (140 moves)
  [386/2000] seed 768630517: ACCEPTED (132 moves)
  [387/2000] seed 2013890138: ACCEPTED (124 moves)
  [388/2000] seed 668338343: ACCEPTED (153 moves)
  [389/2000] seed 1579047955: ACCEPTED (126 moves)
  [390/2000] seed 1060614141: rejected (INCONCLUSIVE (raise --S / max-states))
  [391/2000] seed 560479995: rejected (UNSOLVABLE)
  [392/2000] seed 1957643065: ACCEPTED (135 moves)
  [393/2000] seed 524284021: rejected (INCONCLUSIVE (raise --S / max-states))
  [394/2000] seed 1938982716: ACCEPTED (122 moves)
  [395/2000] seed 1747806422: rejected (INCONCLUSIVE (raise --S / max-states))
  [396/2000] seed 1011550345: ACCEPTED (123 moves)
  [397/2000] seed 919711450: ACCEPTED (129 moves)
  [398/2000] seed 2111898475: ACCEPTED (134 moves)
  [399/2000] seed 1312098882: ACCEPTED (127 moves)
  [400/2000] seed 1909316484: ACCEPTED (134 moves)
  [401/2000] seed 1602003743: ACCEPTED (127 moves)
  [402/2000] seed 2121598221: rejected (INCONCLUSIVE (raise --S / max-states))
  [403/2000] seed 270067210: rejected (INCONCLUSIVE (raise --S / max-states))
  [404/2000] seed 112394111: rejected (INCONCLUSIVE (raise --S / max-states))
  [405/2000] seed 1629217236: ACCEPTED (143 moves)
  [406/2000] seed 1101958550: ACCEPTED (130 moves)
  [407/2000] seed 1669642008: ACCEPTED (146 moves)
  [408/2000] seed 933206360: ACCEPTED (133 moves)
  [409/2000] seed 321367102: ACCEPTED (136 moves)
  [410/2000] seed 1907239419: ACCEPTED (133 moves)
  [411/2000] seed 400376704: ACCEPTED (140 moves)
  [412/2000] seed 1004209662: rejected (INCONCLUSIVE (raise --S / max-states))
  [413/2000] seed 1599087149: ACCEPTED (123 moves)
  [414/2000] seed 43908503: ACCEPTED (130 moves)
  [415/2000] seed 882142099: ACCEPTED (138 moves)
  [416/2000] seed 764636136: ACCEPTED (124 moves)
  [417/2000] seed 1922628311: rejected (UNSOLVABLE)
  [418/2000] seed 8873876: rejected (INCONCLUSIVE (raise --S / max-states))
  [419/2000] seed 1899031848: ACCEPTED (122 moves)
  [420/2000] seed 2065277195: ACCEPTED (124 moves)
  [421/2000] seed 1761647097: rejected (INCONCLUSIVE (raise --S / max-states))
  [422/2000] seed 1912013770: ACCEPTED (128 moves)
  [423/2000] seed 314071203: ACCEPTED (127 moves)
  [424/2000] seed 844404896: ACCEPTED (126 moves)
  [425/2000] seed 1821149180: ACCEPTED (135 moves)
  [426/2000] seed 78901096: ACCEPTED (140 moves)
  [427/2000] seed 233197302: rejected (INCONCLUSIVE (raise --S / max-states))
  [428/2000] seed 409705051: rejected (INCONCLUSIVE (raise --S / max-states))
  [429/2000] seed 1889132986: ACCEPTED (133 moves)
  [430/2000] seed 2000921882: ACCEPTED (133 moves)
  [431/2000] seed 562277366: ACCEPTED (130 moves)
  [432/2000] seed 389828422: ACCEPTED (148 moves)
  [433/2000] seed 672457859: ACCEPTED (133 moves)
  [434/2000] seed 1853730372: rejected (INCONCLUSIVE (raise --S / max-states))
  [435/2000] seed 2012289856: ACCEPTED (125 moves)
  [436/2000] seed 972677471: rejected (INCONCLUSIVE (raise --S / max-states))
  [437/2000] seed 1782162621: rejected (INCONCLUSIVE (raise --S / max-states))
  [438/2000] seed 821500255: ACCEPTED (139 moves)
  [439/2000] seed 661394840: ACCEPTED (155 moves)
  [440/2000] seed 2068534563: ACCEPTED (137 moves)
  [441/2000] seed 811521772: ACCEPTED (129 moves)
  [442/2000] seed 2074036010: rejected (INCONCLUSIVE (raise --S / max-states))
  [443/2000] seed 1963785863: rejected (INCONCLUSIVE (raise --S / max-states))
  [444/2000] seed 1690327478: ACCEPTED (124 moves)
  [445/2000] seed 1379363887: ACCEPTED (143 moves)
  [446/2000] seed 1692669621: ACCEPTED (122 moves)
  [447/2000] seed 1724225949: ACCEPTED (121 moves)
  [448/2000] seed 285288466: ACCEPTED (118 moves)
  [449/2000] seed 326489790: ACCEPTED (127 moves)
  [450/2000] seed 644187782: ACCEPTED (135 moves)
  [451/2000] seed 1159798844: ACCEPTED (124 moves)
  [452/2000] seed 738626099: ACCEPTED (125 moves)
  [453/2000] seed 1858200089: ACCEPTED (146 moves)
  [454/2000] seed 1995491578: ACCEPTED (126 moves)
  [455/2000] seed 963347949: ACCEPTED (125 moves)
  [456/2000] seed 649925843: ACCEPTED (120 moves)
  [457/2000] seed 1518039388: ACCEPTED (133 moves)
  [458/2000] seed 372672203: ACCEPTED (135 moves)
  [459/2000] seed 483819922: ACCEPTED (131 moves)
  [460/2000] seed 1916115966: ACCEPTED (142 moves)
  [461/2000] seed 877782140: ACCEPTED (132 moves)
  [462/2000] seed 1409404261: rejected (INCONCLUSIVE (raise --S / max-states))
  [463/2000] seed 263755130: ACCEPTED (125 moves)
  [464/2000] seed 1041098259: rejected (INCONCLUSIVE (raise --S / max-states))
  [465/2000] seed 608557898: rejected (INCONCLUSIVE (raise --S / max-states))
  [466/2000] seed 184413771: rejected (INCONCLUSIVE (raise --S / max-states))
  [467/2000] seed 2015369387: rejected (UNSOLVABLE)
  [468/2000] seed 82381052: ACCEPTED (132 moves)
  [469/2000] seed 1542231643: ACCEPTED (154 moves)
  [470/2000] seed 1433306280: ACCEPTED (130 moves)
  [471/2000] seed 16236231: ACCEPTED (133 moves)
  [472/2000] seed 346765161: rejected (INCONCLUSIVE (raise --S / max-states))
  [473/2000] seed 1294465181: ACCEPTED (122 moves)
  [474/2000] seed 376502689: ACCEPTED (136 moves)
  [475/2000] seed 1903403927: ACCEPTED (140 moves)
  [476/2000] seed 1036404137: ACCEPTED (126 moves)
  [477/2000] seed 1035372144: rejected (INCONCLUSIVE (raise --S / max-states))
  [478/2000] seed 1878880207: ACCEPTED (131 moves)
  [479/2000] seed 868172893: ACCEPTED (123 moves)
  [480/2000] seed 988214107: ACCEPTED (140 moves)
  [481/2000] seed 1007207584: ACCEPTED (142 moves)
  [482/2000] seed 82803221: rejected (INCONCLUSIVE (raise --S / max-states))
  [483/2000] seed 2130368791: ACCEPTED (132 moves)
  [484/2000] seed 1013243617: ACCEPTED (132 moves)
  [485/2000] seed 158074443: rejected (INCONCLUSIVE (raise --S / max-states))
  [486/2000] seed 322331021: ACCEPTED (133 moves)
  [487/2000] seed 1974714030: ACCEPTED (125 moves)
  [488/2000] seed 1115779142: ACCEPTED (128 moves)
  [489/2000] seed 844508369: ACCEPTED (121 moves)
  [490/2000] seed 1169658494: ACCEPTED (139 moves)
  [491/2000] seed 1251304054: ACCEPTED (126 moves)
  [492/2000] seed 385704138: ACCEPTED (132 moves)
  [493/2000] seed 403226854: rejected (INCONCLUSIVE (raise --S / max-states))
  [494/2000] seed 84922364: rejected (INCONCLUSIVE (raise --S / max-states))
  [495/2000] seed 638569287: ACCEPTED (126 moves)
  [496/2000] seed 82745252: ACCEPTED (129 moves)
  [497/2000] seed 629997340: ACCEPTED (144 moves)
  [498/2000] seed 1138101764: rejected (INCONCLUSIVE (raise --S / max-states))
  [499/2000] seed 1999778149: ACCEPTED (134 moves)
  [500/2000] seed 341410428: rejected (INCONCLUSIVE (raise --S / max-states))
  [501/2000] seed 2110663678: rejected (UNSOLVABLE)
  [502/2000] seed 1284047921: ACCEPTED (134 moves)
  [503/2000] seed 574485384: ACCEPTED (125 moves)
  [504/2000] seed 2075386279: ACCEPTED (135 moves)
  [505/2000] seed 734380798: ACCEPTED (136 moves)
  [506/2000] seed 2001339870: ACCEPTED (124 moves)
  [507/2000] seed 358316774: rejected (INCONCLUSIVE (raise --S / max-states))
  [508/2000] seed 633320069: ACCEPTED (126 moves)
  [509/2000] seed 1411568261: ACCEPTED (125 moves)
  [510/2000] seed 841061952: ACCEPTED (140 moves)
  [511/2000] seed 557341244: ACCEPTED (131 moves)
  [512/2000] seed 129783096: ACCEPTED (135 moves)
  [513/2000] seed 791463099: rejected (INCONCLUSIVE (raise --S / max-states))
  [514/2000] seed 480552425: ACCEPTED (123 moves)
  [515/2000] seed 988193797: ACCEPTED (124 moves)
  [516/2000] seed 2133864940: ACCEPTED (138 moves)
  [517/2000] seed 1955538927: ACCEPTED (129 moves)
  [518/2000] seed 1819811237: ACCEPTED (126 moves)
  [519/2000] seed 961495027: ACCEPTED (133 moves)
  [520/2000] seed 1063626362: rejected (INCONCLUSIVE (raise --S / max-states))
  [521/2000] seed 158934427: ACCEPTED (147 moves)
  [522/2000] seed 878096685: ACCEPTED (120 moves)
  [523/2000] seed 438173147: ACCEPTED (130 moves)
  [524/2000] seed 1469221098: rejected (UNSOLVABLE)
  [525/2000] seed 1719154294: ACCEPTED (133 moves)
  [526/2000] seed 1990729556: ACCEPTED (125 moves)
  [527/2000] seed 1309683593: ACCEPTED (152 moves)
  [528/2000] seed 622716374: ACCEPTED (121 moves)
  [529/2000] seed 2050393556: ACCEPTED (118 moves)
  [530/2000] seed 263912596: ACCEPTED (123 moves)
  [531/2000] seed 1219477020: ACCEPTED (122 moves)
  [532/2000] seed 672402517: ACCEPTED (136 moves)
  [533/2000] seed 1598784470: ACCEPTED (125 moves)
  [534/2000] seed 1009285115: ACCEPTED (136 moves)
  [535/2000] seed 1283334274: ACCEPTED (138 moves)
  [536/2000] seed 851349811: rejected (INCONCLUSIVE (raise --S / max-states))
  [537/2000] seed 1501028214: ACCEPTED (146 moves)
  [538/2000] seed 486348859: ACCEPTED (130 moves)
  [539/2000] seed 1995023426: ACCEPTED (122 moves)
  [540/2000] seed 1987074709: ACCEPTED (132 moves)
  [541/2000] seed 1127785081: ACCEPTED (136 moves)
  [542/2000] seed 494690014: ACCEPTED (120 moves)
  [543/2000] seed 1654822310: rejected (INCONCLUSIVE (raise --S / max-states))
  [544/2000] seed 680705005: ACCEPTED (138 moves)
  [545/2000] seed 1383245648: ACCEPTED (145 moves)
  [546/2000] seed 830977608: rejected (INCONCLUSIVE (raise --S / max-states))
  [547/2000] seed 1402094070: ACCEPTED (140 moves)
  [548/2000] seed 1356272423: ACCEPTED (130 moves)
  [549/2000] seed 393895819: rejected (UNSOLVABLE)
  [550/2000] seed 851664962: rejected (INCONCLUSIVE (raise --S / max-states))
  [551/2000] seed 1671547205: ACCEPTED (141 moves)
  [552/2000] seed 1843561036: ACCEPTED (137 moves)
  [553/2000] seed 277786050: ACCEPTED (137 moves)
  [554/2000] seed 112518998: ACCEPTED (131 moves)
  [555/2000] seed 1296883440: rejected (INCONCLUSIVE (raise --S / max-states))
  [556/2000] seed 507274520: rejected (INCONCLUSIVE (raise --S / max-states))
  [557/2000] seed 1636569995: ACCEPTED (128 moves)
  [558/2000] seed 1476266878: ACCEPTED (126 moves)
  [559/2000] seed 2095931661: ACCEPTED (141 moves)
  [560/2000] seed 1542198138: ACCEPTED (132 moves)
  [561/2000] seed 1037583559: ACCEPTED (139 moves)
  [562/2000] seed 258297269: ACCEPTED (139 moves)
  [563/2000] seed 295813943: ACCEPTED (138 moves)
  [564/2000] seed 941927192: ACCEPTED (133 moves)
  [565/2000] seed 33655331: ACCEPTED (149 moves)
  [566/2000] seed 1015003888: rejected (INCONCLUSIVE (raise --S / max-states))
  [567/2000] seed 831387627: ACCEPTED (133 moves)
  [568/2000] seed 1423809540: rejected (INCONCLUSIVE (raise --S / max-states))
  [569/2000] seed 1181614161: ACCEPTED (128 moves)
  [570/2000] seed 1439365003: ACCEPTED (130 moves)
  [571/2000] seed 1243179795: ACCEPTED (134 moves)
  [572/2000] seed 1564375338: ACCEPTED (129 moves)
  [573/2000] seed 89378057: ACCEPTED (140 moves)
  [574/2000] seed 421800867: ACCEPTED (129 moves)
  [575/2000] seed 948192631: ACCEPTED (120 moves)
  [576/2000] seed 1689807075: rejected (INCONCLUSIVE (raise --S / max-states))
  [577/2000] seed 223933252: ACCEPTED (140 moves)
  [578/2000] seed 1748756777: ACCEPTED (127 moves)
  [579/2000] seed 663046042: ACCEPTED (140 moves)
  [580/2000] seed 1338114556: ACCEPTED (145 moves)
  [581/2000] seed 1157486339: ACCEPTED (136 moves)
  [582/2000] seed 875355005: rejected (INCONCLUSIVE (raise --S / max-states))
  [583/2000] seed 1149840031: ACCEPTED (125 moves)
  [584/2000] seed 106602798: ACCEPTED (141 moves)
  [585/2000] seed 1830009507: ACCEPTED (136 moves)
  [586/2000] seed 104370301: ACCEPTED (132 moves)
  [587/2000] seed 681105254: ACCEPTED (135 moves)
  [588/2000] seed 334822856: rejected (INCONCLUSIVE (raise --S / max-states))
  [589/2000] seed 326910329: rejected (INCONCLUSIVE (raise --S / max-states))
  [590/2000] seed 2112013795: ACCEPTED (132 moves)
  [591/2000] seed 999190213: ACCEPTED (124 moves)
  [592/2000] seed 282435925: rejected (INCONCLUSIVE (raise --S / max-states))
  [593/2000] seed 771006907: ACCEPTED (129 moves)
  [594/2000] seed 1471119438: rejected (INCONCLUSIVE (raise --S / max-states))
  [595/2000] seed 781678444: ACCEPTED (131 moves)
  [596/2000] seed 579363412: ACCEPTED (137 moves)
  [597/2000] seed 1858554799: ACCEPTED (130 moves)
  [598/2000] seed 1901209149: ACCEPTED (139 moves)
  [599/2000] seed 436279114: ACCEPTED (132 moves)
  [600/2000] seed 1552155766: rejected (INCONCLUSIVE (raise --S / max-states))
  [601/2000] seed 1325781949: ACCEPTED (134 moves)
  [602/2000] seed 829957237: ACCEPTED (137 moves)
  [603/2000] seed 1749181080: ACCEPTED (135 moves)
  [604/2000] seed 1400202260: rejected (INCONCLUSIVE (raise --S / max-states))
  [605/2000] seed 1026029071: ACCEPTED (118 moves)
  [606/2000] seed 1430254295: ACCEPTED (122 moves)
  [607/2000] seed 1604459262: ACCEPTED (135 moves)
  [608/2000] seed 1404402205: rejected (INCONCLUSIVE (raise --S / max-states))
  [609/2000] seed 1677882145: rejected (INCONCLUSIVE (raise --S / max-states))
  [610/2000] seed 22210015: ACCEPTED (116 moves)
  [611/2000] seed 1364668906: ACCEPTED (122 moves)
  [612/2000] seed 115217357: ACCEPTED (132 moves)
  [613/2000] seed 518580320: rejected (UNSOLVABLE)
  [614/2000] seed 383247135: rejected (INCONCLUSIVE (raise --S / max-states))
  [615/2000] seed 688496032: ACCEPTED (121 moves)
  [616/2000] seed 657455602: ACCEPTED (133 moves)
  [617/2000] seed 2116935289: ACCEPTED (132 moves)
  [618/2000] seed 1433331649: rejected (INCONCLUSIVE (raise --S / max-states))
  [619/2000] seed 306285725: ACCEPTED (126 moves)
  [620/2000] seed 1287847715: ACCEPTED (142 moves)
  [621/2000] seed 1865249242: ACCEPTED (133 moves)
  [622/2000] seed 542657440: ACCEPTED (139 moves)
  [623/2000] seed 1453248398: ACCEPTED (137 moves)
  [624/2000] seed 1747167716: ACCEPTED (138 moves)
  [625/2000] seed 1857742962: ACCEPTED (126 moves)
  [626/2000] seed 1074755494: ACCEPTED (137 moves)
  [627/2000] seed 1836499360: rejected (INCONCLUSIVE (raise --S / max-states))
  [628/2000] seed 1684274625: rejected (INCONCLUSIVE (raise --S / max-states))
  [629/2000] seed 757413001: ACCEPTED (125 moves)
  [630/2000] seed 991991614: rejected (INCONCLUSIVE (raise --S / max-states))
  [631/2000] seed 1269626882: ACCEPTED (125 moves)
  [632/2000] seed 556441266: ACCEPTED (144 moves)
  [633/2000] seed 1852494478: ACCEPTED (130 moves)
  [634/2000] seed 584853483: ACCEPTED (136 moves)
  [635/2000] seed 2035754931: ACCEPTED (143 moves)
  [636/2000] seed 1105389184: ACCEPTED (124 moves)
  [637/2000] seed 1715914803: ACCEPTED (124 moves)
  [638/2000] seed 1494176412: rejected (TIMEOUT)
  [639/2000] seed 2011123301: ACCEPTED (140 moves)
  [640/2000] seed 425261165: ACCEPTED (129 moves)
  [641/2000] seed 1067125255: ACCEPTED (130 moves)
  [642/2000] seed 224327072: ACCEPTED (144 moves)
  [643/2000] seed 1369028291: ACCEPTED (140 moves)
  [644/2000] seed 1638516564: ACCEPTED (133 moves)
  [645/2000] seed 432040106: ACCEPTED (139 moves)
  [646/2000] seed 2144335854: ACCEPTED (121 moves)
  [647/2000] seed 641429627: ACCEPTED (136 moves)
  [648/2000] seed 21528868: ACCEPTED (133 moves)
  [649/2000] seed 1356680688: rejected (UNSOLVABLE)
  [650/2000] seed 1551829635: rejected (INCONCLUSIVE (raise --S / max-states))
  [651/2000] seed 1479012554: ACCEPTED (121 moves)
  [652/2000] seed 181747702: ACCEPTED (121 moves)
  [653/2000] seed 1324688807: ACCEPTED (119 moves)
  [654/2000] seed 427764368: ACCEPTED (123 moves)
  [655/2000] seed 1602060350: ACCEPTED (124 moves)
  [656/2000] seed 554240890: ACCEPTED (145 moves)
  [657/2000] seed 78436063: ACCEPTED (130 moves)
  [658/2000] seed 1993077030: rejected (INCONCLUSIVE (raise --S / max-states))
  [659/2000] seed 2041192512: ACCEPTED (131 moves)
  [660/2000] seed 308979744: ACCEPTED (129 moves)
  [661/2000] seed 346656116: ACCEPTED (135 moves)
  [662/2000] seed 1871274134: ACCEPTED (135 moves)
  [663/2000] seed 1875485256: ACCEPTED (130 moves)
  [664/2000] seed 1330764885: ACCEPTED (126 moves)
  [665/2000] seed 489535790: ACCEPTED (123 moves)
  [666/2000] seed 597443155: ACCEPTED (176 moves)
  [667/2000] seed 1565896808: rejected (UNSOLVABLE)
  [668/2000] seed 397567798: ACCEPTED (146 moves)
  [669/2000] seed 1876972268: ACCEPTED (116 moves)
  [670/2000] seed 2061783895: ACCEPTED (162 moves)
  [671/2000] seed 1766647142: ACCEPTED (130 moves)
  [672/2000] seed 877882521: ACCEPTED (134 moves)
  [673/2000] seed 608469448: ACCEPTED (136 moves)
  [674/2000] seed 90450538: rejected (INCONCLUSIVE (raise --S / max-states))
  [675/2000] seed 1676359204: ACCEPTED (121 moves)
  [676/2000] seed 1275698298: rejected (INCONCLUSIVE (raise --S / max-states))
  [677/2000] seed 611821416: rejected (INCONCLUSIVE (raise --S / max-states))
  [678/2000] seed 1758157614: rejected (INCONCLUSIVE (raise --S / max-states))
  [679/2000] seed 2139204042: rejected (UNSOLVABLE)
  [680/2000] seed 1777551672: ACCEPTED (126 moves)
  [681/2000] seed 1364171809: ACCEPTED (127 moves)
  [682/2000] seed 161193051: ACCEPTED (143 moves)
  [683/2000] seed 2123498030: ACCEPTED (131 moves)
  [684/2000] seed 180567341: ACCEPTED (120 moves)
  [685/2000] seed 1980338974: ACCEPTED (122 moves)
  [686/2000] seed 682080368: ACCEPTED (142 moves)
  [687/2000] seed 1878112078: ACCEPTED (141 moves)
  [688/2000] seed 731525122: ACCEPTED (137 moves)
  [689/2000] seed 139610751: ACCEPTED (148 moves)
  [690/2000] seed 173805125: ACCEPTED (120 moves)
  [691/2000] seed 417424983: ACCEPTED (130 moves)
  [692/2000] seed 614265268: ACCEPTED (138 moves)
  [693/2000] seed 1044982530: ACCEPTED (131 moves)
  [694/2000] seed 527635634: ACCEPTED (142 moves)
  [695/2000] seed 2126756419: ACCEPTED (128 moves)
  [696/2000] seed 1465663141: ACCEPTED (131 moves)
  [697/2000] seed 1900869755: ACCEPTED (147 moves)
  [698/2000] seed 1614274674: ACCEPTED (127 moves)
  [699/2000] seed 251436069: rejected (INCONCLUSIVE (raise --S / max-states))
  [700/2000] seed 2014375048: ACCEPTED (131 moves)
  [701/2000] seed 1973200722: ACCEPTED (134 moves)
  [702/2000] seed 105420059: ACCEPTED (138 moves)
  [703/2000] seed 1867449666: ACCEPTED (142 moves)
  [704/2000] seed 1615793874: ACCEPTED (124 moves)
  [705/2000] seed 753460538: ACCEPTED (139 moves)
  [706/2000] seed 1154291511: rejected (UNSOLVABLE)
  [707/2000] seed 1783499743: ACCEPTED (134 moves)
  [708/2000] seed 1900012592: rejected (INCONCLUSIVE (raise --S / max-states))
  [709/2000] seed 256814923: ACCEPTED (140 moves)
  [710/2000] seed 1499813516: rejected (INCONCLUSIVE (raise --S / max-states))
  [711/2000] seed 1158609234: ACCEPTED (133 moves)
  [712/2000] seed 1248815940: ACCEPTED (132 moves)
  [713/2000] seed 1660031204: rejected (INCONCLUSIVE (raise --S / max-states))
  [714/2000] seed 711956439: ACCEPTED (124 moves)
  [715/2000] seed 1691317012: rejected (INCONCLUSIVE (raise --S / max-states))
  [716/2000] seed 1259906389: rejected (INCONCLUSIVE (raise --S / max-states))
  [717/2000] seed 1959526420: ACCEPTED (130 moves)
  [718/2000] seed 1499552468: rejected (INCONCLUSIVE (raise --S / max-states))
  [719/2000] seed 799404259: ACCEPTED (119 moves)
  [720/2000] seed 2091670714: rejected (INCONCLUSIVE (raise --S / max-states))
  [721/2000] seed 200286462: ACCEPTED (155 moves)
  [722/2000] seed 84593323: ACCEPTED (129 moves)
  [723/2000] seed 2079303061: ACCEPTED (140 moves)
  [724/2000] seed 733608998: ACCEPTED (140 moves)
  [725/2000] seed 825021669: ACCEPTED (121 moves)
  [726/2000] seed 13145753: ACCEPTED (140 moves)
  [727/2000] seed 1134013145: rejected (UNSOLVABLE)
  [728/2000] seed 161434306: rejected (INCONCLUSIVE (raise --S / max-states))
  [729/2000] seed 461982537: ACCEPTED (137 moves)
  [730/2000] seed 310752608: ACCEPTED (116 moves)
  [731/2000] seed 868838428: rejected (INCONCLUSIVE (raise --S / max-states))
  [732/2000] seed 1395478980: ACCEPTED (138 moves)
  [733/2000] seed 1748882199: ACCEPTED (129 moves)
  [734/2000] seed 1365417245: rejected (INCONCLUSIVE (raise --S / max-states))
  [735/2000] seed 1459431104: ACCEPTED (128 moves)
  [736/2000] seed 2076138258: ACCEPTED (139 moves)
  [737/2000] seed 1875585497: ACCEPTED (131 moves)
  [738/2000] seed 974242786: ACCEPTED (136 moves)
  [739/2000] seed 1087917749: ACCEPTED (126 moves)
  [740/2000] seed 1316234446: ACCEPTED (137 moves)
  [741/2000] seed 995708286: ACCEPTED (146 moves)
  [742/2000] seed 1633782342: rejected (INCONCLUSIVE (raise --S / max-states))
  [743/2000] seed 1350917560: ACCEPTED (138 moves)
  [744/2000] seed 1404481254: ACCEPTED (133 moves)
  [745/2000] seed 1503613293: rejected (INCONCLUSIVE (raise --S / max-states))
  [746/2000] seed 1039290895: rejected (INCONCLUSIVE (raise --S / max-states))
  [747/2000] seed 1971117174: ACCEPTED (130 moves)
  [748/2000] seed 1708879372: rejected (INCONCLUSIVE (raise --S / max-states))
  [749/2000] seed 1239269653: ACCEPTED (128 moves)
  [750/2000] seed 1560315410: rejected (INCONCLUSIVE (raise --S / max-states))
  [751/2000] seed 86445961: ACCEPTED (120 moves)
  [752/2000] seed 476768751: ACCEPTED (116 moves)
  [753/2000] seed 301395871: ACCEPTED (135 moves)
  [754/2000] seed 421372182: ACCEPTED (130 moves)
  [755/2000] seed 604071956: ACCEPTED (146 moves)
  [756/2000] seed 337983556: ACCEPTED (123 moves)
  [757/2000] seed 575899206: rejected (INCONCLUSIVE (raise --S / max-states))
  [758/2000] seed 1459598753: ACCEPTED (132 moves)
  [759/2000] seed 1415141779: ACCEPTED (130 moves)
  [760/2000] seed 1691724549: ACCEPTED (126 moves)
  [761/2000] seed 806921379: ACCEPTED (124 moves)
  [762/2000] seed 685360876: ACCEPTED (152 moves)
  [763/2000] seed 864299316: ACCEPTED (128 moves)
  [764/2000] seed 2136380491: ACCEPTED (128 moves)
  [765/2000] seed 1086426287: rejected (INCONCLUSIVE (raise --S / max-states))
  [766/2000] seed 253333791: ACCEPTED (121 moves)
  [767/2000] seed 599225931: ACCEPTED (125 moves)
  [768/2000] seed 1753496265: ACCEPTED (132 moves)
  [769/2000] seed 340753394: ACCEPTED (126 moves)
  [770/2000] seed 2141383550: ACCEPTED (135 moves)
  [771/2000] seed 754700897: ACCEPTED (125 moves)
  [772/2000] seed 776623947: ACCEPTED (147 moves)
  [773/2000] seed 965857013: ACCEPTED (136 moves)
  [774/2000] seed 463434160: ACCEPTED (132 moves)
  [775/2000] seed 810981878: ACCEPTED (123 moves)
  [776/2000] seed 1065050272: ACCEPTED (120 moves)
  [777/2000] seed 1944146432: ACCEPTED (137 moves)
  [778/2000] seed 1810697708: ACCEPTED (129 moves)
  [779/2000] seed 897236055: rejected (INCONCLUSIVE (raise --S / max-states))
  [780/2000] seed 1312387865: ACCEPTED (151 moves)
  [781/2000] seed 342203964: rejected (INCONCLUSIVE (raise --S / max-states))
  [782/2000] seed 1048104738: ACCEPTED (151 moves)
  [783/2000] seed 1773929176: ACCEPTED (131 moves)
  [784/2000] seed 1224186065: ACCEPTED (124 moves)
  [785/2000] seed 1736014755: ACCEPTED (128 moves)
  [786/2000] seed 578416959: ACCEPTED (123 moves)
  [787/2000] seed 660465022: rejected (INCONCLUSIVE (raise --S / max-states))
  [788/2000] seed 1029639524: ACCEPTED (128 moves)
  [789/2000] seed 1268418264: ACCEPTED (120 moves)
  [790/2000] seed 1028322653: ACCEPTED (136 moves)
  [791/2000] seed 246138999: rejected (INCONCLUSIVE (raise --S / max-states))
  [792/2000] seed 829720117: rejected (INCONCLUSIVE (raise --S / max-states))
  [793/2000] seed 843286919: rejected (INCONCLUSIVE (raise --S / max-states))
  [794/2000] seed 1088516932: ACCEPTED (133 moves)
  [795/2000] seed 1289250247: ACCEPTED (130 moves)
  [796/2000] seed 715912026: ACCEPTED (143 moves)
  [797/2000] seed 999051985: ACCEPTED (131 moves)
  [798/2000] seed 1520169727: ACCEPTED (139 moves)
  [799/2000] seed 2037601780: ACCEPTED (133 moves)
  [800/2000] seed 212320356: ACCEPTED (134 moves)
  [801/2000] seed 1841853156: ACCEPTED (133 moves)
  [802/2000] seed 1573324087: ACCEPTED (123 moves)
  [803/2000] seed 862631359: ACCEPTED (132 moves)
  [804/2000] seed 1183314310: ACCEPTED (132 moves)
  [805/2000] seed 1088245276: rejected (INCONCLUSIVE (raise --S / max-states))
  [806/2000] seed 54402707: rejected (INCONCLUSIVE (raise --S / max-states))
  [807/2000] seed 2132578775: ACCEPTED (126 moves)
  [808/2000] seed 959993956: rejected (INCONCLUSIVE (raise --S / max-states))
  [809/2000] seed 96454111: ACCEPTED (140 moves)
  [810/2000] seed 472100705: rejected (INCONCLUSIVE (raise --S / max-states))
  [811/2000] seed 1091961626: ACCEPTED (126 moves)
  [812/2000] seed 2114251883: ACCEPTED (121 moves)
  [813/2000] seed 1254155574: ACCEPTED (131 moves)
  [814/2000] seed 1491477348: ACCEPTED (141 moves)
  [815/2000] seed 1899404160: rejected (INCONCLUSIVE (raise --S / max-states))
  [816/2000] seed 1486642595: ACCEPTED (133 moves)
  [817/2000] seed 1059452618: ACCEPTED (131 moves)
  [818/2000] seed 872863443: ACCEPTED (157 moves)
  [819/2000] seed 880308067: ACCEPTED (127 moves)
  [820/2000] seed 502983689: rejected (INCONCLUSIVE (raise --S / max-states))
  [821/2000] seed 549327575: ACCEPTED (128 moves)
  [822/2000] seed 1477855798: ACCEPTED (131 moves)
  [823/2000] seed 225554154: ACCEPTED (133 moves)
  [824/2000] seed 1296775085: ACCEPTED (130 moves)
  [825/2000] seed 942309997: ACCEPTED (131 moves)
  [826/2000] seed 74141683: rejected (INCONCLUSIVE (raise --S / max-states))
  [827/2000] seed 196388147: ACCEPTED (126 moves)
  [828/2000] seed 1938597351: ACCEPTED (137 moves)
  [829/2000] seed 1847731883: ACCEPTED (123 moves)
  [830/2000] seed 810524354: ACCEPTED (153 moves)
  [831/2000] seed 825814283: ACCEPTED (127 moves)
  [832/2000] seed 1835726495: ACCEPTED (143 moves)
  [833/2000] seed 1025569553: ACCEPTED (127 moves)
  [834/2000] seed 1918443479: rejected (INCONCLUSIVE (raise --S / max-states))
  [835/2000] seed 1453675976: rejected (INCONCLUSIVE (raise --S / max-states))
  [836/2000] seed 280836238: ACCEPTED (116 moves)
  [837/2000] seed 1831300736: rejected (UNSOLVABLE)
  [838/2000] seed 2056223026: ACCEPTED (139 moves)
  [839/2000] seed 250692909: ACCEPTED (132 moves)
  [840/2000] seed 9189556: ACCEPTED (135 moves)
  [841/2000] seed 1633297506: ACCEPTED (132 moves)
  [842/2000] seed 464615480: ACCEPTED (120 moves)
  [843/2000] seed 1166590152: ACCEPTED (139 moves)
  [844/2000] seed 680655896: ACCEPTED (124 moves)
  [845/2000] seed 563844662: ACCEPTED (135 moves)
  [846/2000] seed 1468469792: ACCEPTED (117 moves)
  [847/2000] seed 535323873: ACCEPTED (129 moves)
  [848/2000] seed 1758289250: ACCEPTED (156 moves)
  [849/2000] seed 875869403: rejected (UNSOLVABLE)
  [850/2000] seed 21349528: rejected (INCONCLUSIVE (raise --S / max-states))
  [851/2000] seed 1872918356: ACCEPTED (142 moves)
  [852/2000] seed 1529493449: ACCEPTED (126 moves)
  [853/2000] seed 1166715449: ACCEPTED (134 moves)
  [854/2000] seed 249146751: ACCEPTED (131 moves)
  [855/2000] seed 1419873623: rejected (INCONCLUSIVE (raise --S / max-states))
  [856/2000] seed 36089291: ACCEPTED (128 moves)
  [857/2000] seed 681850633: ACCEPTED (129 moves)
  [858/2000] seed 788909653: ACCEPTED (122 moves)
  [859/2000] seed 1559684736: ACCEPTED (129 moves)
  [860/2000] seed 1846075465: rejected (INCONCLUSIVE (raise --S / max-states))
  [861/2000] seed 850687784: ACCEPTED (130 moves)
  [862/2000] seed 1629325028: ACCEPTED (135 moves)
  [863/2000] seed 849449680: ACCEPTED (132 moves)
  [864/2000] seed 1574234848: ACCEPTED (143 moves)
  [865/2000] seed 424912783: rejected (INCONCLUSIVE (raise --S / max-states))
  [866/2000] seed 910510492: ACCEPTED (136 moves)
  [867/2000] seed 1744344430: ACCEPTED (135 moves)
  [868/2000] seed 754216255: ACCEPTED (127 moves)
  [869/2000] seed 705020207: ACCEPTED (126 moves)
  [870/2000] seed 666118570: ACCEPTED (129 moves)
  [871/2000] seed 1173116485: ACCEPTED (127 moves)
  [872/2000] seed 1520667667: ACCEPTED (144 moves)
  [873/2000] seed 1715457410: ACCEPTED (146 moves)
  [874/2000] seed 780743479: ACCEPTED (131 moves)
  [875/2000] seed 416051376: ACCEPTED (134 moves)
  [876/2000] seed 2089314673: ACCEPTED (138 moves)
  [877/2000] seed 407005434: ACCEPTED (137 moves)
  [878/2000] seed 1057161271: ACCEPTED (145 moves)
  [879/2000] seed 557402188: ACCEPTED (125 moves)
  [880/2000] seed 1187048523: ACCEPTED (133 moves)
  [881/2000] seed 2058916911: rejected (INCONCLUSIVE (raise --S / max-states))
  [882/2000] seed 1969240365: ACCEPTED (134 moves)
  [883/2000] seed 1033615213: ACCEPTED (133 moves)
  [884/2000] seed 1286695479: rejected (INCONCLUSIVE (raise --S / max-states))
  [885/2000] seed 1494207763: ACCEPTED (135 moves)
  [886/2000] seed 118961267: rejected (UNSOLVABLE)
  [887/2000] seed 531164664: ACCEPTED (133 moves)
  [888/2000] seed 1931770555: ACCEPTED (125 moves)
  [889/2000] seed 1684211472: ACCEPTED (137 moves)
  [890/2000] seed 1512444988: ACCEPTED (129 moves)
  [891/2000] seed 128115576: ACCEPTED (125 moves)
  [892/2000] seed 495157307: rejected (INCONCLUSIVE (raise --S / max-states))
  [893/2000] seed 876394939: ACCEPTED (125 moves)
  [894/2000] seed 396812512: ACCEPTED (140 moves)
  [895/2000] seed 1092357370: ACCEPTED (132 moves)
  [896/2000] seed 970570072: ACCEPTED (182 moves)
  [897/2000] seed 564784356: ACCEPTED (133 moves)
  [898/2000] seed 1397377516: ACCEPTED (124 moves)
  [899/2000] seed 2084545969: ACCEPTED (136 moves)
  [900/2000] seed 1364078013: ACCEPTED (135 moves)
  [901/2000] seed 1616999431: rejected (UNSOLVABLE)
  [902/2000] seed 1176783318: rejected (INCONCLUSIVE (raise --S / max-states))
  [903/2000] seed 472296438: ACCEPTED (124 moves)
  [904/2000] seed 648749606: ACCEPTED (131 moves)
  [905/2000] seed 1081448377: ACCEPTED (122 moves)
  [906/2000] seed 1517471016: rejected (UNSOLVABLE)
  [907/2000] seed 828671905: ACCEPTED (124 moves)
  [908/2000] seed 1021800516: ACCEPTED (154 moves)
  [909/2000] seed 426792335: ACCEPTED (136 moves)
  [910/2000] seed 1241786744: ACCEPTED (154 moves)
  [911/2000] seed 1828690631: rejected (INCONCLUSIVE (raise --S / max-states))
  [912/2000] seed 1736724691: ACCEPTED (125 moves)
  [913/2000] seed 1665065041: ACCEPTED (127 moves)
  [914/2000] seed 7472947: rejected (INCONCLUSIVE (raise --S / max-states))
  [915/2000] seed 1835178508: rejected (INCONCLUSIVE (raise --S / max-states))
  [916/2000] seed 2110978380: rejected (UNSOLVABLE)
  [917/2000] seed 1154186617: rejected (INCONCLUSIVE (raise --S / max-states))
  [918/2000] seed 1856930487: ACCEPTED (152 moves)
  [919/2000] seed 791505512: rejected (INCONCLUSIVE (raise --S / max-states))
  [920/2000] seed 488255812: rejected (INCONCLUSIVE (raise --S / max-states))
  [921/2000] seed 1711356562: ACCEPTED (119 moves)
  [922/2000] seed 1371963401: ACCEPTED (128 moves)
  [923/2000] seed 618637704: ACCEPTED (128 moves)
  [924/2000] seed 226798647: ACCEPTED (142 moves)
  [925/2000] seed 206064006: rejected (INCONCLUSIVE (raise --S / max-states))
  [926/2000] seed 549026061: ACCEPTED (131 moves)
  [927/2000] seed 588879077: ACCEPTED (131 moves)
  [928/2000] seed 444252356: rejected (INCONCLUSIVE (raise --S / max-states))
  [929/2000] seed 55426765: ACCEPTED (121 moves)
  [930/2000] seed 2119882554: rejected (INCONCLUSIVE (raise --S / max-states))
  [931/2000] seed 1619470447: ACCEPTED (139 moves)
  [932/2000] seed 1667287609: ACCEPTED (130 moves)
  [933/2000] seed 676149584: ACCEPTED (129 moves)
  [934/2000] seed 1110065063: ACCEPTED (134 moves)
  [935/2000] seed 1056646591: ACCEPTED (124 moves)
  [936/2000] seed 1699711064: ACCEPTED (126 moves)
  [937/2000] seed 81568237: ACCEPTED (129 moves)
  [938/2000] seed 201231277: ACCEPTED (123 moves)
  [939/2000] seed 238968757: ACCEPTED (132 moves)
  [940/2000] seed 156093486: ACCEPTED (120 moves)
  [941/2000] seed 1817076650: ACCEPTED (127 moves)
  [942/2000] seed 1739802923: ACCEPTED (125 moves)
  [943/2000] seed 1499809922: ACCEPTED (143 moves)
  [944/2000] seed 220296590: ACCEPTED (126 moves)
  [945/2000] seed 228343961: ACCEPTED (130 moves)
  [946/2000] seed 1188277634: ACCEPTED (134 moves)
  [947/2000] seed 1381895894: ACCEPTED (136 moves)
  [948/2000] seed 1328197162: ACCEPTED (126 moves)
  [949/2000] seed 1051598703: ACCEPTED (138 moves)
  [950/2000] seed 1563865520: ACCEPTED (134 moves)
  [951/2000] seed 805288778: ACCEPTED (135 moves)
  [952/2000] seed 2114062498: rejected (INCONCLUSIVE (raise --S / max-states))
  [953/2000] seed 107379025: ACCEPTED (137 moves)
  [954/2000] seed 1904357382: ACCEPTED (129 moves)
  [955/2000] seed 1237815002: ACCEPTED (127 moves)
  [956/2000] seed 1935153067: ACCEPTED (131 moves)
  [957/2000] seed 1504572556: ACCEPTED (122 moves)
  [958/2000] seed 1558768865: ACCEPTED (123 moves)
  [959/2000] seed 644705917: ACCEPTED (137 moves)
  [960/2000] seed 1600815902: ACCEPTED (121 moves)
  [961/2000] seed 558647467: ACCEPTED (145 moves)
  [962/2000] seed 1805787090: ACCEPTED (122 moves)
  [963/2000] seed 207418767: ACCEPTED (126 moves)
  [964/2000] seed 840183480: rejected (INCONCLUSIVE (raise --S / max-states))
  [965/2000] seed 1984765522: ACCEPTED (127 moves)
  [966/2000] seed 230768175: ACCEPTED (131 moves)
  [967/2000] seed 162673467: rejected (TIMEOUT)
  [968/2000] seed 1277037253: ACCEPTED (129 moves)
  [969/2000] seed 1323503029: ACCEPTED (130 moves)
  [970/2000] seed 114155139: ACCEPTED (116 moves)
  [971/2000] seed 2111949237: rejected (INCONCLUSIVE (raise --S / max-states))
  [972/2000] seed 298118314: rejected (INCONCLUSIVE (raise --S / max-states))
  [973/2000] seed 1442386695: rejected (INCONCLUSIVE (raise --S / max-states))
  [974/2000] seed 166199170: ACCEPTED (128 moves)
  [975/2000] seed 44917392: ACCEPTED (136 moves)
  [976/2000] seed 611329409: ACCEPTED (134 moves)
  [977/2000] seed 1043899315: ACCEPTED (133 moves)
  [978/2000] seed 1334812159: ACCEPTED (132 moves)
  [979/2000] seed 69134101: ACCEPTED (136 moves)
  [980/2000] seed 1229650287: ACCEPTED (139 moves)
  [981/2000] seed 468523772: ACCEPTED (127 moves)
  [982/2000] seed 422438206: ACCEPTED (121 moves)
  [983/2000] seed 1604693184: ACCEPTED (126 moves)
  [984/2000] seed 1627717855: rejected (INCONCLUSIVE (raise --S / max-states))
  [985/2000] seed 629258060: ACCEPTED (135 moves)
  [986/2000] seed 525084712: ACCEPTED (137 moves)
  [987/2000] seed 1613983483: ACCEPTED (119 moves)
  [988/2000] seed 151437895: ACCEPTED (121 moves)
  [989/2000] seed 229426236: ACCEPTED (125 moves)
  [990/2000] seed 2058097339: ACCEPTED (130 moves)
  [991/2000] seed 726271143: ACCEPTED (117 moves)
  [992/2000] seed 1662992491: ACCEPTED (124 moves)
  [993/2000] seed 45937966: rejected (INCONCLUSIVE (raise --S / max-states))
  [994/2000] seed 2066278463: rejected (INCONCLUSIVE (raise --S / max-states))
  [995/2000] seed 784941446: ACCEPTED (127 moves)
  [996/2000] seed 1934873966: rejected (INCONCLUSIVE (raise --S / max-states))
  [997/2000] seed 428555633: ACCEPTED (150 moves)
  [998/2000] seed 1532731497: rejected (INCONCLUSIVE (raise --S / max-states))
  [999/2000] seed 1615093402: rejected (INCONCLUSIVE (raise --S / max-states))
  [1000/2000] seed 1313006804: ACCEPTED (136 moves)
  [1001/2000] seed 2053166112: ACCEPTED (145 moves)
  [1002/2000] seed 2146176276: ACCEPTED (127 moves)
  [1003/2000] seed 56520297: ACCEPTED (130 moves)
  [1004/2000] seed 615499209: ACCEPTED (134 moves)
  [1005/2000] seed 1346957645: ACCEPTED (140 moves)
  [1006/2000] seed 83277359: rejected (INCONCLUSIVE (raise --S / max-states))
  [1007/2000] seed 1965567359: ACCEPTED (136 moves)
  [1008/2000] seed 1425218842: ACCEPTED (124 moves)
  [1009/2000] seed 941422485: ACCEPTED (120 moves)
  [1010/2000] seed 608857227: ACCEPTED (136 moves)
  [1011/2000] seed 412678767: ACCEPTED (139 moves)
  [1012/2000] seed 1698399406: ACCEPTED (137 moves)
  [1013/2000] seed 149373246: ACCEPTED (128 moves)
  [1014/2000] seed 2079799034: ACCEPTED (132 moves)
  [1015/2000] seed 1327891269: ACCEPTED (123 moves)
  [1016/2000] seed 1434325988: ACCEPTED (136 moves)
  [1017/2000] seed 624538806: ACCEPTED (148 moves)
  [1018/2000] seed 1601249326: ACCEPTED (145 moves)
  [1019/2000] seed 349695243: ACCEPTED (131 moves)
  [1020/2000] seed 656152088: ACCEPTED (132 moves)
  [1021/2000] seed 520697128: ACCEPTED (140 moves)
  [1022/2000] seed 690644337: ACCEPTED (130 moves)
  [1023/2000] seed 331892515: ACCEPTED (121 moves)
  [1024/2000] seed 262806535: ACCEPTED (121 moves)
  [1025/2000] seed 77396084: rejected (INCONCLUSIVE (raise --S / max-states))
  [1026/2000] seed 462234303: ACCEPTED (119 moves)
  [1027/2000] seed 1116997256: ACCEPTED (134 moves)
  [1028/2000] seed 520646183: ACCEPTED (119 moves)
  [1029/2000] seed 1890166431: rejected (INCONCLUSIVE (raise --S / max-states))
  [1030/2000] seed 1594519698: rejected (INCONCLUSIVE (raise --S / max-states))
  [1031/2000] seed 86942285: rejected (INCONCLUSIVE (raise --S / max-states))
  [1032/2000] seed 1813819376: ACCEPTED (119 moves)
  [1033/2000] seed 548683214: ACCEPTED (131 moves)
  [1034/2000] seed 613519776: ACCEPTED (130 moves)
  [1035/2000] seed 1266257787: rejected (INCONCLUSIVE (raise --S / max-states))
  [1036/2000] seed 334517: ACCEPTED (117 moves)
  [1037/2000] seed 1980910424: ACCEPTED (122 moves)
  [1038/2000] seed 526765962: ACCEPTED (125 moves)
  [1039/2000] seed 1931196424: ACCEPTED (125 moves)
  [1040/2000] seed 2002446424: ACCEPTED (139 moves)
  [1041/2000] seed 1495193491: ACCEPTED (141 moves)
  [1042/2000] seed 1317560259: ACCEPTED (135 moves)
  [1043/2000] seed 1423027782: ACCEPTED (117 moves)
  [1044/2000] seed 986019187: ACCEPTED (131 moves)
  [1045/2000] seed 475503258: ACCEPTED (123 moves)
  [1046/2000] seed 749813378: ACCEPTED (122 moves)
  [1047/2000] seed 1845053118: ACCEPTED (125 moves)
  [1048/2000] seed 1600886149: rejected (INCONCLUSIVE (raise --S / max-states))
  [1049/2000] seed 1051007109: ACCEPTED (139 moves)
  [1050/2000] seed 1850827340: ACCEPTED (128 moves)
  [1051/2000] seed 91557301: ACCEPTED (133 moves)
  [1052/2000] seed 323474535: rejected (INCONCLUSIVE (raise --S / max-states))
  [1053/2000] seed 829726056: ACCEPTED (121 moves)
  [1054/2000] seed 2075499811: ACCEPTED (131 moves)
  [1055/2000] seed 419139189: rejected (INCONCLUSIVE (raise --S / max-states))
  [1056/2000] seed 570629256: ACCEPTED (134 moves)
  [1057/2000] seed 547459294: ACCEPTED (130 moves)
  [1058/2000] seed 1013200833: ACCEPTED (139 moves)
  [1059/2000] seed 400672627: rejected (INCONCLUSIVE (raise --S / max-states))
  [1060/2000] seed 758024531: ACCEPTED (145 moves)
  [1061/2000] seed 1918585444: rejected (UNSOLVABLE)
  [1062/2000] seed 212204254: rejected (INCONCLUSIVE (raise --S / max-states))
  [1063/2000] seed 1062348311: rejected (INCONCLUSIVE (raise --S / max-states))
  [1064/2000] seed 419620399: rejected (INCONCLUSIVE (raise --S / max-states))
  [1065/2000] seed 1628599970: rejected (INCONCLUSIVE (raise --S / max-states))
  [1066/2000] seed 557614646: rejected (INCONCLUSIVE (raise --S / max-states))
  [1067/2000] seed 1042141866: ACCEPTED (128 moves)
  [1068/2000] seed 844659330: ACCEPTED (151 moves)
  [1069/2000] seed 1083129880: ACCEPTED (137 moves)
  [1070/2000] seed 111761715: ACCEPTED (131 moves)
  [1071/2000] seed 2007369149: ACCEPTED (140 moves)
  [1072/2000] seed 315562320: ACCEPTED (119 moves)
  [1073/2000] seed 661935239: rejected (INCONCLUSIVE (raise --S / max-states))
  [1074/2000] seed 1446414692: ACCEPTED (126 moves)
  [1075/2000] seed 1586353135: ACCEPTED (128 moves)
  [1076/2000] seed 2023171664: rejected (INCONCLUSIVE (raise --S / max-states))
  [1077/2000] seed 331327233: ACCEPTED (132 moves)
  [1078/2000] seed 1373914256: rejected (INCONCLUSIVE (raise --S / max-states))
  [1079/2000] seed 1515713970: ACCEPTED (126 moves)
  [1080/2000] seed 1708888234: ACCEPTED (122 moves)
  [1081/2000] seed 1843257979: ACCEPTED (126 moves)
  [1082/2000] seed 176373838: ACCEPTED (121 moves)
  [1083/2000] seed 1485889162: ACCEPTED (130 moves)
  [1084/2000] seed 938341680: ACCEPTED (131 moves)
  [1085/2000] seed 480970640: rejected (INCONCLUSIVE (raise --S / max-states))
  [1086/2000] seed 1875862069: rejected (INCONCLUSIVE (raise --S / max-states))
  [1087/2000] seed 755082763: rejected (UNSOLVABLE)
  [1088/2000] seed 1069760139: ACCEPTED (123 moves)
  [1089/2000] seed 1321188996: ACCEPTED (122 moves)
  [1090/2000] seed 766731276: ACCEPTED (140 moves)
  [1091/2000] seed 533844132: rejected (INCONCLUSIVE (raise --S / max-states))
  [1092/2000] seed 822596127: ACCEPTED (137 moves)
  [1093/2000] seed 899594554: ACCEPTED (124 moves)
  [1094/2000] seed 926331312: rejected (INCONCLUSIVE (raise --S / max-states))
  [1095/2000] seed 1399423649: ACCEPTED (131 moves)
  [1096/2000] seed 1795343136: ACCEPTED (134 moves)
  [1097/2000] seed 601848362: ACCEPTED (134 moves)
  [1098/2000] seed 1782085281: ACCEPTED (143 moves)
  [1099/2000] seed 1569008877: ACCEPTED (127 moves)
  [1100/2000] seed 1590101662: rejected (INCONCLUSIVE (raise --S / max-states))
  [1101/2000] seed 1947849837: ACCEPTED (137 moves)
  [1102/2000] seed 2124487765: ACCEPTED (133 moves)
  [1103/2000] seed 228399750: ACCEPTED (136 moves)
  [1104/2000] seed 1596113307: ACCEPTED (130 moves)
  [1105/2000] seed 591014086: ACCEPTED (158 moves)
  [1106/2000] seed 352761906: ACCEPTED (128 moves)
  [1107/2000] seed 274765094: ACCEPTED (138 moves)
  [1108/2000] seed 400505977: ACCEPTED (124 moves)
  [1109/2000] seed 2063220832: ACCEPTED (144 moves)
  [1110/2000] seed 1533468747: ACCEPTED (138 moves)
  [1111/2000] seed 569487796: ACCEPTED (128 moves)
  [1112/2000] seed 1257115263: rejected (INCONCLUSIVE (raise --S / max-states))
  [1113/2000] seed 595544559: ACCEPTED (117 moves)
  [1114/2000] seed 791908714: rejected (INCONCLUSIVE (raise --S / max-states))
  [1115/2000] seed 1004532933: ACCEPTED (132 moves)
  [1116/2000] seed 2104415478: ACCEPTED (126 moves)
  [1117/2000] seed 119472737: ACCEPTED (131 moves)
  [1118/2000] seed 1672863489: ACCEPTED (135 moves)
  [1119/2000] seed 53406250: ACCEPTED (163 moves)
  [1120/2000] seed 205940808: ACCEPTED (125 moves)
  [1121/2000] seed 1084760590: ACCEPTED (128 moves)
  [1122/2000] seed 542332638: ACCEPTED (119 moves)
  [1123/2000] seed 936375915: ACCEPTED (131 moves)
  [1124/2000] seed 2130335159: ACCEPTED (128 moves)
  [1125/2000] seed 628471803: ACCEPTED (135 moves)
  [1126/2000] seed 1434722503: rejected (INCONCLUSIVE (raise --S / max-states))
  [1127/2000] seed 446694665: ACCEPTED (122 moves)
  [1128/2000] seed 415897291: ACCEPTED (123 moves)
  [1129/2000] seed 284831481: ACCEPTED (120 moves)
  [1130/2000] seed 2130499477: ACCEPTED (127 moves)
  [1131/2000] seed 1264465381: ACCEPTED (140 moves)
  [1132/2000] seed 747819111: ACCEPTED (127 moves)
  [1133/2000] seed 1230868662: ACCEPTED (130 moves)
  [1134/2000] seed 1118995849: ACCEPTED (125 moves)
  [1135/2000] seed 1171621942: rejected (INCONCLUSIVE (raise --S / max-states))
  [1136/2000] seed 900252090: ACCEPTED (143 moves)
  [1137/2000] seed 1243504388: ACCEPTED (132 moves)
  [1138/2000] seed 442691702: ACCEPTED (143 moves)
  [1139/2000] seed 323158684: ACCEPTED (135 moves)
  [1140/2000] seed 1008129229: ACCEPTED (129 moves)
  [1141/2000] seed 1985797954: ACCEPTED (139 moves)
  [1142/2000] seed 1783566889: ACCEPTED (149 moves)
  [1143/2000] seed 1219215588: rejected (UNSOLVABLE)
  [1144/2000] seed 1340231649: ACCEPTED (124 moves)
  [1145/2000] seed 1059039237: ACCEPTED (119 moves)
  [1146/2000] seed 80406436: ACCEPTED (136 moves)
  [1147/2000] seed 759222510: ACCEPTED (123 moves)
  [1148/2000] seed 981813544: ACCEPTED (131 moves)
  [1149/2000] seed 1850403029: rejected (INCONCLUSIVE (raise --S / max-states))
  [1150/2000] seed 311911115: ACCEPTED (137 moves)
  [1151/2000] seed 1646663206: ACCEPTED (138 moves)
  [1152/2000] seed 129951581: ACCEPTED (123 moves)
  [1153/2000] seed 1260793537: ACCEPTED (116 moves)
  [1154/2000] seed 1688192859: rejected (INCONCLUSIVE (raise --S / max-states))
  [1155/2000] seed 115658220: ACCEPTED (127 moves)
  [1156/2000] seed 2032186397: ACCEPTED (128 moves)
  [1157/2000] seed 1657056001: ACCEPTED (148 moves)
  [1158/2000] seed 415676463: rejected (INCONCLUSIVE (raise --S / max-states))
  [1159/2000] seed 1231360495: ACCEPTED (125 moves)
  [1160/2000] seed 2064577842: rejected (INCONCLUSIVE (raise --S / max-states))
  [1161/2000] seed 270891609: ACCEPTED (121 moves)
  [1162/2000] seed 1723993439: rejected (INCONCLUSIVE (raise --S / max-states))
  [1163/2000] seed 2105393778: ACCEPTED (129 moves)
  [1164/2000] seed 1055405543: ACCEPTED (143 moves)
  [1165/2000] seed 2083125362: ACCEPTED (132 moves)
  [1166/2000] seed 834702165: ACCEPTED (127 moves)
  [1167/2000] seed 145744479: ACCEPTED (124 moves)
  [1168/2000] seed 1353426312: rejected (INCONCLUSIVE (raise --S / max-states))
  [1169/2000] seed 718233984: rejected (INCONCLUSIVE (raise --S / max-states))
  [1170/2000] seed 373223378: ACCEPTED (127 moves)
  [1171/2000] seed 2045193256: rejected (INCONCLUSIVE (raise --S / max-states))
  [1172/2000] seed 39977881: ACCEPTED (134 moves)
  [1173/2000] seed 921869925: ACCEPTED (129 moves)
  [1174/2000] seed 1328023134: ACCEPTED (140 moves)
  [1175/2000] seed 1104992488: ACCEPTED (148 moves)
  [1176/2000] seed 1788632822: rejected (INCONCLUSIVE (raise --S / max-states))
  [1177/2000] seed 581970122: ACCEPTED (133 moves)
  [1178/2000] seed 1157671611: ACCEPTED (155 moves)
  [1179/2000] seed 1582168811: ACCEPTED (131 moves)
  [1180/2000] seed 1168307107: ACCEPTED (133 moves)
  [1181/2000] seed 1346132240: rejected (INCONCLUSIVE (raise --S / max-states))
  [1182/2000] seed 1611533323: ACCEPTED (136 moves)
  [1183/2000] seed 2017030728: ACCEPTED (129 moves)
  [1184/2000] seed 1421272139: ACCEPTED (128 moves)
  [1185/2000] seed 662555030: ACCEPTED (138 moves)
  [1186/2000] seed 1389266892: rejected (INCONCLUSIVE (raise --S / max-states))
  [1187/2000] seed 284281914: ACCEPTED (135 moves)
  [1188/2000] seed 651193187: ACCEPTED (137 moves)
  [1189/2000] seed 2032840694: ACCEPTED (142 moves)
  [1190/2000] seed 137998272: ACCEPTED (124 moves)
  [1191/2000] seed 614608968: ACCEPTED (126 moves)
  [1192/2000] seed 1710678462: ACCEPTED (125 moves)
  [1193/2000] seed 333301819: rejected (INCONCLUSIVE (raise --S / max-states))
  [1194/2000] seed 2089470652: ACCEPTED (119 moves)
  [1195/2000] seed 2049398026: rejected (INCONCLUSIVE (raise --S / max-states))
  [1196/2000] seed 20953602: ACCEPTED (123 moves)
  [1197/2000] seed 889050389: ACCEPTED (141 moves)
  [1198/2000] seed 1671821713: ACCEPTED (119 moves)
  [1199/2000] seed 1292038878: ACCEPTED (140 moves)
  [1200/2000] seed 1401006817: ACCEPTED (139 moves)
  [1201/2000] seed 15584788: rejected (INCONCLUSIVE (raise --S / max-states))
  [1202/2000] seed 1575337862: ACCEPTED (130 moves)
  [1203/2000] seed 1368795988: ACCEPTED (138 moves)
  [1204/2000] seed 1646282234: ACCEPTED (128 moves)
  [1205/2000] seed 1595995398: ACCEPTED (135 moves)
  [1206/2000] seed 1773512519: ACCEPTED (141 moves)
  [1207/2000] seed 584379599: ACCEPTED (130 moves)
  [1208/2000] seed 1309744325: ACCEPTED (141 moves)
  [1209/2000] seed 416766430: ACCEPTED (159 moves)
  [1210/2000] seed 780884087: rejected (INCONCLUSIVE (raise --S / max-states))
  [1211/2000] seed 348866134: ACCEPTED (142 moves)
  [1212/2000] seed 298930896: ACCEPTED (130 moves)
  [1213/2000] seed 1198945413: ACCEPTED (125 moves)
  [1214/2000] seed 86130583: ACCEPTED (128 moves)
  [1215/2000] seed 1907503356: ACCEPTED (118 moves)
  [1216/2000] seed 2062954760: ACCEPTED (145 moves)
  [1217/2000] seed 1454263824: ACCEPTED (139 moves)
  [1218/2000] seed 1194248369: rejected (UNSOLVABLE)
  [1219/2000] seed 564888913: ACCEPTED (134 moves)
  [1220/2000] seed 734806265: ACCEPTED (136 moves)
  [1221/2000] seed 805679551: ACCEPTED (129 moves)
  [1222/2000] seed 1805715181: ACCEPTED (134 moves)
  [1223/2000] seed 343186533: ACCEPTED (141 moves)
  [1224/2000] seed 1954249095: ACCEPTED (134 moves)
  [1225/2000] seed 806844974: rejected (INCONCLUSIVE (raise --S / max-states))
  [1226/2000] seed 592220012: ACCEPTED (136 moves)
  [1227/2000] seed 762033765: ACCEPTED (140 moves)
  [1228/2000] seed 631504160: ACCEPTED (135 moves)
  [1229/2000] seed 1448537423: ACCEPTED (131 moves)
  [1230/2000] seed 485354797: ACCEPTED (130 moves)
  [1231/2000] seed 863612378: ACCEPTED (133 moves)
  [1232/2000] seed 96633463: ACCEPTED (134 moves)
  [1233/2000] seed 1963743750: ACCEPTED (132 moves)
  [1234/2000] seed 693373226: ACCEPTED (133 moves)
  [1235/2000] seed 206676596: ACCEPTED (136 moves)
  [1236/2000] seed 1354731275: rejected (INCONCLUSIVE (raise --S / max-states))
  [1237/2000] seed 1667097790: ACCEPTED (120 moves)
  [1238/2000] seed 2021174783: rejected (UNSOLVABLE)
  [1239/2000] seed 1218403136: rejected (INCONCLUSIVE (raise --S / max-states))
  [1240/2000] seed 188394937: ACCEPTED (122 moves)
  [1241/2000] seed 84476088: ACCEPTED (132 moves)
  [1242/2000] seed 860736141: rejected (UNSOLVABLE)
  [1243/2000] seed 231210321: ACCEPTED (131 moves)
  [1244/2000] seed 1738498372: ACCEPTED (138 moves)
  [1245/2000] seed 739306005: ACCEPTED (137 moves)
  [1246/2000] seed 1050379566: ACCEPTED (130 moves)
  [1247/2000] seed 112468607: ACCEPTED (130 moves)
  [1248/2000] seed 1358875677: ACCEPTED (127 moves)
  [1249/2000] seed 243834624: rejected (INCONCLUSIVE (raise --S / max-states))
  [1250/2000] seed 1536679110: rejected (INCONCLUSIVE (raise --S / max-states))
  [1251/2000] seed 386241714: rejected (INCONCLUSIVE (raise --S / max-states))
  [1252/2000] seed 201838803: ACCEPTED (121 moves)
  [1253/2000] seed 2101608402: ACCEPTED (121 moves)
  [1254/2000] seed 1485133005: rejected (INCONCLUSIVE (raise --S / max-states))
  [1255/2000] seed 1113470848: rejected (INCONCLUSIVE (raise --S / max-states))
  [1256/2000] seed 2089263229: ACCEPTED (123 moves)
  [1257/2000] seed 588215273: ACCEPTED (139 moves)
  [1258/2000] seed 2006534132: ACCEPTED (128 moves)
  [1259/2000] seed 1972021381: ACCEPTED (131 moves)
  [1260/2000] seed 1697688567: ACCEPTED (123 moves)
  [1261/2000] seed 2010310006: ACCEPTED (118 moves)
  [1262/2000] seed 1086147269: ACCEPTED (132 moves)
  [1263/2000] seed 930491325: ACCEPTED (151 moves)
  [1264/2000] seed 1393703155: ACCEPTED (138 moves)
  [1265/2000] seed 1058049263: ACCEPTED (127 moves)
  [1266/2000] seed 1425414635: ACCEPTED (123 moves)
  [1267/2000] seed 2043697954: ACCEPTED (120 moves)
  [1268/2000] seed 1093103054: rejected (UNSOLVABLE)
  [1269/2000] seed 301318063: ACCEPTED (130 moves)
  [1270/2000] seed 1421437178: ACCEPTED (137 moves)
  [1271/2000] seed 186045527: ACCEPTED (120 moves)
  [1272/2000] seed 1339306828: ACCEPTED (138 moves)
  [1273/2000] seed 1108181525: ACCEPTED (136 moves)
  [1274/2000] seed 11227021: ACCEPTED (134 moves)
  [1275/2000] seed 1719429403: rejected (INCONCLUSIVE (raise --S / max-states))
  [1276/2000] seed 1288759897: rejected (INCONCLUSIVE (raise --S / max-states))
  [1277/2000] seed 1354151972: ACCEPTED (143 moves)
  [1278/2000] seed 219201399: ACCEPTED (128 moves)
  [1279/2000] seed 667348235: ACCEPTED (137 moves)
  [1280/2000] seed 2057891874: ACCEPTED (132 moves)
  [1281/2000] seed 322987949: ACCEPTED (137 moves)
  [1282/2000] seed 1409658969: ACCEPTED (123 moves)
  [1283/2000] seed 800319593: ACCEPTED (134 moves)
  [1284/2000] seed 184709017: rejected (INCONCLUSIVE (raise --S / max-states))
  [1285/2000] seed 1094791449: ACCEPTED (140 moves)
  [1286/2000] seed 416750006: ACCEPTED (149 moves)
  [1287/2000] seed 1090590118: ACCEPTED (141 moves)
  [1288/2000] seed 1716316636: ACCEPTED (147 moves)
  [1289/2000] seed 2033937360: ACCEPTED (130 moves)
  [1290/2000] seed 1095347792: rejected (INCONCLUSIVE (raise --S / max-states))
  [1291/2000] seed 254387400: ACCEPTED (133 moves)
  [1292/2000] seed 1238286163: ACCEPTED (129 moves)
  [1293/2000] seed 1644071339: ACCEPTED (120 moves)
  [1294/2000] seed 2070124724: ACCEPTED (156 moves)
  [1295/2000] seed 1548344406: ACCEPTED (148 moves)
  [1296/2000] seed 630641610: ACCEPTED (142 moves)
  [1297/2000] seed 951542921: ACCEPTED (122 moves)
  [1298/2000] seed 2043029658: ACCEPTED (185 moves)
  [1299/2000] seed 298833984: ACCEPTED (154 moves)
  [1300/2000] seed 1537222794: ACCEPTED (129 moves)
  [1301/2000] seed 161036301: rejected (INCONCLUSIVE (raise --S / max-states))
  [1302/2000] seed 816233197: ACCEPTED (133 moves)
  [1303/2000] seed 858161593: ACCEPTED (118 moves)
  [1304/2000] seed 1806243408: ACCEPTED (120 moves)
  [1305/2000] seed 958059031: ACCEPTED (132 moves)
  [1306/2000] seed 859933219: ACCEPTED (129 moves)
  [1307/2000] seed 577639792: ACCEPTED (135 moves)
  [1308/2000] seed 516916011: rejected (INCONCLUSIVE (raise --S / max-states))
  [1309/2000] seed 1329667161: ACCEPTED (140 moves)
  [1310/2000] seed 693822995: ACCEPTED (153 moves)
  [1311/2000] seed 1857814763: ACCEPTED (122 moves)
  [1312/2000] seed 1681480518: ACCEPTED (137 moves)
  [1313/2000] seed 488798891: ACCEPTED (132 moves)
  [1314/2000] seed 601591230: ACCEPTED (132 moves)
  [1315/2000] seed 1279768444: ACCEPTED (128 moves)
  [1316/2000] seed 1732152770: rejected (INCONCLUSIVE (raise --S / max-states))
  [1317/2000] seed 1328732816: rejected (INCONCLUSIVE (raise --S / max-states))
  [1318/2000] seed 516696051: ACCEPTED (133 moves)
  [1319/2000] seed 1351514592: ACCEPTED (130 moves)
  [1320/2000] seed 839545827: rejected (INCONCLUSIVE (raise --S / max-states))
  [1321/2000] seed 230709123: ACCEPTED (132 moves)
  [1322/2000] seed 1946433397: ACCEPTED (134 moves)
  [1323/2000] seed 682943683: ACCEPTED (144 moves)
  [1324/2000] seed 2091026901: rejected (INCONCLUSIVE (raise --S / max-states))
  [1325/2000] seed 579068971: ACCEPTED (119 moves)
  [1326/2000] seed 2039228462: ACCEPTED (134 moves)
  [1327/2000] seed 1733024585: ACCEPTED (139 moves)
  [1328/2000] seed 1299190773: ACCEPTED (129 moves)
  [1329/2000] seed 2051553401: ACCEPTED (127 moves)
  [1330/2000] seed 1528583983: ACCEPTED (123 moves)
  [1331/2000] seed 239117244: ACCEPTED (128 moves)
  [1332/2000] seed 837377029: ACCEPTED (132 moves)
  [1333/2000] seed 1691616766: ACCEPTED (133 moves)
  [1334/2000] seed 1323633571: ACCEPTED (130 moves)
  [1335/2000] seed 914783538: rejected (INCONCLUSIVE (raise --S / max-states))
  [1336/2000] seed 1142696244: rejected (INCONCLUSIVE (raise --S / max-states))
  [1337/2000] seed 409731461: ACCEPTED (138 moves)
  [1338/2000] seed 1082672371: ACCEPTED (132 moves)
  [1339/2000] seed 379227908: ACCEPTED (129 moves)
  [1340/2000] seed 1461907213: ACCEPTED (127 moves)
  [1341/2000] seed 1278708195: ACCEPTED (155 moves)
  [1342/2000] seed 1007070773: rejected (INCONCLUSIVE (raise --S / max-states))
  [1343/2000] seed 1502913390: ACCEPTED (128 moves)
  [1344/2000] seed 1495467802: ACCEPTED (131 moves)
  [1345/2000] seed 166679222: ACCEPTED (130 moves)
  [1346/2000] seed 57353111: ACCEPTED (114 moves)
  [1347/2000] seed 538672198: ACCEPTED (116 moves)
  [1348/2000] seed 1267694460: ACCEPTED (124 moves)
  [1349/2000] seed 1959157334: ACCEPTED (144 moves)
  [1350/2000] seed 330752196: ACCEPTED (136 moves)
  [1351/2000] seed 1328449267: ACCEPTED (141 moves)
  [1352/2000] seed 989071550: ACCEPTED (139 moves)
  [1353/2000] seed 1303559077: ACCEPTED (149 moves)
  [1354/2000] seed 597213318: ACCEPTED (141 moves)
  [1355/2000] seed 1146814159: ACCEPTED (126 moves)
  [1356/2000] seed 298539440: ACCEPTED (137 moves)
  [1357/2000] seed 102348815: ACCEPTED (120 moves)
  [1358/2000] seed 840980363: ACCEPTED (126 moves)
  [1359/2000] seed 871896400: ACCEPTED (136 moves)
  [1360/2000] seed 1788869349: ACCEPTED (138 moves)
  [1361/2000] seed 263352268: ACCEPTED (137 moves)
  [1362/2000] seed 1363524042: rejected (INCONCLUSIVE (raise --S / max-states))
  [1363/2000] seed 563607819: ACCEPTED (131 moves)
  [1364/2000] seed 2019423361: rejected (INCONCLUSIVE (raise --S / max-states))
  [1365/2000] seed 1578414504: rejected (INCONCLUSIVE (raise --S / max-states))
  [1366/2000] seed 133367574: ACCEPTED (124 moves)
  [1367/2000] seed 54189020: rejected (INCONCLUSIVE (raise --S / max-states))
  [1368/2000] seed 345094451: ACCEPTED (140 moves)
  [1369/2000] seed 772396090: rejected (INCONCLUSIVE (raise --S / max-states))
  [1370/2000] seed 165182321: rejected (INCONCLUSIVE (raise --S / max-states))
  [1371/2000] seed 2092960249: ACCEPTED (142 moves)
  [1372/2000] seed 488057236: ACCEPTED (122 moves)
  [1373/2000] seed 1026960053: rejected (INCONCLUSIVE (raise --S / max-states))
  [1374/2000] seed 222360466: rejected (INCONCLUSIVE (raise --S / max-states))
  [1375/2000] seed 1258920760: ACCEPTED (123 moves)
  [1376/2000] seed 558930394: rejected (INCONCLUSIVE (raise --S / max-states))
  [1377/2000] seed 1600903018: ACCEPTED (132 moves)
  [1378/2000] seed 1914603233: ACCEPTED (150 moves)
  [1379/2000] seed 1329125364: ACCEPTED (127 moves)
  [1380/2000] seed 907315864: ACCEPTED (125 moves)
  [1381/2000] seed 183265250: ACCEPTED (131 moves)
  [1382/2000] seed 1258298882: ACCEPTED (141 moves)
  [1383/2000] seed 1540070327: ACCEPTED (136 moves)
  [1384/2000] seed 290583802: ACCEPTED (128 moves)
  [1385/2000] seed 2056050104: rejected (INCONCLUSIVE (raise --S / max-states))
  [1386/2000] seed 805654730: ACCEPTED (133 moves)
  [1387/2000] seed 1378693453: rejected (INCONCLUSIVE (raise --S / max-states))
  [1388/2000] seed 311095208: ACCEPTED (133 moves)
  [1389/2000] seed 293389165: ACCEPTED (129 moves)
  [1390/2000] seed 675110649: ACCEPTED (140 moves)
  [1391/2000] seed 1200701727: ACCEPTED (139 moves)
  [1392/2000] seed 1178965104: ACCEPTED (126 moves)
  [1393/2000] seed 340784360: ACCEPTED (135 moves)
  [1394/2000] seed 1648606658: ACCEPTED (137 moves)
  [1395/2000] seed 712747400: ACCEPTED (129 moves)
  [1396/2000] seed 74333156: ACCEPTED (137 moves)
  [1397/2000] seed 1247810861: ACCEPTED (127 moves)
  [1398/2000] seed 692993459: ACCEPTED (133 moves)
  [1399/2000] seed 246803471: ACCEPTED (127 moves)
  [1400/2000] seed 738251015: ACCEPTED (128 moves)
  [1401/2000] seed 1488634742: rejected (UNSOLVABLE)
  [1402/2000] seed 2010577374: ACCEPTED (128 moves)
  [1403/2000] seed 1292665897: ACCEPTED (121 moves)
  [1404/2000] seed 735077320: ACCEPTED (140 moves)
  [1405/2000] seed 1137603532: ACCEPTED (131 moves)
  [1406/2000] seed 724773135: ACCEPTED (117 moves)
  [1407/2000] seed 2108474195: ACCEPTED (135 moves)
  [1408/2000] seed 299050860: ACCEPTED (137 moves)
  [1409/2000] seed 1344842771: ACCEPTED (122 moves)
  [1410/2000] seed 1337523515: ACCEPTED (127 moves)
  [1411/2000] seed 1650865690: ACCEPTED (129 moves)
  [1412/2000] seed 1878451078: rejected (UNSOLVABLE)
  [1413/2000] seed 68452695: ACCEPTED (138 moves)
  [1414/2000] seed 25647917: ACCEPTED (130 moves)
  [1415/2000] seed 523402977: ACCEPTED (124 moves)
  [1416/2000] seed 107298111: ACCEPTED (124 moves)
  [1417/2000] seed 846966630: rejected (INCONCLUSIVE (raise --S / max-states))
  [1418/2000] seed 1653868152: rejected (INCONCLUSIVE (raise --S / max-states))
  [1419/2000] seed 1954496883: ACCEPTED (143 moves)
  [1420/2000] seed 329085708: ACCEPTED (128 moves)
  [1421/2000] seed 1455478734: ACCEPTED (127 moves)
  [1422/2000] seed 1976007442: rejected (INCONCLUSIVE (raise --S / max-states))
  [1423/2000] seed 1071985434: ACCEPTED (123 moves)
  [1424/2000] seed 414482586: rejected (INCONCLUSIVE (raise --S / max-states))
  [1425/2000] seed 2064823167: rejected (INCONCLUSIVE (raise --S / max-states))
  [1426/2000] seed 825863955: ACCEPTED (133 moves)
  [1427/2000] seed 83815423: rejected (INCONCLUSIVE (raise --S / max-states))
  [1428/2000] seed 564990027: ACCEPTED (133 moves)
  [1429/2000] seed 1266817553: ACCEPTED (122 moves)
  [1430/2000] seed 728837883: ACCEPTED (128 moves)
  [1431/2000] seed 1199037912: rejected (INCONCLUSIVE (raise --S / max-states))
  [1432/2000] seed 610863728: rejected (INCONCLUSIVE (raise --S / max-states))
  [1433/2000] seed 1708978632: rejected (INCONCLUSIVE (raise --S / max-states))
  [1434/2000] seed 1240417407: ACCEPTED (138 moves)
  [1435/2000] seed 1515097442: ACCEPTED (132 moves)
  [1436/2000] seed 894056073: ACCEPTED (143 moves)
  [1437/2000] seed 26837679: ACCEPTED (138 moves)
  [1438/2000] seed 1878322387: ACCEPTED (134 moves)
  [1439/2000] seed 1711347067: ACCEPTED (128 moves)
  [1440/2000] seed 588428920: ACCEPTED (119 moves)
  [1441/2000] seed 914290549: ACCEPTED (122 moves)
  [1442/2000] seed 1164495717: ACCEPTED (132 moves)
  [1443/2000] seed 745058427: ACCEPTED (145 moves)
  [1444/2000] seed 1285590619: rejected (INCONCLUSIVE (raise --S / max-states))
  [1445/2000] seed 2038089838: ACCEPTED (130 moves)
  [1446/2000] seed 1544440125: ACCEPTED (126 moves)
  [1447/2000] seed 1099847067: rejected (INCONCLUSIVE (raise --S / max-states))
  [1448/2000] seed 377298773: ACCEPTED (155 moves)
  [1449/2000] seed 783787283: ACCEPTED (135 moves)
  [1450/2000] seed 700878943: ACCEPTED (127 moves)
  [1451/2000] seed 1405408758: ACCEPTED (124 moves)
  [1452/2000] seed 1636423093: ACCEPTED (131 moves)
  [1453/2000] seed 607127080: ACCEPTED (138 moves)
  [1454/2000] seed 1625184112: ACCEPTED (132 moves)
  [1455/2000] seed 1621659215: ACCEPTED (129 moves)
  [1456/2000] seed 1723234819: ACCEPTED (143 moves)
  [1457/2000] seed 858343449: rejected (INCONCLUSIVE (raise --S / max-states))
  [1458/2000] seed 346286129: ACCEPTED (132 moves)
  [1459/2000] seed 2024781978: ACCEPTED (141 moves)
  [1460/2000] seed 2030715438: ACCEPTED (137 moves)
  [1461/2000] seed 1842660924: ACCEPTED (135 moves)
  [1462/2000] seed 1337032086: ACCEPTED (133 moves)
  [1463/2000] seed 1427409547: ACCEPTED (136 moves)
  [1464/2000] seed 1703872823: ACCEPTED (136 moves)
  [1465/2000] seed 888899394: ACCEPTED (125 moves)
  [1466/2000] seed 1078578258: ACCEPTED (134 moves)
  [1467/2000] seed 642122079: ACCEPTED (135 moves)
  [1468/2000] seed 820592965: ACCEPTED (144 moves)
  [1469/2000] seed 949379309: ACCEPTED (162 moves)
  [1470/2000] seed 1565705902: ACCEPTED (127 moves)
  [1471/2000] seed 1927401284: ACCEPTED (124 moves)
  [1472/2000] seed 1051267439: ACCEPTED (133 moves)
  [1473/2000] seed 1306330642: ACCEPTED (133 moves)
  [1474/2000] seed 2021036656: ACCEPTED (127 moves)
  [1475/2000] seed 1772574006: ACCEPTED (122 moves)
  [1476/2000] seed 2079623978: ACCEPTED (131 moves)
  [1477/2000] seed 1966067491: ACCEPTED (126 moves)
  [1478/2000] seed 1931446452: ACCEPTED (136 moves)
  [1479/2000] seed 778825760: ACCEPTED (133 moves)
  [1480/2000] seed 290977222: ACCEPTED (127 moves)
  [1481/2000] seed 214009406: rejected (INCONCLUSIVE (raise --S / max-states))
  [1482/2000] seed 461520858: ACCEPTED (124 moves)
  [1483/2000] seed 141406812: rejected (INCONCLUSIVE (raise --S / max-states))
  [1484/2000] seed 1076861776: rejected (INCONCLUSIVE (raise --S / max-states))
  [1485/2000] seed 1227787657: rejected (INCONCLUSIVE (raise --S / max-states))
  [1486/2000] seed 391553114: ACCEPTED (126 moves)
  [1487/2000] seed 608130321: ACCEPTED (128 moves)
  [1488/2000] seed 657556152: ACCEPTED (132 moves)
  [1489/2000] seed 1291081488: ACCEPTED (144 moves)
  [1490/2000] seed 798437051: ACCEPTED (142 moves)
  [1491/2000] seed 2086064884: rejected (INCONCLUSIVE (raise --S / max-states))
  [1492/2000] seed 221234717: ACCEPTED (123 moves)
  [1493/2000] seed 187599760: ACCEPTED (126 moves)
  [1494/2000] seed 1346890196: ACCEPTED (135 moves)
  [1495/2000] seed 1416610367: ACCEPTED (124 moves)
  [1496/2000] seed 311178567: ACCEPTED (127 moves)
  [1497/2000] seed 1611605612: ACCEPTED (135 moves)
  [1498/2000] seed 1354297922: ACCEPTED (128 moves)
  [1499/2000] seed 424239383: ACCEPTED (121 moves)
  [1500/2000] seed 1936348805: ACCEPTED (133 moves)
  [1501/2000] seed 2111517325: rejected (UNSOLVABLE)
  [1502/2000] seed 615701864: ACCEPTED (125 moves)
  [1503/2000] seed 1778843371: ACCEPTED (122 moves)
  [1504/2000] seed 936693240: ACCEPTED (139 moves)
  [1505/2000] seed 436509970: ACCEPTED (139 moves)
  [1506/2000] seed 400908252: rejected (INCONCLUSIVE (raise --S / max-states))
  [1507/2000] seed 1735833613: ACCEPTED (129 moves)
  [1508/2000] seed 984866816: rejected (INCONCLUSIVE (raise --S / max-states))
  [1509/2000] seed 1470646542: ACCEPTED (138 moves)
  [1510/2000] seed 1900730829: ACCEPTED (122 moves)
  [1511/2000] seed 5696987: ACCEPTED (128 moves)
  [1512/2000] seed 242003909: ACCEPTED (130 moves)
  [1513/2000] seed 99967791: ACCEPTED (122 moves)
  [1514/2000] seed 2052209493: ACCEPTED (132 moves)
  [1515/2000] seed 1535419922: ACCEPTED (122 moves)
  [1516/2000] seed 1189583368: rejected (INCONCLUSIVE (raise --S / max-states))
  [1517/2000] seed 761681628: rejected (INCONCLUSIVE (raise --S / max-states))
  [1518/2000] seed 1104038393: ACCEPTED (129 moves)
  [1519/2000] seed 1451631289: ACCEPTED (134 moves)
  [1520/2000] seed 1465996509: ACCEPTED (130 moves)
  [1521/2000] seed 133489873: ACCEPTED (134 moves)
  [1522/2000] seed 1854387930: rejected (INCONCLUSIVE (raise --S / max-states))
  [1523/2000] seed 1692729776: ACCEPTED (139 moves)
  [1524/2000] seed 845084287: rejected (INCONCLUSIVE (raise --S / max-states))
  [1525/2000] seed 1001440569: ACCEPTED (133 moves)
  [1526/2000] seed 1371416240: ACCEPTED (133 moves)
  [1527/2000] seed 1122749445: ACCEPTED (133 moves)
  [1528/2000] seed 206442092: ACCEPTED (125 moves)
  [1529/2000] seed 1741743057: ACCEPTED (126 moves)
  [1530/2000] seed 1031260975: ACCEPTED (126 moves)
  [1531/2000] seed 1579991399: ACCEPTED (137 moves)
  [1532/2000] seed 39450877: ACCEPTED (135 moves)
  [1533/2000] seed 1484528790: ACCEPTED (128 moves)
  [1534/2000] seed 1553617636: ACCEPTED (144 moves)
  [1535/2000] seed 388886134: ACCEPTED (142 moves)
  [1536/2000] seed 1491735156: rejected (INCONCLUSIVE (raise --S / max-states))
  [1537/2000] seed 525310437: ACCEPTED (134 moves)
  [1538/2000] seed 1085818626: ACCEPTED (139 moves)
  [1539/2000] seed 2075277890: ACCEPTED (127 moves)
  [1540/2000] seed 1551350822: rejected (INCONCLUSIVE (raise --S / max-states))
  [1541/2000] seed 455917411: ACCEPTED (128 moves)
  [1542/2000] seed 819174527: rejected (INCONCLUSIVE (raise --S / max-states))
  [1543/2000] seed 971234184: ACCEPTED (143 moves)
  [1544/2000] seed 844981706: ACCEPTED (129 moves)
  [1545/2000] seed 2117480048: rejected (INCONCLUSIVE (raise --S / max-states))
  [1546/2000] seed 1761499682: ACCEPTED (137 moves)
  [1547/2000] seed 1068790095: ACCEPTED (129 moves)
  [1548/2000] seed 1087542294: rejected (INCONCLUSIVE (raise --S / max-states))
  [1549/2000] seed 691169329: ACCEPTED (130 moves)
  [1550/2000] seed 815415248: ACCEPTED (126 moves)
  [1551/2000] seed 660640226: ACCEPTED (117 moves)
  [1552/2000] seed 829971006: ACCEPTED (139 moves)
  [1553/2000] seed 153654803: ACCEPTED (127 moves)
  [1554/2000] seed 407014338: ACCEPTED (122 moves)
  [1555/2000] seed 995195602: rejected (UNSOLVABLE)
  [1556/2000] seed 1785656878: ACCEPTED (125 moves)
  [1557/2000] seed 1884387052: ACCEPTED (128 moves)
  [1558/2000] seed 1665051913: rejected (INCONCLUSIVE (raise --S / max-states))
  [1559/2000] seed 582982343: rejected (INCONCLUSIVE (raise --S / max-states))
  [1560/2000] seed 840782183: ACCEPTED (126 moves)
  [1561/2000] seed 79066225: ACCEPTED (126 moves)
  [1562/2000] seed 1017975271: ACCEPTED (153 moves)
  [1563/2000] seed 727426836: ACCEPTED (135 moves)
  [1564/2000] seed 749805583: ACCEPTED (123 moves)
  [1565/2000] seed 1424121554: ACCEPTED (126 moves)
  [1566/2000] seed 1657776346: rejected (INCONCLUSIVE (raise --S / max-states))
  [1567/2000] seed 1399545405: rejected (UNSOLVABLE)
  [1568/2000] seed 1052727430: ACCEPTED (131 moves)
  [1569/2000] seed 1286697366: rejected (INCONCLUSIVE (raise --S / max-states))
  [1570/2000] seed 2046443766: ACCEPTED (132 moves)
  [1571/2000] seed 124166590: ACCEPTED (135 moves)
  [1572/2000] seed 1145461358: ACCEPTED (127 moves)
  [1573/2000] seed 913708293: ACCEPTED (144 moves)
  [1574/2000] seed 482348989: ACCEPTED (126 moves)
  [1575/2000] seed 1129550411: ACCEPTED (147 moves)
  [1576/2000] seed 1123968972: ACCEPTED (123 moves)
  [1577/2000] seed 1625631410: ACCEPTED (132 moves)
  [1578/2000] seed 1797102329: ACCEPTED (134 moves)
  [1579/2000] seed 63898160: rejected (INCONCLUSIVE (raise --S / max-states))
  [1580/2000] seed 1777309798: ACCEPTED (123 moves)
  [1581/2000] seed 309253232: ACCEPTED (157 moves)
  [1582/2000] seed 500575070: ACCEPTED (134 moves)
  [1583/2000] seed 2059517613: ACCEPTED (126 moves)
  [1584/2000] seed 230780805: ACCEPTED (152 moves)
  [1585/2000] seed 1797194391: ACCEPTED (136 moves)
  [1586/2000] seed 1092136736: ACCEPTED (127 moves)
  [1587/2000] seed 1256564681: ACCEPTED (118 moves)
  [1588/2000] seed 1261963834: ACCEPTED (133 moves)
  [1589/2000] seed 1521111193: ACCEPTED (140 moves)
  [1590/2000] seed 670461717: ACCEPTED (128 moves)
  [1591/2000] seed 1549221580: ACCEPTED (129 moves)
  [1592/2000] seed 982580282: rejected (INCONCLUSIVE (raise --S / max-states))
  [1593/2000] seed 1129376902: ACCEPTED (158 moves)
  [1594/2000] seed 167094685: rejected (INCONCLUSIVE (raise --S / max-states))
  [1595/2000] seed 376264176: ACCEPTED (135 moves)
  [1596/2000] seed 1653173616: ACCEPTED (128 moves)
  [1597/2000] seed 1868999877: rejected (INCONCLUSIVE (raise --S / max-states))
  [1598/2000] seed 2145081210: ACCEPTED (131 moves)
  [1599/2000] seed 652367051: rejected (INCONCLUSIVE (raise --S / max-states))
  [1600/2000] seed 109847493: rejected (INCONCLUSIVE (raise --S / max-states))
  [1601/2000] seed 527532901: ACCEPTED (132 moves)
  [1602/2000] seed 2117877358: ACCEPTED (132 moves)
  [1603/2000] seed 1749496753: ACCEPTED (140 moves)
  [1604/2000] seed 221094216: ACCEPTED (134 moves)
  [1605/2000] seed 1808869336: ACCEPTED (137 moves)
  [1606/2000] seed 64117807: ACCEPTED (133 moves)
  [1607/2000] seed 1279230865: ACCEPTED (151 moves)
  [1608/2000] seed 1394708602: ACCEPTED (130 moves)
  [1609/2000] seed 1445542810: ACCEPTED (118 moves)
  [1610/2000] seed 2027585309: ACCEPTED (124 moves)
  [1611/2000] seed 320877057: ACCEPTED (125 moves)
  [1612/2000] seed 1888022385: ACCEPTED (122 moves)
  [1613/2000] seed 1754698486: ACCEPTED (122 moves)
  [1614/2000] seed 1369520442: ACCEPTED (150 moves)
  [1615/2000] seed 1098457338: ACCEPTED (127 moves)
  [1616/2000] seed 843154096: ACCEPTED (130 moves)
  [1617/2000] seed 871933462: ACCEPTED (130 moves)
  [1618/2000] seed 1617038156: ACCEPTED (126 moves)
  [1619/2000] seed 824773053: ACCEPTED (141 moves)
  [1620/2000] seed 943811931: ACCEPTED (131 moves)
  [1621/2000] seed 394058380: ACCEPTED (133 moves)
  [1622/2000] seed 764516695: ACCEPTED (131 moves)
  [1623/2000] seed 356582150: ACCEPTED (123 moves)
  [1624/2000] seed 1907445942: ACCEPTED (142 moves)
  [1625/2000] seed 1851165308: ACCEPTED (151 moves)
  [1626/2000] seed 1239055333: rejected (INCONCLUSIVE (raise --S / max-states))
  [1627/2000] seed 1144300272: ACCEPTED (114 moves)
  [1628/2000] seed 1166298360: ACCEPTED (123 moves)
  [1629/2000] seed 1162974441: rejected (INCONCLUSIVE (raise --S / max-states))
  [1630/2000] seed 93465792: ACCEPTED (154 moves)
  [1631/2000] seed 422929844: ACCEPTED (127 moves)
  [1632/2000] seed 1746268177: ACCEPTED (162 moves)
  [1633/2000] seed 1052150882: ACCEPTED (141 moves)
  [1634/2000] seed 387058472: ACCEPTED (141 moves)
  [1635/2000] seed 1484288355: ACCEPTED (126 moves)
  [1636/2000] seed 1162267214: rejected (INCONCLUSIVE (raise --S / max-states))
  [1637/2000] seed 259985276: rejected (INCONCLUSIVE (raise --S / max-states))
  [1638/2000] seed 796711648: ACCEPTED (140 moves)
  [1639/2000] seed 1945159423: ACCEPTED (153 moves)
  [1640/2000] seed 938408999: ACCEPTED (126 moves)
  [1641/2000] seed 1351237394: ACCEPTED (142 moves)
  [1642/2000] seed 392281032: ACCEPTED (142 moves)
  [1643/2000] seed 1282603424: ACCEPTED (141 moves)
  [1644/2000] seed 658139382: ACCEPTED (140 moves)
  [1645/2000] seed 147590733: rejected (INCONCLUSIVE (raise --S / max-states))
  [1646/2000] seed 1534754694: ACCEPTED (121 moves)
  [1647/2000] seed 1007181393: ACCEPTED (119 moves)
  [1648/2000] seed 1361143017: ACCEPTED (149 moves)
  [1649/2000] seed 261447128: ACCEPTED (122 moves)
  [1650/2000] seed 962520703: ACCEPTED (131 moves)
  [1651/2000] seed 1474252457: ACCEPTED (130 moves)
  [1652/2000] seed 764024393: ACCEPTED (135 moves)
  [1653/2000] seed 1757251892: ACCEPTED (137 moves)
  [1654/2000] seed 694863171: ACCEPTED (129 moves)
  [1655/2000] seed 1206761003: ACCEPTED (132 moves)
  [1656/2000] seed 1501797148: ACCEPTED (123 moves)
  [1657/2000] seed 1149535474: ACCEPTED (130 moves)
  [1658/2000] seed 86684957: rejected (INCONCLUSIVE (raise --S / max-states))
  [1659/2000] seed 577060309: ACCEPTED (136 moves)
  [1660/2000] seed 1783470911: rejected (INCONCLUSIVE (raise --S / max-states))
  [1661/2000] seed 1009383234: ACCEPTED (124 moves)
  [1662/2000] seed 1357351300: ACCEPTED (133 moves)
  [1663/2000] seed 1690826135: ACCEPTED (122 moves)
  [1664/2000] seed 180014438: ACCEPTED (128 moves)
  [1665/2000] seed 1473589832: ACCEPTED (120 moves)
  [1666/2000] seed 346154732: ACCEPTED (130 moves)
  [1667/2000] seed 1229495313: ACCEPTED (144 moves)
  [1668/2000] seed 1724556380: rejected (INCONCLUSIVE (raise --S / max-states))
  [1669/2000] seed 364217433: ACCEPTED (139 moves)
  [1670/2000] seed 852158741: ACCEPTED (135 moves)
  [1671/2000] seed 1751383318: ACCEPTED (123 moves)
  [1672/2000] seed 1058296619: ACCEPTED (130 moves)
  [1673/2000] seed 183618296: ACCEPTED (183 moves)
  [1674/2000] seed 2059787041: rejected (INCONCLUSIVE (raise --S / max-states))
  [1675/2000] seed 2000453116: rejected (UNSOLVABLE)
  [1676/2000] seed 867066398: rejected (INCONCLUSIVE (raise --S / max-states))
  [1677/2000] seed 1947767461: ACCEPTED (133 moves)
  [1678/2000] seed 2033112649: rejected (INCONCLUSIVE (raise --S / max-states))
  [1679/2000] seed 2000249087: rejected (INCONCLUSIVE (raise --S / max-states))
  [1680/2000] seed 2001675515: ACCEPTED (127 moves)
  [1681/2000] seed 519849557: ACCEPTED (129 moves)
  [1682/2000] seed 1915448666: ACCEPTED (138 moves)
  [1683/2000] seed 999047447: rejected (INCONCLUSIVE (raise --S / max-states))
  [1684/2000] seed 1639488007: ACCEPTED (123 moves)
  [1685/2000] seed 507537806: ACCEPTED (138 moves)
  [1686/2000] seed 1051940630: ACCEPTED (137 moves)
  [1687/2000] seed 1618629996: ACCEPTED (140 moves)
  [1688/2000] seed 670799442: ACCEPTED (145 moves)
  [1689/2000] seed 9820011: ACCEPTED (131 moves)
  [1690/2000] seed 680242483: ACCEPTED (125 moves)
  [1691/2000] seed 1115171898: rejected (UNSOLVABLE)
  [1692/2000] seed 980342634: ACCEPTED (127 moves)
  [1693/2000] seed 1942923121: rejected (INCONCLUSIVE (raise --S / max-states))
  [1694/2000] seed 1880667512: ACCEPTED (133 moves)
  [1695/2000] seed 1716173209: ACCEPTED (133 moves)
  [1696/2000] seed 1982998212: rejected (INCONCLUSIVE (raise --S / max-states))
  [1697/2000] seed 890428533: ACCEPTED (113 moves)
  [1698/2000] seed 1666324627: rejected (UNSOLVABLE)
  [1699/2000] seed 126785944: ACCEPTED (138 moves)
  [1700/2000] seed 112138428: ACCEPTED (131 moves)
  [1701/2000] seed 2080276605: rejected (INCONCLUSIVE (raise --S / max-states))
  [1702/2000] seed 1880055171: rejected (INCONCLUSIVE (raise --S / max-states))
  [1703/2000] seed 384053559: ACCEPTED (128 moves)
  [1704/2000] seed 860029501: ACCEPTED (120 moves)
  [1705/2000] seed 708784691: rejected (INCONCLUSIVE (raise --S / max-states))
  [1706/2000] seed 646782863: ACCEPTED (124 moves)
  [1707/2000] seed 1956995140: rejected (UNSOLVABLE)
  [1708/2000] seed 2051808483: ACCEPTED (143 moves)
  [1709/2000] seed 1147412412: ACCEPTED (142 moves)
  [1710/2000] seed 759603561: ACCEPTED (130 moves)
  [1711/2000] seed 1065523608: ACCEPTED (135 moves)
  [1712/2000] seed 2024385096: ACCEPTED (149 moves)
  [1713/2000] seed 313810504: rejected (INCONCLUSIVE (raise --S / max-states))
  [1714/2000] seed 2093975020: ACCEPTED (138 moves)
  [1715/2000] seed 1985462751: ACCEPTED (144 moves)
  [1716/2000] seed 1956862713: ACCEPTED (136 moves)
  [1717/2000] seed 264708171: ACCEPTED (138 moves)
  [1718/2000] seed 1791207049: ACCEPTED (137 moves)
  [1719/2000] seed 1049583333: ACCEPTED (126 moves)
  [1720/2000] seed 128563690: ACCEPTED (131 moves)
  [1721/2000] seed 387215270: ACCEPTED (139 moves)
  [1722/2000] seed 913051013: rejected (INCONCLUSIVE (raise --S / max-states))
  [1723/2000] seed 988033866: ACCEPTED (134 moves)
  [1724/2000] seed 533953095: ACCEPTED (131 moves)
  [1725/2000] seed 1475333963: ACCEPTED (128 moves)
  [1726/2000] seed 476328314: ACCEPTED (118 moves)
  [1727/2000] seed 1894691135: ACCEPTED (121 moves)
  [1728/2000] seed 1177704739: ACCEPTED (136 moves)
  [1729/2000] seed 166724287: ACCEPTED (133 moves)
  [1730/2000] seed 874730468: rejected (INCONCLUSIVE (raise --S / max-states))
  [1731/2000] seed 395426804: rejected (INCONCLUSIVE (raise --S / max-states))
  [1732/2000] seed 1929872491: ACCEPTED (148 moves)
  [1733/2000] seed 1178222388: rejected (UNSOLVABLE)
  [1734/2000] seed 1449492709: ACCEPTED (128 moves)
  [1735/2000] seed 1221675570: ACCEPTED (130 moves)
  [1736/2000] seed 179114758: ACCEPTED (124 moves)
  [1737/2000] seed 1162571968: ACCEPTED (129 moves)
  [1738/2000] seed 805200848: ACCEPTED (148 moves)
  [1739/2000] seed 746209645: ACCEPTED (138 moves)
  [1740/2000] seed 446856459: ACCEPTED (138 moves)
  [1741/2000] seed 1031684167: ACCEPTED (122 moves)
  [1742/2000] seed 680407113: rejected (UNSOLVABLE)
  [1743/2000] seed 716870299: ACCEPTED (131 moves)
  [1744/2000] seed 501966920: ACCEPTED (124 moves)
  [1745/2000] seed 1967578420: ACCEPTED (123 moves)
  [1746/2000] seed 1648044493: ACCEPTED (129 moves)
  [1747/2000] seed 693913079: ACCEPTED (128 moves)
  [1748/2000] seed 2038446655: ACCEPTED (124 moves)
  [1749/2000] seed 242519477: ACCEPTED (131 moves)
  [1750/2000] seed 193770880: ACCEPTED (123 moves)
  [1751/2000] seed 1044096640: ACCEPTED (127 moves)
  [1752/2000] seed 551325201: ACCEPTED (120 moves)
  [1753/2000] seed 1904187600: ACCEPTED (128 moves)
  [1754/2000] seed 1346001234: ACCEPTED (141 moves)
  [1755/2000] seed 1351545740: rejected (INCONCLUSIVE (raise --S / max-states))
  [1756/2000] seed 2098058688: ACCEPTED (118 moves)
  [1757/2000] seed 296714773: ACCEPTED (131 moves)
  [1758/2000] seed 235166298: ACCEPTED (144 moves)
  [1759/2000] seed 585443359: ACCEPTED (135 moves)
  [1760/2000] seed 580683998: ACCEPTED (125 moves)
  [1761/2000] seed 1740828019: ACCEPTED (132 moves)
  [1762/2000] seed 1047518975: ACCEPTED (136 moves)
  [1763/2000] seed 1820841278: ACCEPTED (140 moves)
  [1764/2000] seed 872952938: ACCEPTED (119 moves)
  [1765/2000] seed 656140811: ACCEPTED (130 moves)
  [1766/2000] seed 857825826: ACCEPTED (140 moves)
  [1767/2000] seed 422815714: ACCEPTED (123 moves)
  [1768/2000] seed 1641447534: ACCEPTED (130 moves)
  [1769/2000] seed 1062753617: ACCEPTED (124 moves)
  [1770/2000] seed 1584983063: ACCEPTED (127 moves)
  [1771/2000] seed 16593113: ACCEPTED (132 moves)
  [1772/2000] seed 1031663035: ACCEPTED (131 moves)
  [1773/2000] seed 302759503: ACCEPTED (141 moves)
  [1774/2000] seed 1308230258: ACCEPTED (136 moves)
  [1775/2000] seed 1485819105: ACCEPTED (140 moves)
  [1776/2000] seed 1101393824: ACCEPTED (124 moves)
  [1777/2000] seed 1593711039: ACCEPTED (138 moves)
  [1778/2000] seed 1633295460: rejected (INCONCLUSIVE (raise --S / max-states))
  [1779/2000] seed 1564821662: ACCEPTED (124 moves)
  [1780/2000] seed 211996554: ACCEPTED (131 moves)
  [1781/2000] seed 750053371: rejected (INCONCLUSIVE (raise --S / max-states))
  [1782/2000] seed 501391432: ACCEPTED (127 moves)
  [1783/2000] seed 1388098266: ACCEPTED (121 moves)
  [1784/2000] seed 1013914615: rejected (INCONCLUSIVE (raise --S / max-states))
  [1785/2000] seed 1105025309: rejected (INCONCLUSIVE (raise --S / max-states))
  [1786/2000] seed 1725789265: ACCEPTED (141 moves)
  [1787/2000] seed 314271292: ACCEPTED (139 moves)
  [1788/2000] seed 6112561: ACCEPTED (123 moves)
  [1789/2000] seed 1965450883: rejected (INCONCLUSIVE (raise --S / max-states))
  [1790/2000] seed 11983558: ACCEPTED (140 moves)
  [1791/2000] seed 50398261: rejected (INCONCLUSIVE (raise --S / max-states))
  [1792/2000] seed 373827134: ACCEPTED (130 moves)
  [1793/2000] seed 492795472: rejected (INCONCLUSIVE (raise --S / max-states))
  [1794/2000] seed 1127279299: ACCEPTED (140 moves)
  [1795/2000] seed 139910282: ACCEPTED (144 moves)
  [1796/2000] seed 149545405: rejected (INCONCLUSIVE (raise --S / max-states))
  [1797/2000] seed 459717256: ACCEPTED (138 moves)
  [1798/2000] seed 1824870700: ACCEPTED (135 moves)
  [1799/2000] seed 223850015: ACCEPTED (126 moves)
  [1800/2000] seed 472056375: ACCEPTED (135 moves)
  [1801/2000] seed 1573637039: ACCEPTED (137 moves)
  [1802/2000] seed 1950745046: ACCEPTED (132 moves)
  [1803/2000] seed 1748573303: ACCEPTED (133 moves)
  [1804/2000] seed 1413840541: ACCEPTED (136 moves)
  [1805/2000] seed 1212961156: ACCEPTED (129 moves)
  [1806/2000] seed 1216144660: ACCEPTED (147 moves)
  [1807/2000] seed 94718008: ACCEPTED (116 moves)
  [1808/2000] seed 1562263451: ACCEPTED (122 moves)
  [1809/2000] seed 1147759020: rejected (INCONCLUSIVE (raise --S / max-states))
  [1810/2000] seed 1234745985: ACCEPTED (137 moves)
  [1811/2000] seed 142409819: rejected (INCONCLUSIVE (raise --S / max-states))
  [1812/2000] seed 1574756489: ACCEPTED (125 moves)
  [1813/2000] seed 181847809: ACCEPTED (123 moves)
  [1814/2000] seed 425226087: ACCEPTED (120 moves)
  [1815/2000] seed 1841183091: ACCEPTED (116 moves)
  [1816/2000] seed 1205057009: ACCEPTED (140 moves)
  [1817/2000] seed 936450311: ACCEPTED (136 moves)
  [1818/2000] seed 573018968: ACCEPTED (129 moves)
  [1819/2000] seed 1825123771: rejected (UNSOLVABLE)
  [1820/2000] seed 1010754517: ACCEPTED (120 moves)
  [1821/2000] seed 1143029794: ACCEPTED (124 moves)
  [1822/2000] seed 2066067525: ACCEPTED (132 moves)
  [1823/2000] seed 1119584479: ACCEPTED (120 moves)
  [1824/2000] seed 782188600: ACCEPTED (122 moves)
  [1825/2000] seed 1883725087: rejected (INCONCLUSIVE (raise --S / max-states))
  [1826/2000] seed 1543720461: rejected (INCONCLUSIVE (raise --S / max-states))
  [1827/2000] seed 989500594: ACCEPTED (127 moves)
  [1828/2000] seed 2132225076: ACCEPTED (131 moves)
  [1829/2000] seed 911360596: ACCEPTED (126 moves)
  [1830/2000] seed 2012202571: ACCEPTED (123 moves)
  [1831/2000] seed 686173455: ACCEPTED (141 moves)
  [1832/2000] seed 868526081: ACCEPTED (125 moves)
  [1833/2000] seed 561073532: rejected (INCONCLUSIVE (raise --S / max-states))
  [1834/2000] seed 1441091310: ACCEPTED (116 moves)
  [1835/2000] seed 437165996: rejected (INCONCLUSIVE (raise --S / max-states))
  [1836/2000] seed 209662010: ACCEPTED (119 moves)
  [1837/2000] seed 874489015: ACCEPTED (134 moves)
  [1838/2000] seed 213357645: ACCEPTED (133 moves)
  [1839/2000] seed 103979095: ACCEPTED (148 moves)
  [1840/2000] seed 197713522: ACCEPTED (132 moves)
  [1841/2000] seed 10358551: ACCEPTED (152 moves)
  [1842/2000] seed 906446107: ACCEPTED (128 moves)
  [1843/2000] seed 28157250: ACCEPTED (130 moves)
  [1844/2000] seed 651051905: ACCEPTED (133 moves)
  [1845/2000] seed 47208949: ACCEPTED (127 moves)
  [1846/2000] seed 317642629: rejected (INCONCLUSIVE (raise --S / max-states))
  [1847/2000] seed 40230037: ACCEPTED (123 moves)
  [1848/2000] seed 1791401746: ACCEPTED (126 moves)
  [1849/2000] seed 397230378: rejected (INCONCLUSIVE (raise --S / max-states))
  [1850/2000] seed 1723570806: ACCEPTED (127 moves)
  [1851/2000] seed 158812582: rejected (UNSOLVABLE)
  [1852/2000] seed 735014363: ACCEPTED (123 moves)
  [1853/2000] seed 1208133549: ACCEPTED (134 moves)
  [1854/2000] seed 2062051457: ACCEPTED (129 moves)
  [1855/2000] seed 1253156992: ACCEPTED (140 moves)
  [1856/2000] seed 1154011116: rejected (INCONCLUSIVE (raise --S / max-states))
  [1857/2000] seed 157802347: ACCEPTED (133 moves)
  [1858/2000] seed 346245964: ACCEPTED (129 moves)
  [1859/2000] seed 28458029: ACCEPTED (136 moves)
  [1860/2000] seed 1443466169: ACCEPTED (123 moves)
  [1861/2000] seed 21709649: ACCEPTED (135 moves)
  [1862/2000] seed 1372768707: ACCEPTED (124 moves)
  [1863/2000] seed 1011871063: ACCEPTED (138 moves)
  [1864/2000] seed 1047323345: ACCEPTED (133 moves)
  [1865/2000] seed 1696067451: ACCEPTED (138 moves)
  [1866/2000] seed 369497866: ACCEPTED (112 moves)
  [1867/2000] seed 1475299512: ACCEPTED (124 moves)
  [1868/2000] seed 2114147069: ACCEPTED (131 moves)
  [1869/2000] seed 1545071870: ACCEPTED (122 moves)
  [1870/2000] seed 2004075176: ACCEPTED (115 moves)
  [1871/2000] seed 985922925: ACCEPTED (140 moves)
  [1872/2000] seed 1826744791: ACCEPTED (136 moves)
  [1873/2000] seed 517530822: ACCEPTED (130 moves)
  [1874/2000] seed 1591416506: ACCEPTED (125 moves)
  [1875/2000] seed 1341512620: ACCEPTED (133 moves)
  [1876/2000] seed 397817604: ACCEPTED (125 moves)
  [1877/2000] seed 451101983: ACCEPTED (129 moves)
  [1878/2000] seed 729738631: ACCEPTED (139 moves)
  [1879/2000] seed 1047185130: ACCEPTED (139 moves)
  [1880/2000] seed 754516554: ACCEPTED (130 moves)
  [1881/2000] seed 831514167: rejected (UNSOLVABLE)
  [1882/2000] seed 310476404: ACCEPTED (124 moves)
  [1883/2000] seed 363305684: ACCEPTED (134 moves)
  [1884/2000] seed 1066466163: ACCEPTED (140 moves)
  [1885/2000] seed 1920020675: ACCEPTED (136 moves)
  [1886/2000] seed 1919415427: ACCEPTED (129 moves)
  [1887/2000] seed 229707773: ACCEPTED (123 moves)
  [1888/2000] seed 132885900: ACCEPTED (126 moves)
  [1889/2000] seed 1939808849: ACCEPTED (125 moves)
  [1890/2000] seed 1515000587: ACCEPTED (139 moves)
  [1891/2000] seed 1930197540: ACCEPTED (131 moves)
  [1892/2000] seed 604358276: ACCEPTED (117 moves)
  [1893/2000] seed 1010333236: ACCEPTED (137 moves)
  [1894/2000] seed 1619892320: ACCEPTED (130 moves)
  [1895/2000] seed 1395669021: ACCEPTED (136 moves)
  [1896/2000] seed 1675206794: ACCEPTED (130 moves)
  [1897/2000] seed 2079627888: ACCEPTED (125 moves)
  [1898/2000] seed 904184006: ACCEPTED (118 moves)
  [1899/2000] seed 168583742: rejected (INCONCLUSIVE (raise --S / max-states))
  [1900/2000] seed 1918988687: ACCEPTED (139 moves)
  [1901/2000] seed 770828579: ACCEPTED (132 moves)
  [1902/2000] seed 1987030170: ACCEPTED (131 moves)
  [1903/2000] seed 1636050752: ACCEPTED (142 moves)
  [1904/2000] seed 875513224: rejected (UNSOLVABLE)
  [1905/2000] seed 1204963136: ACCEPTED (130 moves)
  [1906/2000] seed 746421250: ACCEPTED (124 moves)
  [1907/2000] seed 149131501: ACCEPTED (134 moves)
  [1908/2000] seed 1957189949: ACCEPTED (134 moves)
  [1909/2000] seed 467248715: ACCEPTED (123 moves)
  [1910/2000] seed 212508309: ACCEPTED (138 moves)
  [1911/2000] seed 1187559004: ACCEPTED (144 moves)
  [1912/2000] seed 231350480: ACCEPTED (126 moves)
  [1913/2000] seed 384323516: ACCEPTED (127 moves)
  [1914/2000] seed 1840329721: rejected (UNSOLVABLE)
  [1915/2000] seed 852812362: ACCEPTED (141 moves)
  [1916/2000] seed 1940510931: ACCEPTED (132 moves)
  [1917/2000] seed 2076225337: ACCEPTED (125 moves)
  [1918/2000] seed 1534153569: ACCEPTED (135 moves)
  [1919/2000] seed 1604201434: rejected (INCONCLUSIVE (raise --S / max-states))
  [1920/2000] seed 1423769547: ACCEPTED (131 moves)
  [1921/2000] seed 17818091: rejected (INCONCLUSIVE (raise --S / max-states))
  [1922/2000] seed 1523824284: ACCEPTED (139 moves)
  [1923/2000] seed 742492365: ACCEPTED (136 moves)
  [1924/2000] seed 232947667: ACCEPTED (133 moves)
  [1925/2000] seed 46660478: ACCEPTED (144 moves)
  [1926/2000] seed 1340494445: ACCEPTED (136 moves)
  [1927/2000] seed 1858621493: ACCEPTED (144 moves)
  [1928/2000] seed 223518787: ACCEPTED (127 moves)
  [1929/2000] seed 2137994732: ACCEPTED (137 moves)
  [1930/2000] seed 1077052880: ACCEPTED (146 moves)
  [1931/2000] seed 1775545304: ACCEPTED (117 moves)
  [1932/2000] seed 1088656312: ACCEPTED (125 moves)
  [1933/2000] seed 1743637366: rejected (INCONCLUSIVE (raise --S / max-states))
  [1934/2000] seed 1487812008: ACCEPTED (127 moves)
  [1935/2000] seed 216830886: rejected (INCONCLUSIVE (raise --S / max-states))
  [1936/2000] seed 1699859910: ACCEPTED (123 moves)
  [1937/2000] seed 1344018393: ACCEPTED (132 moves)
  [1938/2000] seed 2120670006: ACCEPTED (125 moves)
  [1939/2000] seed 114517082: ACCEPTED (127 moves)
  [1940/2000] seed 1640800356: ACCEPTED (124 moves)
  [1941/2000] seed 1464202867: ACCEPTED (134 moves)
  [1942/2000] seed 231649892: rejected (INCONCLUSIVE (raise --S / max-states))
  [1943/2000] seed 1921639519: ACCEPTED (131 moves)
  [1944/2000] seed 793654608: ACCEPTED (125 moves)
  [1945/2000] seed 987408360: ACCEPTED (143 moves)
  [1946/2000] seed 242641969: ACCEPTED (134 moves)
  [1947/2000] seed 1851359649: rejected (INCONCLUSIVE (raise --S / max-states))
  [1948/2000] seed 368267302: ACCEPTED (131 moves)
  [1949/2000] seed 1813225166: ACCEPTED (128 moves)
  [1950/2000] seed 1949361695: ACCEPTED (122 moves)
  [1951/2000] seed 1033154768: ACCEPTED (134 moves)
  [1952/2000] seed 2100368849: ACCEPTED (122 moves)
  [1953/2000] seed 676631894: ACCEPTED (130 moves)
  [1954/2000] seed 1751176477: ACCEPTED (127 moves)
  [1955/2000] seed 202945396: rejected (INCONCLUSIVE (raise --S / max-states))
  [1956/2000] seed 2142058475: ACCEPTED (129 moves)
  [1957/2000] seed 1308724193: ACCEPTED (138 moves)
  [1958/2000] seed 1496824641: ACCEPTED (137 moves)
  [1959/2000] seed 2062308754: ACCEPTED (125 moves)
  [1960/2000] seed 1418430785: rejected (INCONCLUSIVE (raise --S / max-states))
  [1961/2000] seed 733899625: ACCEPTED (123 moves)
  [1962/2000] seed 940266499: ACCEPTED (124 moves)
  [1963/2000] seed 453676395: ACCEPTED (121 moves)
  [1964/2000] seed 606754863: rejected (INCONCLUSIVE (raise --S / max-states))
  [1965/2000] seed 184421787: ACCEPTED (147 moves)
  [1966/2000] seed 431521686: ACCEPTED (142 moves)
  [1967/2000] seed 746342573: rejected (INCONCLUSIVE (raise --S / max-states))
  [1968/2000] seed 1484671936: ACCEPTED (124 moves)
  [1969/2000] seed 988710286: ACCEPTED (139 moves)
  [1970/2000] seed 1358344227: ACCEPTED (135 moves)
  [1971/2000] seed 2078019032: ACCEPTED (133 moves)
  [1972/2000] seed 1983054468: ACCEPTED (135 moves)
  [1973/2000] seed 1010849532: ACCEPTED (131 moves)
  [1974/2000] seed 968357020: ACCEPTED (153 moves)
  [1975/2000] seed 673974211: ACCEPTED (127 moves)
  [1976/2000] seed 802962919: ACCEPTED (125 moves)
  [1977/2000] seed 1745623096: ACCEPTED (146 moves)
  [1978/2000] seed 1701964266: rejected (INCONCLUSIVE (raise --S / max-states))
  [1979/2000] seed 71300076: ACCEPTED (170 moves)
  [1980/2000] seed 88665507: ACCEPTED (139 moves)
  [1981/2000] seed 1778392024: ACCEPTED (126 moves)
  [1982/2000] seed 1591659580: ACCEPTED (127 moves)
  [1983/2000] seed 86572948: ACCEPTED (128 moves)
  [1984/2000] seed 1034915012: rejected (UNSOLVABLE)
  [1985/2000] seed 1032686475: ACCEPTED (137 moves)
  [1986/2000] seed 1272727955: ACCEPTED (117 moves)
  [1987/2000] seed 701944873: rejected (INCONCLUSIVE (raise --S / max-states))
  [1988/2000] seed 2033948354: ACCEPTED (125 moves)
  [1989/2000] seed 570888181: rejected (INCONCLUSIVE (raise --S / max-states))
  [1990/2000] seed 2091596249: rejected (INCONCLUSIVE (raise --S / max-states))
  [1991/2000] seed 170099165: ACCEPTED (127 moves)
  [1992/2000] seed 1534424959: ACCEPTED (125 moves)
  [1993/2000] seed 1881472976: ACCEPTED (137 moves)
  [1994/2000] seed 1782943646: rejected (INCONCLUSIVE (raise --S / max-states))
  [1995/2000] seed 1377012924: ACCEPTED (128 moves)
  [1996/2000] seed 1073401641: ACCEPTED (124 moves)
  [1997/2000] seed 2002461431: ACCEPTED (142 moves)
  [1998/2000] seed 1978160715: ACCEPTED (124 moves)
  [1999/2000] seed 2125393078: ACCEPTED (139 moves)
  [2000/2000] seed 1058001486: ACCEPTED (125 moves)

done: tried 2000 candidates in 15231.7s, corpus now has 1578 seeds (lifetime 1578 accepted / 427 rejected)
