step,episodes,epsilon,mean_return,mean_loss,mean_episode_len,win_rate,stalled_rate,truncated_rate,mean_final_foundation,lifetime_wins
1000,1,0.99575,1690.0000000000089,nan,1000.0,0.0,0.0,1.0,3.0,0
2000,2,0.9915,800.000000000009,nan,1000.0,0.0,0.0,1.0,4.0,0
3000,3,0.98725,390.0000000000091,nan,1000.0,0.0,0.0,1.0,0.0,0
4000,4,0.983,840.0000000000091,nan,1000.0,0.0,0.0,1.0,3.0,0
5000,5,0.97875,1820.000000000009,12.28642463684082,1000.0,0.0,0.0,1.0,27.0,0
6000,6,0.9745,1700.0000000000089,61.15965049743652,1000.0,0.0,0.0,1.0,9.0,0
7000,7,0.97025,820.000000000009,87.25093067932129,1000.0,0.0,0.0,1.0,8.0,0
8000,8,0.966,810.0000000000088,96.92104632568359,1000.0,0.0,0.0,1.0,11.0,0
9000,9,0.96175,1750.0000000000089,106.19716798400879,1000.0,0.0,0.0,1.0,14.0,0
10000,10,0.9575,1100.0000000000089,104.05969778442383,1000.0,0.0,0.0,1.0,16.0,0
11000,11,0.95325,119.99999999999544,100.26945431518554,1000.0,0.0,0.0,1.0,3.0,0
12000,12,0.949,1760.000000000009,99.1002921447754,1000.0,0.0,0.0,1.0,10.0,0
13000,13,0.94475,2030.0000000000089,101.96237771606445,1000.0,0.0,0.0,1.0,40.0,0
14000,14,0.9405,1700.0000000000089,99.93834172058105,1000.0,0.0,0.0,1.0,8.0,0
15000,15,0.93625,1060.0000000000089,97.16493270874024,1000.0,0.0,0.0,1.0,2.0,0
16000,16,0.9319999999999999,860.0000000000081,97.28327030944824,1000.0,0.0,0.0,1.0,1.0,0
17000,17,0.92775,2030.0000000000089,95.16068418884278,1000.0,0.0,0.0,1.0,46.0,0
18000,18,0.9235,760.000000000009,95.55609300231933,1000.0,0.0,0.0,1.0,6.0,0
19000,19,0.91925,390.00000000000904,92.5391641921997,1000.0,0.0,0.0,1.0,6.0,0
20000,20,0.915,2010.000000000009,93.60298147583008,1000.0,0.0,0.0,1.0,44.0,0
21000,21,0.91075,1160.0000000000089,90.14496574401855,1000.0,0.0,0.0,1.0,3.0,0
22000,22,0.9065,500.0000000000089,88.37152708435059,1000.0,0.0,0.0,1.0,11.0,0
23000,23,0.90225,150.0000000000075,89.45125619506835,1000.0,0.0,0.0,1.0,3.0,0
24000,24,0.898,2010.0000000000086,85.61547383117676,1000.0,0.0,0.0,1.0,38.0,0
25000,25,0.89375,610.000000000009,87.04132068634033,1000.0,0.0,0.0,1.0,5.0,0
26000,26,0.8895,370.00000000000875,87.29914447784424,1000.0,0.0,0.0,1.0,3.0,0
27000,27,0.88525,1570.0000000000077,82.96855925750732,1000.0,0.0,0.0,1.0,12.0,0
28000,28,0.881,7042.400000000007,82.2608203048706,760.0,1.0,0.0,0.0,52.0,1
29000,29,0.87675,470.0000000000082,81.43381306457519,1000.0,0.0,0.0,1.0,7.0,1
30000,30,0.8725,460.00000000000904,82.13242318725585,1000.0,0.0,0.0,1.0,7.0,1
31000,31,0.86825,1510.0000000000089,82.24190478515625,1000.0,0.0,0.0,1.0,15.0,1
32000,32,0.864,2040.000000000009,83.58801320648193,1000.0,0.0,0.0,1.0,36.0,1
33000,33,0.85975,870.000000000009,81.73600105285645,1000.0,0.0,0.0,1.0,5.0,1
34000,34,0.8554999999999999,1080.000000000009,80.61127215576172,1000.0,0.0,0.0,1.0,10.0,1
35000,35,0.8512500000000001,840.0000000000091,78.5194555053711,1000.0,0.0,0.0,1.0,11.0,1
36000,36,0.847,7041.660000000007,78.68434845733643,834.0,1.0,0.0,0.0,52.0,2
37000,37,0.84275,1920.0000000000089,77.57873072814941,1000.0,0.0,0.0,1.0,40.0,2
38000,38,0.8385,910.000000000009,78.26033791351318,1000.0,0.0,0.0,1.0,6.0,2
39000,39,0.8342499999999999,710.0000000000072,79.1698916015625,1000.0,0.0,0.0,1.0,2.0,2
40000,40,0.83,580.0000000000091,75.89348929214478,1000.0,0.0,0.0,1.0,6.0,2
41000,41,0.82575,7044.650000000005,76.27544923400879,535.0,1.0,0.0,0.0,52.0,3
42000,42,0.8215,590.0000000000088,78.56257085418702,1000.0,0.0,0.0,1.0,8.0,3
43000,43,0.81725,7040.980000000008,73.23441529846191,902.0,1.0,0.0,0.0,52.0,4
44000,44,0.813,930.0000000000091,76.0420510635376,1000.0,0.0,0.0,1.0,7.0,4
45000,45,0.80875,990.0000000000091,73.67333978271485,1000.0,0.0,0.0,1.0,7.0,4
46000,46,0.8045,890.000000000009,72.5929075088501,1000.0,0.0,0.0,1.0,5.0,4
47000,47,0.80025,1240.000000000009,73.43383425140381,1000.0,0.0,0.0,1.0,19.0,4
48000,48,0.796,930.0000000000086,72.59406298065186,1000.0,0.0,0.0,1.0,9.0,4
49000,49,0.79175,1880.0000000000089,71.19813719177246,1000.0,0.0,0.0,1.0,31.0,4
50000,51,0.7875,4180.585000000008,68.42521643066407,941.5,0.5,0.0,0.5,35.5,5
51000,52,0.78325,7043.890000000005,70.23171802520751,611.0,1.0,0.0,0.0,52.0,6
52000,54,0.779,3635.4650000000042,68.45093495178223,454.0,0.5,0.5,0.0,28.5,7
53000,55,0.77475,930.0000000000091,68.49938181304931,1000.0,0.0,0.0,1.0,7.0,7
54000,56,0.7705,1260.0000000000089,68.7758492050171,1000.0,0.0,0.0,1.0,9.0,7
55000,57,0.76625,7043.800000000005,68.79662104034423,620.0,1.0,0.0,0.0,52.0,8
56000,58,0.762,1220.000000000009,67.40201345825196,1000.0,0.0,0.0,1.0,10.0,8
57000,59,0.75775,1910.0000000000089,67.97829260253906,1000.0,0.0,0.0,1.0,37.0,8
58000,60,0.7535000000000001,7040.190000000009,68.79132093048096,981.0,1.0,0.0,0.0,52.0,9
59000,62,0.74925,4541.130000000007,66.08692746734619,887.0,0.5,0.0,0.5,48.0,10
60000,63,0.745,7044.750000000005,67.6494666595459,525.0,1.0,0.0,0.0,52.0,11
61000,64,0.74075,7042.220000000007,65.69071255874634,778.0,1.0,0.0,0.0,52.0,12
62000,66,0.7364999999999999,3756.6100000000074,67.0664984588623,839.0,0.5,0.0,0.5,30.0,13
63000,67,0.7322500000000001,7042.610000000006,62.46629615020752,739.0,1.0,0.0,0.0,52.0,14
64000,68,0.728,450.00000000000904,65.43206667327881,1000.0,0.0,0.0,1.0,2.0,14
65000,69,0.72375,1040.0000000000089,64.11617066192628,1000.0,0.0,0.0,1.0,12.0,14
66000,70,0.7195,1410.0000000000089,64.5789301071167,1000.0,0.0,0.0,1.0,25.0,14
67000,71,0.7152499999999999,7044.230000000005,62.77606009674072,577.0,1.0,0.0,0.0,52.0,15
68000,73,0.711,4260.580000000008,62.41067653656006,942.0,0.5,0.0,0.5,33.0,16
69000,74,0.70675,400.0000000000078,63.66442530059815,1000.0,0.0,0.0,1.0,1.0,16
70000,75,0.7025,7046.750000000003,65.2381990814209,325.0,1.0,0.0,0.0,52.0,17
71000,76,0.69825,370.00000000000904,63.59267220306396,1000.0,0.0,0.0,1.0,0.0,17
72000,77,0.694,1110.000000000009,62.99145432281494,1000.0,0.0,0.0,1.0,3.0,17
73000,78,0.6897500000000001,1860.0000000000089,61.04661154174805,1000.0,0.0,0.0,1.0,33.0,17
74000,79,0.6855,1020.0000000000091,62.250081451416015,1000.0,0.0,0.0,1.0,5.0,17
75000,81,0.68125,3892.7900000000063,60.12390474700928,721.0,0.5,0.0,0.5,31.5,18
76000,82,0.677,1130.0000000000089,61.849807487487794,1000.0,0.0,0.0,1.0,13.0,18
77000,83,0.67275,1830.0000000000089,61.44427265930176,1000.0,0.0,0.0,1.0,31.0,18
78000,84,0.6685,570.000000000009,61.25120440673828,1000.0,0.0,0.0,1.0,8.0,18
79000,85,0.66425,870.0000000000086,60.517516899108884,1000.0,0.0,0.0,1.0,4.0,18
80000,86,0.6599999999999999,970.0000000000091,61.50259283447266,1000.0,0.0,0.0,1.0,9.0,18
81000,87,0.65575,690.0000000000088,62.34590770721436,1000.0,0.0,0.0,1.0,7.0,18
82000,88,0.6515,1360.0000000000089,62.00809622192383,1000.0,0.0,0.0,1.0,18.0,18
83000,89,0.6472500000000001,710.000000000009,59.90107007598877,1000.0,0.0,0.0,1.0,2.0,18
84000,90,0.643,7046.100000000003,60.2185768737793,390.0,1.0,0.0,0.0,52.0,19
85000,91,0.63875,940.000000000009,60.36270218658447,1000.0,0.0,0.0,1.0,6.0,19
86000,92,0.6345000000000001,960.0000000000091,60.64606025695801,1000.0,0.0,0.0,1.0,19.0,19
87000,93,0.63025,7040.920000000007,59.7134077835083,908.0,1.0,0.0,0.0,52.0,20
88000,95,0.626,3816.9450000000065,59.786478240966794,805.5,0.5,0.0,0.5,28.5,21
89000,96,0.62175,440.0000000000076,58.85553463745117,1000.0,0.0,0.0,1.0,2.0,21
90000,97,0.6174999999999999,340.00000000000904,60.15549234008789,1000.0,0.0,0.0,1.0,0.0,21
91000,98,0.6132500000000001,7041.980000000007,59.480039207458496,802.0,1.0,0.0,0.0,52.0,22
92000,99,0.609,1190.000000000009,58.30934591674805,1000.0,0.0,0.0,1.0,13.0,22
93000,100,0.60475,1130.000000000009,57.314298133850095,1000.0,0.0,0.0,1.0,15.0,22
94000,101,0.6005,1010.000000000009,58.483259033203126,1000.0,0.0,0.0,1.0,6.0,22
95000,102,0.59625,860.0000000000088,57.36812461090088,1000.0,0.0,0.0,1.0,0.0,22
96000,104,0.5920000000000001,7044.085000000005,58.660029830932615,591.5,1.0,0.0,0.0,52.0,24
97000,105,0.58775,7044.7900000000045,59.579595840454104,521.0,1.0,0.0,0.0,52.0,25
98000,106,0.5835,380.0000000000091,57.37011312866211,1000.0,0.0,0.0,1.0,5.0,25
99000,108,0.57925,3838.155000000006,57.91170323944092,684.5,0.5,0.0,0.5,30.0,26
100000,109,0.575,7043.620000000005,58.82255264282227,638.0,1.0,0.0,0.0,52.0,27
101000,110,0.5707500000000001,1010.0000000000091,56.31331669616699,1000.0,0.0,0.0,1.0,6.0,27
102000,111,0.5665,860.0000000000089,58.42638794708252,1000.0,0.0,0.0,1.0,6.0,27
103000,112,0.56225,1250.000000000009,58.63638705444336,1000.0,0.0,0.0,1.0,3.0,27
104000,114,0.558,3717.5550000000067,56.16110238647461,744.5,0.5,0.0,0.5,29.0,28
105000,115,0.55375,860.0000000000091,56.44806478118897,1000.0,0.0,0.0,1.0,11.0,28
106000,116,0.5495,1250.000000000009,57.09438198852539,1000.0,0.0,0.0,1.0,12.0,28
107000,117,0.54525,1500.0000000000082,55.99939154052734,1000.0,0.0,0.0,1.0,16.0,28
108000,118,0.5409999999999999,440.0000000000086,57.76713298034668,1000.0,0.0,0.0,1.0,6.0,28
109000,119,0.5367500000000001,7041.2600000000075,56.17844570922851,874.0,1.0,0.0,0.0,52.0,29
110000,120,0.5325,440.00000000000904,56.702099197387696,1000.0,0.0,0.0,1.0,4.0,29
111000,121,0.52825,7042.620000000006,55.19986170196533,738.0,1.0,0.0,0.0,52.0,30
112000,122,0.524,460.0000000000091,56.427389236450196,1000.0,0.0,0.0,1.0,5.0,30
113000,124,0.51975,4497.655000000006,56.61113737487793,734.5,0.5,0.0,0.5,46.5,31
114000,125,0.5155000000000001,7043.190000000006,56.64405952453613,681.0,1.0,0.0,0.0,52.0,32
115000,126,0.51125,7042.810000000007,56.162090812683104,719.0,1.0,0.0,0.0,52.0,33
116000,127,0.5070000000000001,500.00000000000904,55.34937992095947,1000.0,0.0,0.0,1.0,6.0,33
117000,128,0.50275,200.00000000000833,55.444029190063475,1000.0,0.0,0.0,1.0,0.0,33
118000,129,0.49850000000000005,680.0000000000091,56.01235911560059,1000.0,0.0,0.0,1.0,2.0,33
119000,130,0.4942500000000001,1120.0000000000089,57.000980602264406,1000.0,0.0,0.0,1.0,13.0,33
120000,131,0.49,1110.000000000009,54.69591906738281,1000.0,0.0,0.0,1.0,8.0,33
121000,133,0.48575,4203.085000000006,56.31393691253662,691.5,0.5,0.0,0.5,32.5,34
122000,134,0.48150000000000004,7041.920000000007,54.97564608001709,808.0,1.0,0.0,0.0,52.0,35
123000,135,0.47725000000000006,820.0000000000086,55.52742395019531,1000.0,0.0,0.0,1.0,6.0,35
124000,136,0.473,880.0000000000088,55.55112487792969,1000.0,0.0,0.0,1.0,5.0,35
125000,137,0.46875,1020.0000000000089,55.83909900665283,1000.0,0.0,0.0,1.0,6.0,35
126000,138,0.4645,1410.0000000000089,57.02866893005371,1000.0,0.0,0.0,1.0,8.0,35
127000,139,0.46025000000000005,860.0000000000091,53.86169848632812,1000.0,0.0,0.0,1.0,12.0,35
128000,140,0.45599999999999996,320.00000000000864,55.09687648773193,1000.0,0.0,0.0,1.0,4.0,35
129000,141,0.45175,490.0000000000089,53.687852973937986,1000.0,0.0,0.0,1.0,12.0,35
130000,142,0.4475,1440.000000000009,53.01338404083252,1000.0,0.0,0.0,1.0,10.0,35
131000,144,0.44325000000000003,3682.1850000000068,54.56940878295899,781.5,0.5,0.0,0.5,30.0,36
132000,145,0.43899999999999995,760.0000000000091,51.81935716247558,1000.0,0.0,0.0,1.0,7.0,36
133000,146,0.43474999999999997,330.0000000000087,56.58347660827637,1000.0,0.0,0.0,1.0,0.0,36
134000,147,0.4305,1070.000000000009,55.31010914993286,1000.0,0.0,0.0,1.0,10.0,36
135000,149,0.42625,7045.565000000004,54.997683490753175,443.5,1.0,0.0,0.0,52.0,38
136000,151,0.42199999999999993,7046.360000000002,54.58988931274414,364.0,1.0,0.0,0.0,52.0,40
137000,153,0.41774999999999995,7044.810000000005,54.207250259399416,519.0,1.0,0.0,0.0,52.0,42
138000,154,0.4135000000000001,680.000000000009,54.62837003326416,1000.0,0.0,0.0,1.0,5.0,42
139000,155,0.40925,7042.970000000007,53.7282790145874,703.0,1.0,0.0,0.0,52.0,43
140000,156,0.405,790.0000000000091,55.359529132843015,1000.0,0.0,0.0,1.0,7.0,43
141000,157,0.40075000000000005,770.0000000000091,54.317700424194335,1000.0,0.0,0.0,1.0,9.0,43
142000,159,0.3965000000000001,3927.355000000007,55.59324527740478,764.5,0.5,0.0,0.5,27.0,44
143000,160,0.39225,1230.000000000009,53.15586862564087,1000.0,0.0,0.0,1.0,6.0,44
144000,161,0.388,680.000000000009,53.49772816467285,1000.0,0.0,0.0,1.0,9.0,44
145000,162,0.38375000000000004,920.0000000000089,52.902289451599124,1000.0,0.0,0.0,1.0,12.0,44
146000,163,0.37950000000000006,1070.000000000009,52.729118453979495,1000.0,0.0,0.0,1.0,9.0,44
147000,164,0.37525,1380.0000000000089,52.75200965499878,1000.0,0.0,0.0,1.0,11.0,44
148000,165,0.371,450.0000000000091,52.17714894104004,1000.0,0.0,0.0,1.0,7.0,44
149000,166,0.36675,7044.260000000005,51.30752593231201,574.0,1.0,0.0,0.0,52.0,45
150000,167,0.36250000000000004,980.0000000000091,52.01695213317871,1000.0,0.0,0.0,1.0,18.0,45
151000,168,0.35825000000000007,7042.150000000007,51.487233268737796,785.0,1.0,0.0,0.0,52.0,46
152000,171,0.354,2701.983333333337,52.45517669677734,468.6666666666667,0.3333333333333333,0.3333333333333333,0.3333333333333333,23.666666666666668,47
153000,173,0.34975,4263.465000000006,52.3163380355835,653.5,0.5,0.0,0.5,34.0,48
154000,174,0.34550000000000003,7042.680000000007,51.56347769927979,732.0,1.0,0.0,0.0,52.0,49
155000,175,0.34125000000000005,850.0000000000091,53.08551457977295,1000.0,0.0,0.0,1.0,10.0,49
156000,176,0.33699999999999997,1200.000000000009,51.74770026397705,1000.0,0.0,0.0,1.0,12.0,49
157000,177,0.33275,7044.320000000005,52.667032844543456,568.0,1.0,0.0,0.0,52.0,50
158000,179,0.3285,4246.975000000007,52.671502670288085,802.5,0.5,0.0,0.5,34.5,51
159000,180,0.32425000000000004,500.000000000009,51.36153885269165,1000.0,0.0,0.0,1.0,8.0,51
160000,182,0.31999999999999995,7045.345000000004,49.99320490264893,465.5,1.0,0.0,0.0,52.0,53
161000,183,0.31575,1010.0000000000091,51.77809423446655,1000.0,0.0,0.0,1.0,6.0,53
162000,184,0.3115,7046.510000000003,50.103728981018065,349.0,1.0,0.0,0.0,52.0,54
163000,186,0.30725,7040.935000000009,50.7015193939209,906.5,1.0,0.0,0.0,52.0,56
164000,187,0.30300000000000005,980.0000000000091,52.96610945892334,1000.0,0.0,0.0,1.0,9.0,56
165000,188,0.29875000000000007,7005.250000000004,50.2395071105957,475.0,1.0,0.0,0.0,52.0,57
166000,189,0.2945000000000001,1230.0000000000086,49.068090576171876,1000.0,0.0,0.0,1.0,7.0,57
167000,191,0.29025,7042.895000000006,51.36500399017334,710.5,1.0,0.0,0.0,52.0,59
168000,192,0.28600000000000003,7043.9200000000055,48.855076732635496,608.0,1.0,0.0,0.0,52.0,60
169000,193,0.28175000000000006,760.0000000000091,50.36395286178589,1000.0,0.0,0.0,1.0,7.0,60
170000,194,0.2775000000000001,730.000000000009,50.142350986480714,1000.0,0.0,0.0,1.0,7.0,60
171000,195,0.27325,7042.890000000006,51.12386656570435,711.0,1.0,0.0,0.0,52.0,61
172000,197,0.269,3972.355000000007,50.49434058380127,764.5,0.5,0.0,0.5,31.0,62
173000,198,0.26475000000000004,1520.000000000009,50.97994206237793,1000.0,0.0,0.0,1.0,10.0,62
174000,199,0.26050000000000006,7045.480000000003,50.56124224853516,452.0,1.0,0.0,0.0,52.0,63
175000,201,0.25625,3822.535000000006,50.924744525909425,746.5,0.5,0.0,0.5,29.5,64
176000,203,0.252,539.460000000005,49.15365779876709,554.5,0.0,0.5,0.5,9.5,64
177000,204,0.24775000000000003,1360.000000000009,47.86482981872559,1000.0,0.0,0.0,1.0,14.0,64
178000,205,0.24350000000000005,560.0000000000091,48.580289405822754,1000.0,0.0,0.0,1.0,6.0,64
179000,206,0.23924999999999996,970.000000000009,48.519564834594725,1000.0,0.0,0.0,1.0,7.0,64
180000,207,0.235,7043.590000000006,49.62052473449707,641.0,1.0,0.0,0.0,52.0,65
181000,208,0.23075,1530.000000000009,48.11315628051758,1000.0,0.0,0.0,1.0,20.0,65
182000,209,0.22650000000000003,360.000000000009,48.06956818771362,1000.0,0.0,0.0,1.0,5.0,65
183000,211,0.22224999999999995,3933.3850000000057,48.709855052948,661.5,0.5,0.0,0.5,31.5,66
184000,212,0.21799999999999997,1520.000000000009,49.61346030426025,1000.0,0.0,0.0,1.0,29.0,66
185000,214,0.21375,7045.575000000003,49.40349574279785,442.5,1.0,0.0,0.0,52.0,68
186000,215,0.20950000000000002,1460.0000000000089,49.31906046295166,1000.0,0.0,0.0,1.0,19.0,68
187000,216,0.20524999999999993,410.00000000000904,48.98121486663818,1000.0,0.0,0.0,1.0,11.0,68
188000,217,0.20100000000000007,1350.000000000009,46.446596057891846,1000.0,0.0,0.0,1.0,12.0,68
189000,218,0.1967500000000001,1260.000000000009,49.610094245910645,1000.0,0.0,0.0,1.0,9.0,68
190000,219,0.1925,660.0000000000091,48.18097359466553,1000.0,0.0,0.0,1.0,2.0,68
191000,222,0.18825000000000003,2755.393333333337,47.31380801391602,461.0,0.3333333333333333,0.3333333333333333,0.3333333333333333,24.333333333333332,69
192000,223,0.18400000000000005,350.000000000009,48.84797747039795,1000.0,0.0,0.0,1.0,8.0,69
193000,224,0.17975000000000008,150.000000000009,48.28029530334473,1000.0,0.0,0.0,1.0,3.0,69
194000,225,0.1755,1650.000000000009,46.946331306457516,1000.0,0.0,0.0,1.0,29.0,69
195000,226,0.17125,720.0000000000091,49.13738699340821,1000.0,0.0,0.0,1.0,10.0,69
196000,228,0.16700000000000004,7045.905000000003,47.678129974365234,409.5,1.0,0.0,0.0,52.0,71
197000,230,0.16275000000000006,3888.780000000005,49.62687085723877,622.0,0.5,0.0,0.5,31.5,72
198000,231,0.15849999999999997,1030.000000000009,47.90473556137085,1000.0,0.0,0.0,1.0,5.0,72
199000,233,0.15425,7045.530000000004,48.11783477401733,447.0,1.0,0.0,0.0,52.0,74
200000,234,0.15000000000000002,7045.380000000004,48.5831259803772,462.0,1.0,0.0,0.0,52.0,75
201000,235,0.15000000000000002,1350.0000000000089,46.580504787445065,1000.0,0.0,0.0,1.0,23.0,75
202000,236,0.15000000000000002,640.0000000000091,46.562739360809324,1000.0,0.0,0.0,1.0,3.0,75
203000,237,0.15000000000000002,920.0000000000088,46.941289993286134,1000.0,0.0,0.0,1.0,7.0,75
204000,239,0.15000000000000002,3917.5350000000067,47.894092266082765,746.5,0.5,0.0,0.5,29.5,76
205000,241,0.15000000000000002,7044.340000000005,49.42136505889893,566.0,1.0,0.0,0.0,52.0,78
206000,242,0.15000000000000002,900.000000000009,48.410772430419925,1000.0,0.0,0.0,1.0,3.0,78
207000,243,0.15000000000000002,400.0000000000091,46.146400947570804,1000.0,0.0,0.0,1.0,4.0,78
208000,244,0.15000000000000002,840.0000000000091,47.10183656311035,1000.0,0.0,0.0,1.0,6.0,78
209000,245,0.15000000000000002,7044.670000000004,46.01738375854492,533.0,1.0,0.0,0.0,52.0,79
210000,247,0.15000000000000002,7042.5050000000065,46.74078247833252,749.5,1.0,0.0,0.0,52.0,81
211000,248,0.15000000000000002,7043.800000000005,46.40964242553711,620.0,1.0,0.0,0.0,52.0,82
212000,249,0.15000000000000002,550.0000000000088,46.69638888931274,1000.0,0.0,0.0,1.0,3.0,82
213000,250,0.15000000000000002,600.0000000000091,47.04068755340576,1000.0,0.0,0.0,1.0,11.0,82
214000,251,0.15000000000000002,7042.6300000000065,44.401981590271,737.0,1.0,0.0,0.0,52.0,83
215000,252,0.15000000000000002,1260.0000000000086,47.639878170013425,1000.0,0.0,0.0,1.0,21.0,83
216000,254,0.15000000000000002,4167.420000000007,44.85008646392822,758.0,0.5,0.0,0.5,34.0,84
217000,255,0.15000000000000002,7042.7500000000055,45.42427219772339,725.0,1.0,0.0,0.0,52.0,85
218000,256,0.15000000000000002,900.000000000009,45.05917028808594,1000.0,0.0,0.0,1.0,11.0,85
219000,257,0.15000000000000002,770.000000000009,46.129592742919925,1000.0,0.0,0.0,1.0,3.0,85
220000,258,0.15000000000000002,440.000000000009,45.59482339096069,1000.0,0.0,0.0,1.0,4.0,85
221000,259,0.15000000000000002,930.000000000009,43.96572094726562,1000.0,0.0,0.0,1.0,6.0,85
222000,260,0.15000000000000002,290.0000000000091,46.34074068450928,1000.0,0.0,0.0,1.0,4.0,85
223000,261,0.15000000000000002,520.0000000000091,44.26312526702881,1000.0,0.0,0.0,1.0,4.0,85
224000,262,0.15000000000000002,1130.000000000009,46.22305430221557,1000.0,0.0,0.0,1.0,11.0,85
225000,263,0.15000000000000002,390.0000000000091,45.548984413146975,1000.0,0.0,0.0,1.0,5.0,85
226000,265,0.15000000000000002,7044.520000000004,45.26365068054199,548.0,1.0,0.0,0.0,52.0,87
227000,266,0.15000000000000002,1110.000000000009,45.14595049285889,1000.0,0.0,0.0,1.0,16.0,87
228000,267,0.15000000000000002,620.0000000000091,44.732358520507816,1000.0,0.0,0.0,1.0,5.0,87
229000,268,0.15000000000000002,7046.390000000003,44.09533967590332,361.0,1.0,0.0,0.0,52.0,88
230000,269,0.15000000000000002,580.0000000000085,43.25981469345093,1000.0,0.0,0.0,1.0,5.0,88
231000,270,0.15000000000000002,1300.0000000000089,46.37445245361328,1000.0,0.0,0.0,1.0,13.0,88
232000,271,0.15000000000000002,620.0000000000086,44.35246277999878,1000.0,0.0,0.0,1.0,9.0,88
233000,272,0.15000000000000002,140.00000000000873,43.95077291870117,1000.0,0.0,0.0,1.0,5.0,88
234000,273,0.15000000000000002,560.0000000000086,43.05446685791016,1000.0,0.0,0.0,1.0,2.0,88
235000,274,0.15000000000000002,1410.0000000000089,42.99604996871948,1000.0,0.0,0.0,1.0,9.0,88
236000,275,0.15000000000000002,1580.000000000009,45.066858337402344,1000.0,0.0,0.0,1.0,29.0,88
237000,276,0.15000000000000002,690.0000000000091,44.915276119232175,1000.0,0.0,0.0,1.0,7.0,88
238000,279,0.15000000000000002,4857.023333333339,41.356837909698484,631.0,0.6666666666666666,0.0,0.3333333333333333,36.0,90
239000,280,0.15000000000000002,7047.680000000002,43.83945281600952,232.0,1.0,0.0,0.0,52.0,91
240000,281,0.15000000000000002,600.0000000000091,43.50140389251709,1000.0,0.0,0.0,1.0,10.0,91
241000,282,0.15000000000000002,950.0000000000091,42.25089594268799,1000.0,0.0,0.0,1.0,14.0,91
242000,283,0.15000000000000002,810.0000000000091,43.85510938644409,1000.0,0.0,0.0,1.0,19.0,91
243000,284,0.15000000000000002,1150.000000000009,42.37181645584106,1000.0,0.0,0.0,1.0,13.0,91
244000,285,0.15000000000000002,1270.000000000009,43.95305602264404,1000.0,0.0,0.0,1.0,13.0,91
245000,288,0.15000000000000002,5010.553333333339,43.29679516792297,611.3333333333334,0.6666666666666666,0.0,0.3333333333333333,39.0,93
246000,289,0.15000000000000002,69.99999999999514,43.63712612152099,1000.0,0.0,0.0,1.0,2.0,93
247000,291,0.15000000000000002,7044.960000000005,44.21752559280395,504.0,1.0,0.0,0.0,52.0,95
248000,292,0.15000000000000002,230.00000000000801,45.31486181259155,1000.0,0.0,0.0,1.0,1.0,95
249000,293,0.15000000000000002,830.0000000000091,44.12094775772095,1000.0,0.0,0.0,1.0,5.0,95
250000,294,0.15000000000000002,460.00000000000904,43.227180683135984,1000.0,0.0,0.0,1.0,8.0,95
251000,295,0.15000000000000002,270.00000000000904,44.04729442977905,1000.0,0.0,0.0,1.0,8.0,95
252000,296,0.15000000000000002,1500.0000000000089,41.79587768554688,1000.0,0.0,0.0,1.0,17.0,95
253000,297,0.15000000000000002,630.0000000000089,41.73894695091248,1000.0,0.0,0.0,1.0,3.0,95
254000,298,0.15000000000000002,760.0000000000091,42.47239291381836,1000.0,0.0,0.0,1.0,5.0,95
255000,300,0.15000000000000002,7045.900000000003,41.588271884918214,410.0,1.0,0.0,0.0,52.0,97
256000,301,0.15000000000000002,7045.4100000000035,40.80200187301636,459.0,1.0,0.0,0.0,52.0,98
257000,302,0.15000000000000002,1510.000000000009,41.20860889053345,1000.0,0.0,0.0,1.0,16.0,98
258000,304,0.15000000000000002,3987.975000000006,39.75616570663452,702.5,0.5,0.0,0.5,29.0,99
259000,305,0.15000000000000002,1750.0000000000089,40.657429718017575,1000.0,0.0,0.0,1.0,32.0,99
260000,306,0.15000000000000002,820.0000000000091,37.55425839996338,1000.0,0.0,0.0,1.0,16.0,99
261000,307,0.15000000000000002,760.0000000000091,38.67251091003418,1000.0,0.0,0.0,1.0,0.0,99
262000,308,0.15000000000000002,420.000000000008,36.41534566116333,1000.0,0.0,0.0,1.0,6.0,99
263000,309,0.15000000000000002,1120.000000000009,37.01188437652588,1000.0,0.0,0.0,1.0,10.0,99
264000,311,0.15000000000000002,7043.400000000005,37.46996409225464,660.0,1.0,0.0,0.0,52.0,101
265000,312,0.15000000000000002,850.0000000000091,39.273736763000485,1000.0,0.0,0.0,1.0,6.0,101
266000,313,0.15000000000000002,660.0000000000091,36.36073523330688,1000.0,0.0,0.0,1.0,12.0,101
267000,314,0.15000000000000002,7045.150000000004,37.15206649017334,485.0,1.0,0.0,0.0,52.0,102
268000,316,0.15000000000000002,3863.135000000006,38.13718263244629,686.5,0.5,0.0,0.5,27.0,103
269000,317,0.15000000000000002,1380.0000000000089,37.10613131713867,1000.0,0.0,0.0,1.0,18.0,103
270000,318,0.15000000000000002,590.0000000000091,35.94682490539551,1000.0,0.0,0.0,1.0,4.0,103
271000,319,0.15000000000000002,1440.000000000009,36.22646545028687,1000.0,0.0,0.0,1.0,17.0,103
272000,320,0.15000000000000002,1150.0000000000089,34.868405334472655,1000.0,0.0,0.0,1.0,11.0,103
273000,321,0.15000000000000002,1360.0000000000089,35.21119622802734,1000.0,0.0,0.0,1.0,14.0,103
274000,322,0.15000000000000002,300.0000000000087,33.97581335830689,1000.0,0.0,0.0,1.0,2.0,103
275000,323,0.15000000000000002,1220.0000000000089,35.904854843139645,1000.0,0.0,0.0,1.0,19.0,103
276000,324,0.15000000000000002,1580.0000000000089,34.76856380081177,1000.0,0.0,0.0,1.0,24.0,103
277000,325,0.15000000000000002,930.0000000000091,35.46759574890137,1000.0,0.0,0.0,1.0,15.0,103
278000,326,0.15000000000000002,800.0000000000076,34.54464657211304,1000.0,0.0,0.0,1.0,12.0,103
279000,327,0.15000000000000002,660.000000000009,34.81764015197754,1000.0,0.0,0.0,1.0,7.0,103
280000,328,0.15000000000000002,700.0000000000091,34.85129608154297,1000.0,0.0,0.0,1.0,3.0,103
281000,329,0.15000000000000002,850.0000000000091,32.94227848052979,1000.0,0.0,0.0,1.0,7.0,103
282000,330,0.15000000000000002,590.000000000009,34.22113106918335,1000.0,0.0,0.0,1.0,10.0,103
283000,331,0.15000000000000002,7046.810000000002,33.41807418060303,319.0,1.0,0.0,0.0,52.0,104
284000,333,0.15000000000000002,4097.435000000007,33.851366035461425,756.5,0.5,0.0,0.5,32.0,105
285000,335,0.15000000000000002,7045.470000000003,34.58733544540405,453.0,1.0,0.0,0.0,52.0,107
286000,336,0.15000000000000002,7045.330000000004,34.619174373626706,467.0,1.0,0.0,0.0,52.0,108
287000,337,0.15000000000000002,1370.0000000000089,33.03127347183228,1000.0,0.0,0.0,1.0,15.0,108
288000,338,0.15000000000000002,1440.000000000009,33.84906224060059,1000.0,0.0,0.0,1.0,18.0,108
289000,339,0.15000000000000002,300.00000000000904,33.34404406166077,1000.0,0.0,0.0,1.0,2.0,108
290000,340,0.15000000000000002,1320.000000000009,34.44017133331299,1000.0,0.0,0.0,1.0,9.0,108
291000,341,0.15000000000000002,1220.000000000009,32.36531413269043,1000.0,0.0,0.0,1.0,16.0,108
292000,342,0.15000000000000002,650.000000000009,33.82959081268311,1000.0,0.0,0.0,1.0,5.0,108
293000,343,0.15000000000000002,1340.000000000009,32.167023544311526,1000.0,0.0,0.0,1.0,17.0,108
294000,344,0.15000000000000002,1290.0000000000089,32.70183513259888,1000.0,0.0,0.0,1.0,10.0,108
295000,346,0.15000000000000002,4192.805000000007,32.18430658721924,719.5,0.5,0.0,0.5,34.5,109
296000,348,0.15000000000000002,7046.155000000003,31.705728435516356,384.5,1.0,0.0,0.0,52.0,111
297000,350,0.15000000000000002,4223.925000000005,31.57680586242676,607.5,0.5,0.0,0.5,32.5,112
298000,351,0.15000000000000002,1000.0000000000091,31.556563682556153,1000.0,0.0,0.0,1.0,3.0,112
299000,352,0.15000000000000002,660.0000000000091,32.99344905853272,1000.0,0.0,0.0,1.0,7.0,112
300000,354,0.15000000000000002,4068.775000000005,31.592709815979003,622.5,0.5,0.0,0.5,28.5,113
301000,355,0.15000000000000002,7045.860000000003,30.740636795043944,414.0,1.0,0.0,0.0,52.0,114
302000,357,0.15000000000000002,4017.970000000006,29.71277098464966,703.0,0.5,0.0,0.5,30.0,115
303000,358,0.15000000000000002,1070.0000000000084,31.47286769104004,1000.0,0.0,0.0,1.0,7.0,115
304000,360,0.15000000000000002,3927.900000000006,32.403958614349364,710.0,0.5,0.0,0.5,29.0,116
305000,361,0.15000000000000002,820.0000000000091,31.284099506378173,1000.0,0.0,0.0,1.0,10.0,116
306000,362,0.15000000000000002,1730.0000000000089,30.54038628768921,1000.0,0.0,0.0,1.0,35.0,116
307000,363,0.15000000000000002,1500.000000000009,32.63964670562744,1000.0,0.0,0.0,1.0,19.0,116
308000,364,0.15000000000000002,7002.970000000006,30.356488960266113,703.0,1.0,0.0,0.0,52.0,117
309000,365,0.15000000000000002,480.0000000000091,29.400360389709473,1000.0,0.0,0.0,1.0,9.0,117
310000,366,0.15000000000000002,730.0000000000091,30.22307011795044,1000.0,0.0,0.0,1.0,4.0,117
311000,367,0.15000000000000002,7046.080000000004,31.290858028411865,392.0,1.0,0.0,0.0,52.0,118
312000,368,0.15000000000000002,1550.000000000009,31.150995006561278,1000.0,0.0,0.0,1.0,17.0,118
313000,370,0.15000000000000002,4106.405000000008,29.310036207199097,859.5,0.5,0.0,0.5,33.0,119
314000,372,0.15000000000000002,344.59000000000486,30.269048416137696,541.5,0.0,0.5,0.5,5.5,119
315000,374,0.15000000000000002,7045.9100000000035,29.72634315109253,409.0,1.0,0.0,0.0,52.0,121
316000,375,0.15000000000000002,1270.0000000000089,29.806299421310424,1000.0,0.0,0.0,1.0,19.0,121
317000,376,0.15000000000000002,1320.0000000000086,30.553003944396973,1000.0,0.0,0.0,1.0,10.0,121
318000,377,0.15000000000000002,1350.000000000009,29.97379309463501,1000.0,0.0,0.0,1.0,16.0,121
319000,378,0.15000000000000002,7005.340000000004,28.157958023071288,466.0,1.0,0.0,0.0,52.0,122
320000,379,0.15000000000000002,370.0000000000091,29.29461920928955,1000.0,0.0,0.0,1.0,9.0,122
321000,381,0.15000000000000002,3846.5950000000075,28.958969635009765,840.5,0.5,0.0,0.5,29.0,123
322000,382,0.15000000000000002,1250.000000000009,28.330925426483155,1000.0,0.0,0.0,1.0,13.0,123
323000,383,0.15000000000000002,7040.380000000008,29.76449015235901,962.0,1.0,0.0,0.0,52.0,124
324000,384,0.15000000000000002,1060.000000000009,29.174463077545166,1000.0,0.0,0.0,1.0,12.0,124
325000,385,0.15000000000000002,7006.120000000003,30.852330722808837,388.0,1.0,0.0,0.0,52.0,125
326000,386,0.15000000000000002,690.0000000000091,29.220380828857422,1000.0,0.0,0.0,1.0,8.0,125
327000,387,0.15000000000000002,1230.000000000009,30.1065202293396,1000.0,0.0,0.0,1.0,20.0,125
328000,389,0.15000000000000002,4277.7550000000065,31.055204986572267,724.5,0.5,0.0,0.5,32.5,126
329000,391,0.15000000000000002,3743.1450000000054,29.282926568984987,685.5,0.5,0.0,0.5,29.0,127
330000,392,0.15000000000000002,280.00000000000904,30.904983779907226,1000.0,0.0,0.0,1.0,8.0,127
331000,393,0.15000000000000002,1640.0000000000089,30.08004967880249,1000.0,0.0,0.0,1.0,36.0,127
332000,394,0.15000000000000002,1160.000000000009,28.77311722946167,1000.0,0.0,0.0,1.0,9.0,127
333000,396,0.15000000000000002,7045.605000000003,30.099717643737794,439.5,1.0,0.0,0.0,52.0,129
334000,397,0.15000000000000002,1770.000000000009,28.564982648849487,1000.0,0.0,0.0,1.0,35.0,129
335000,399,0.15000000000000002,7044.930000000004,28.919081684112548,507.0,1.0,0.0,0.0,52.0,131
336000,400,0.15000000000000002,1820.000000000009,28.126199405670167,1000.0,0.0,0.0,1.0,30.0,131
337000,401,0.15000000000000002,530.0000000000091,28.23330139541626,1000.0,0.0,0.0,1.0,13.0,131
338000,402,0.15000000000000002,340.0000000000083,28.04531534194946,1000.0,0.0,0.0,1.0,10.0,131
339000,403,0.15000000000000002,420.0000000000091,28.18654782295227,1000.0,0.0,0.0,1.0,8.0,131
340000,404,0.15000000000000002,7045.790000000004,27.566548751831053,421.0,1.0,0.0,0.0,52.0,132
341000,406,0.15000000000000002,3743.4950000000053,27.900245792388915,650.5,0.5,0.0,0.5,28.5,133
342000,408,0.15000000000000002,3938.195000000006,26.74904993057251,680.5,0.5,0.0,0.5,29.0,134
343000,410,0.15000000000000002,7045.865000000003,27.52914031982422,413.5,1.0,0.0,0.0,52.0,136
344000,411,0.15000000000000002,7046.620000000003,27.77422709274292,338.0,1.0,0.0,0.0,52.0,137
345000,412,0.15000000000000002,630.0000000000083,27.086391498565675,1000.0,0.0,0.0,1.0,5.0,137
346000,413,0.15000000000000002,300.0000000000083,26.26149751281738,1000.0,0.0,0.0,1.0,3.0,137
347000,416,0.15000000000000002,5094.016666666671,28.330486612319945,598.3333333333334,0.6666666666666666,0.0,0.3333333333333333,39.0,139
348000,417,0.15000000000000002,660.000000000009,27.108055116653443,1000.0,0.0,0.0,1.0,2.0,139
349000,418,0.15000000000000002,7044.080000000005,27.4021315574646,592.0,1.0,0.0,0.0,52.0,140
350000,419,0.15000000000000002,330.0000000000088,26.527579635620118,1000.0,0.0,0.0,1.0,1.0,140
351000,420,0.15000000000000002,850.000000000009,27.210803451538087,1000.0,0.0,0.0,1.0,7.0,140
352000,422,0.15000000000000002,7043.1700000000055,27.535940670013428,683.0,1.0,0.0,0.0,52.0,142
353000,423,0.15000000000000002,7046.270000000003,26.439937477111815,373.0,1.0,0.0,0.0,52.0,143
354000,425,0.15000000000000002,3658.8750000000055,26.95508834075928,612.5,0.5,0.0,0.5,26.0,144
355000,427,0.15000000000000002,4008.440000000006,27.789823345184328,656.0,0.5,0.0,0.5,30.5,145
356000,428,0.15000000000000002,890.000000000009,27.183311401367188,1000.0,0.0,0.0,1.0,7.0,145
357000,429,0.15000000000000002,7044.620000000004,26.31873267364502,538.0,1.0,0.0,0.0,52.0,146
358000,430,0.15000000000000002,890.000000000009,25.85634117889404,1000.0,0.0,0.0,1.0,12.0,146
359000,431,0.15000000000000002,520.000000000009,26.507170989990236,1000.0,0.0,0.0,1.0,8.0,146
360000,434,0.15000000000000002,2825.4566666666706,26.179850545883177,454.6666666666667,0.3333333333333333,0.3333333333333333,0.3333333333333333,22.666666666666668,147
361000,435,0.15000000000000002,450.0000000000088,26.05261043167114,1000.0,0.0,0.0,1.0,5.0,147
362000,436,0.15000000000000002,720.0000000000091,26.34852565765381,1000.0,0.0,0.0,1.0,2.0,147
363000,437,0.15000000000000002,7045.990000000003,25.82307932662964,401.0,1.0,0.0,0.0,52.0,148
364000,438,0.15000000000000002,1170.0000000000089,25.175180402755736,1000.0,0.0,0.0,1.0,10.0,148
365000,439,0.15000000000000002,1580.0000000000089,26.401624271392823,1000.0,0.0,0.0,1.0,21.0,148
366000,440,0.15000000000000002,260.00000000000904,25.189856281280516,1000.0,0.0,0.0,1.0,7.0,148
367000,441,0.15000000000000002,340.0000000000086,25.356766496658324,1000.0,0.0,0.0,1.0,6.0,148
368000,442,0.15000000000000002,1480.000000000009,25.06801438331604,1000.0,0.0,0.0,1.0,10.0,148
369000,444,0.15000000000000002,3573.154999999999,26.210274633407593,684.5,0.5,0.0,0.5,29.0,149
370000,445,0.15000000000000002,380.0000000000087,24.800981609344483,1000.0,0.0,0.0,1.0,5.0,149
371000,446,0.15000000000000002,840.0000000000091,24.18574485015869,1000.0,0.0,0.0,1.0,4.0,149
372000,447,0.15000000000000002,530.0000000000091,24.910060390472413,1000.0,0.0,0.0,1.0,4.0,149
373000,448,0.15000000000000002,620.0000000000091,25.267943325042726,1000.0,0.0,0.0,1.0,10.0,149
374000,449,0.15000000000000002,650.000000000009,24.789777618408202,1000.0,0.0,0.0,1.0,7.0,149
375000,450,0.15000000000000002,1180.000000000009,25.141011798858642,1000.0,0.0,0.0,1.0,23.0,149
376000,452,0.15000000000000002,3627.8050000000067,23.325613679885866,719.5,0.5,0.0,0.5,26.5,150
377000,453,0.15000000000000002,7042.550000000007,25.252445915222168,745.0,1.0,0.0,0.0,52.0,151
378000,456,0.15000000000000002,7032.49666666667,25.87515413093567,417.0,1.0,0.0,0.0,52.0,154
379000,457,0.15000000000000002,1310.0000000000089,24.127458536148072,1000.0,0.0,0.0,1.0,11.0,154
380000,458,0.15000000000000002,7047.0300000000025,24.646714401245116,297.0,1.0,0.0,0.0,52.0,155
381000,459,0.15000000000000002,1300.0000000000086,24.978875339508058,1000.0,0.0,0.0,1.0,8.0,155
382000,461,0.15000000000000002,4022.9400000000055,23.87541636657715,706.0,0.5,0.0,0.5,30.0,156
383000,462,0.15000000000000002,700.000000000009,23.58296572113037,1000.0,0.0,0.0,1.0,12.0,156
384000,463,0.15000000000000002,7040.050000000008,26.253143056869508,995.0,1.0,0.0,0.0,52.0,157
385000,464,0.15000000000000002,220.00000000000907,23.20414635658264,1000.0,0.0,0.0,1.0,3.0,157
386000,465,0.15000000000000002,1260.0000000000089,23.200268978118896,1000.0,0.0,0.0,1.0,26.0,157
387000,466,0.15000000000000002,500.0000000000091,24.332710540771483,1000.0,0.0,0.0,1.0,5.0,157
388000,468,0.15000000000000002,4358.520000000006,23.179114097595214,648.0,0.5,0.0,0.5,41.0,158
389000,469,0.15000000000000002,1100.000000000009,24.83831569290161,1000.0,0.0,0.0,1.0,7.0,158
390000,470,0.15000000000000002,7046.7400000000025,23.613440921783447,326.0,1.0,0.0,0.0,52.0,159
391000,472,0.15000000000000002,3803.185000000006,23.034474376678467,681.5,0.5,0.0,0.5,28.5,160
392000,473,0.15000000000000002,7045.250000000004,24.287016189575194,475.0,1.0,0.0,0.0,52.0,161
393000,474,0.15000000000000002,1050.0000000000089,23.079844131469727,1000.0,0.0,0.0,1.0,12.0,161
394000,475,0.15000000000000002,1420.000000000009,24.214879457473756,1000.0,0.0,0.0,1.0,24.0,161
395000,477,0.15000000000000002,4328.340000000006,24.656691146850587,666.0,0.5,0.0,0.5,40.5,162
396000,478,0.15000000000000002,680.0000000000091,23.881382999420165,1000.0,0.0,0.0,1.0,6.0,162
397000,479,0.15000000000000002,970.0000000000091,23.709655151367187,1000.0,0.0,0.0,1.0,10.0,162
398000,481,0.15000000000000002,7044.095000000005,24.048892320632934,590.5,1.0,0.0,0.0,52.0,164
399000,482,0.15000000000000002,980.000000000009,23.479225170135496,1000.0,0.0,0.0,1.0,9.0,164
400000,483,0.15000000000000002,460.0000000000091,22.73183845901489,1000.0,0.0,0.0,1.0,2.0,164
401000,484,0.15000000000000002,940.0000000000091,24.0379868888855,1000.0,0.0,0.0,1.0,10.0,164
402000,485,0.15000000000000002,1340.000000000009,23.403309373855592,1000.0,0.0,0.0,1.0,13.0,164
403000,486,0.15000000000000002,1830.0000000000086,23.016379890441893,1000.0,0.0,0.0,1.0,40.0,164
404000,487,0.15000000000000002,7044.940000000004,24.12522632598877,506.0,1.0,0.0,0.0,52.0,165
405000,488,0.15000000000000002,1430.000000000009,22.994964778900147,1000.0,0.0,0.0,1.0,19.0,165
406000,491,0.15000000000000002,4850.363333333339,23.33676230621338,630.3333333333334,0.6666666666666666,0.0,0.3333333333333333,36.333333333333336,167
407000,492,0.15000000000000002,390.00000000000864,24.188506185531615,1000.0,0.0,0.0,1.0,9.0,167
408000,493,0.15000000000000002,7040.920000000007,22.18547518157959,908.0,1.0,0.0,0.0,52.0,168
409000,494,0.15000000000000002,530.0000000000091,22.492529384613036,1000.0,0.0,0.0,1.0,3.0,168
410000,495,0.15000000000000002,1390.0000000000084,22.70805630683899,1000.0,0.0,0.0,1.0,22.0,168
411000,496,0.15000000000000002,920.0000000000089,21.594455251693727,1000.0,0.0,0.0,1.0,2.0,168
412000,498,0.15000000000000002,7045.7850000000035,23.30142022514343,421.5,1.0,0.0,0.0,52.0,170
413000,499,0.15000000000000002,7005.730000000003,22.25605456161499,427.0,1.0,0.0,0.0,52.0,171
414000,501,0.15000000000000002,3997.2200000000066,22.423708181381226,778.0,0.5,0.0,0.5,30.5,172
415000,502,0.15000000000000002,1550.000000000009,23.65547023010254,1000.0,0.0,0.0,1.0,18.0,172
416000,503,0.15000000000000002,7001.030000000008,23.33619171333313,897.0,1.0,0.0,0.0,52.0,173
417000,504,0.15000000000000002,7045.080000000004,23.112096044540404,492.0,1.0,0.0,0.0,52.0,174
418000,506,0.15000000000000002,4176.990000000007,21.736034950256347,801.0,0.5,0.0,0.5,30.0,175
419000,507,0.15000000000000002,840.000000000009,21.767704519271852,1000.0,0.0,0.0,1.0,6.0,175
420000,508,0.15000000000000002,7044.270000000005,22.791041694641113,573.0,1.0,0.0,0.0,52.0,176
421000,510,0.15000000000000002,4237.680000000007,21.87146774864197,732.0,0.5,0.0,0.5,35.5,177
422000,511,0.15000000000000002,7044.610000000004,21.735751544952393,539.0,1.0,0.0,0.0,52.0,178
423000,513,0.15000000000000002,3697.0600000000068,22.94558660697937,794.0,0.5,0.0,0.5,26.5,179
424000,515,0.15000000000000002,7045.375000000004,23.276789728164673,462.5,1.0,0.0,0.0,52.0,181
425000,516,0.15000000000000002,180.00000000000895,23.116699863433837,1000.0,0.0,0.0,1.0,4.0,181
426000,517,0.15000000000000002,710.0000000000082,21.591823888778688,1000.0,0.0,0.0,1.0,7.0,181
427000,518,0.15000000000000002,7042.090000000007,21.844023628234865,791.0,1.0,0.0,0.0,52.0,182
428000,519,0.15000000000000002,1580.000000000009,22.566888135910034,1000.0,0.0,0.0,1.0,23.0,182
429000,521,0.15000000000000002,3788.5200000000054,21.797898628234865,648.0,0.5,0.0,0.5,27.0,183
430000,522,0.15000000000000002,7042.510000000007,22.388745416641235,749.0,1.0,0.0,0.0,52.0,184
431000,523,0.15000000000000002,870.0000000000091,22.340371870040894,1000.0,0.0,0.0,1.0,8.0,184
432000,524,0.15000000000000002,890.0000000000089,21.635022901535034,1000.0,0.0,0.0,1.0,15.0,184
433000,525,0.15000000000000002,1700.000000000009,22.082322980880736,1000.0,0.0,0.0,1.0,35.0,184
434000,527,0.15000000000000002,7044.795000000004,22.353973405838012,520.5,1.0,0.0,0.0,52.0,186
435000,528,0.15000000000000002,7043.390000000005,21.05565281867981,661.0,1.0,0.0,0.0,52.0,187
436000,529,0.15000000000000002,1560.0000000000089,22.527068460464477,1000.0,0.0,0.0,1.0,24.0,187
437000,531,0.15000000000000002,4152.790000000006,22.44712727355957,721.0,0.5,0.0,0.5,33.0,188
438000,532,0.15000000000000002,890.0000000000091,22.446699548721313,1000.0,0.0,0.0,1.0,5.0,188
439000,533,0.15000000000000002,900.000000000009,22.083598224639893,1000.0,0.0,0.0,1.0,2.0,188
440000,534,0.15000000000000002,7041.180000000008,22.136742492675783,882.0,1.0,0.0,0.0,52.0,189
441000,535,0.15000000000000002,7002.000000000007,23.059496454238893,800.0,1.0,0.0,0.0,52.0,190
442000,536,0.15000000000000002,900.000000000009,21.80231723022461,1000.0,0.0,0.0,1.0,8.0,190
443000,537,0.15000000000000002,1180.0000000000089,21.8547825717926,1000.0,0.0,0.0,1.0,15.0,190
444000,538,0.15000000000000002,950.0000000000091,21.733913370132445,1000.0,0.0,0.0,1.0,16.0,190
445000,539,0.15000000000000002,940.000000000009,21.289886632919313,1000.0,0.0,0.0,1.0,8.0,190
446000,540,0.15000000000000002,260.00000000000864,21.240915229797363,1000.0,0.0,0.0,1.0,8.0,190
447000,542,0.15000000000000002,3802.6050000000064,19.90003292274475,739.5,0.5,0.0,0.5,30.0,191
448000,543,0.15000000000000002,1200.0000000000077,21.65967021560669,1000.0,0.0,0.0,1.0,18.0,191
449000,544,0.15000000000000002,7046.330000000004,21.2292396068573,367.0,1.0,0.0,0.0,52.0,192
450000,545,0.15000000000000002,560.000000000009,20.999558862686158,1000.0,0.0,0.0,1.0,9.0,192
451000,547,0.15000000000000002,4147.705000000006,21.26947459411621,729.5,0.5,0.0,0.5,34.5,193
452000,548,0.15000000000000002,7046.1600000000035,20.277740947723387,384.0,1.0,0.0,0.0,52.0,194
453000,549,0.15000000000000002,810.000000000009,21.56500157546997,1000.0,0.0,0.0,1.0,8.0,194
454000,551,0.15000000000000002,4131.6300000000065,21.931684566497804,837.0,0.5,0.0,0.5,33.0,195
455000,552,0.15000000000000002,1320.000000000009,21.456126935958864,1000.0,0.0,0.0,1.0,20.0,195
456000,553,0.15000000000000002,7046.580000000003,22.157923707962038,342.0,1.0,0.0,0.0,52.0,196
457000,554,0.15000000000000002,1230.000000000009,21.371055883407593,1000.0,0.0,0.0,1.0,11.0,196
458000,555,0.15000000000000002,1480.000000000009,20.940833032608033,1000.0,0.0,0.0,1.0,16.0,196
459000,556,0.15000000000000002,410.00000000000875,20.549426046371458,1000.0,0.0,0.0,1.0,7.0,196
460000,557,0.15000000000000002,720.0000000000091,20.95329927444458,1000.0,0.0,0.0,1.0,12.0,196
461000,558,0.15000000000000002,89.99999999999532,22.134100605010985,1000.0,0.0,0.0,1.0,2.0,196
462000,559,0.15000000000000002,1560.0000000000089,21.46169874572754,1000.0,0.0,0.0,1.0,24.0,196
463000,560,0.15000000000000002,390.000000000009,21.928542148590086,1000.0,0.0,0.0,1.0,7.0,196
464000,561,0.15000000000000002,1250.000000000009,22.011062768936156,1000.0,0.0,0.0,1.0,11.0,196
465000,562,0.15000000000000002,1230.0000000000089,21.703071811676026,1000.0,0.0,0.0,1.0,15.0,196
466000,563,0.15000000000000002,1430.0000000000086,20.231102928161622,1000.0,0.0,0.0,1.0,9.0,196
467000,565,0.15000000000000002,3827.7050000000063,21.486328028678894,729.5,0.5,0.0,0.5,28.5,197
468000,566,0.15000000000000002,7044.770000000004,19.68800581932068,523.0,1.0,0.0,0.0,52.0,198
469000,567,0.15000000000000002,650.000000000009,20.601763318061828,1000.0,0.0,0.0,1.0,3.0,198
470000,570,0.15000000000000002,2731.2900000000045,20.38512260246277,538.0,0.3333333333333333,0.3333333333333333,0.3333333333333333,22.0,199
471000,571,0.15000000000000002,1200.000000000009,22.194442420959472,1000.0,0.0,0.0,1.0,12.0,199
472000,572,0.15000000000000002,1360.000000000009,19.598181423187256,1000.0,0.0,0.0,1.0,13.0,199
473000,573,0.15000000000000002,7042.730000000006,20.55950979423523,727.0,1.0,0.0,0.0,52.0,200
474000,574,0.15000000000000002,720.0000000000078,19.566883960723878,1000.0,0.0,0.0,1.0,5.0,200
475000,576,0.15000000000000002,4032.8100000000063,19.760427490234374,719.0,0.5,0.0,0.5,30.0,201
476000,577,0.15000000000000002,320.0000000000091,20.678830484390257,1000.0,0.0,0.0,1.0,3.0,201
477000,578,0.15000000000000002,7047.760000000002,20.102054443359375,224.0,1.0,0.0,0.0,52.0,202
478000,579,0.15000000000000002,720.0000000000089,21.567603452682494,1000.0,0.0,0.0,1.0,8.0,202
479000,581,0.15000000000000002,3933.2450000000053,19.90202938079834,675.5,0.5,0.0,0.5,34.0,203
480000,583,0.15000000000000002,4163.740000000005,20.131643339157105,626.0,0.5,0.0,0.5,32.5,204
481000,584,0.15000000000000002,570.0000000000091,19.549690809249878,1000.0,0.0,0.0,1.0,8.0,204
482000,585,0.15000000000000002,1270.0000000000089,19.502520156860353,1000.0,0.0,0.0,1.0,14.0,204
483000,586,0.15000000000000002,160.00000000000736,21.44601634979248,1000.0,0.0,0.0,1.0,2.0,204
484000,587,0.15000000000000002,890.0000000000089,19.717573497772218,1000.0,0.0,0.0,1.0,8.0,204
485000,588,0.15000000000000002,640.0000000000089,19.36532943344116,1000.0,0.0,0.0,1.0,2.0,204
486000,590,0.15000000000000002,7044.345000000005,20.402553283691407,565.5,1.0,0.0,0.0,52.0,206
487000,591,0.15000000000000002,1340.000000000009,19.510854024887085,1000.0,0.0,0.0,1.0,17.0,206
488000,592,0.15000000000000002,7046.680000000002,19.934887992858886,332.0,1.0,0.0,0.0,52.0,207
489000,593,0.15000000000000002,1620.0000000000089,20.49064552307129,1000.0,0.0,0.0,1.0,28.0,207
490000,594,0.15000000000000002,1310.000000000009,20.832758741378782,1000.0,0.0,0.0,1.0,19.0,207
491000,595,0.15000000000000002,890.0000000000089,20.14895146369934,1000.0,0.0,0.0,1.0,6.0,207
492000,597,0.15000000000000002,4237.035000000007,20.832320198059083,796.5,0.5,0.0,0.5,32.0,208
493000,598,0.15000000000000002,1250.000000000009,20.32500128173828,1000.0,0.0,0.0,1.0,8.0,208
494000,599,0.15000000000000002,440.0000000000091,20.79617378807068,1000.0,0.0,0.0,1.0,6.0,208
495000,600,0.15000000000000002,700.0000000000088,20.471468095779418,1000.0,0.0,0.0,1.0,8.0,208
496000,601,0.15000000000000002,190.00000000000867,19.4097088470459,1000.0,0.0,0.0,1.0,1.0,208
497000,602,0.15000000000000002,250.00000000000904,20.01035620498657,1000.0,0.0,0.0,1.0,5.0,208
498000,603,0.15000000000000002,810.0000000000091,18.450572242736815,1000.0,0.0,0.0,1.0,8.0,208
499000,604,0.15000000000000002,790.0000000000082,18.013614963531495,1000.0,0.0,0.0,1.0,11.0,208
500000,605,0.15000000000000002,1100.0000000000089,18.975298791885375,1000.0,0.0,0.0,1.0,13.0,208
501000,606,0.15000000000000002,1490.000000000009,18.334081176757813,1000.0,0.0,0.0,1.0,27.0,208
502000,607,0.15000000000000002,1580.000000000009,19.583417333602906,1000.0,0.0,0.0,1.0,21.0,208
503000,608,0.15000000000000002,1190.000000000009,18.69317803955078,1000.0,0.0,0.0,1.0,12.0,208
504000,609,0.15000000000000002,1590.0000000000089,19.137599590301512,1000.0,0.0,0.0,1.0,31.0,208
505000,610,0.15000000000000002,7047.060000000002,18.2149425201416,294.0,1.0,0.0,0.0,52.0,209
506000,612,0.15000000000000002,4057.030000000007,17.506759227752685,797.0,0.5,0.0,0.5,32.0,210
507000,613,0.15000000000000002,1330.000000000009,18.466217372894288,1000.0,0.0,0.0,1.0,15.0,210
508000,615,0.15000000000000002,7045.830000000004,18.866027381896973,417.0,1.0,0.0,0.0,52.0,212
509000,617,0.15000000000000002,4138.070000000006,20.18570284843445,693.0,0.5,0.0,0.5,32.5,213
510000,618,0.15000000000000002,7004.5400000000045,19.505823865890502,546.0,1.0,0.0,0.0,52.0,214
511000,619,0.15000000000000002,1220.000000000009,19.755517887115477,1000.0,0.0,0.0,1.0,14.0,214
512000,621,0.15000000000000002,7044.695000000004,18.95893860435486,530.5,1.0,0.0,0.0,52.0,216
513000,622,0.15000000000000002,1690.000000000009,18.7386836643219,1000.0,0.0,0.0,1.0,32.0,216
514000,624,0.15000000000000002,3713.1650000000063,18.180097591400145,683.5,0.5,0.0,0.5,27.5,217
515000,625,0.15000000000000002,7046.760000000003,19.37599319076538,324.0,1.0,0.0,0.0,52.0,218
516000,626,0.15000000000000002,7040.220000000008,19.113469995498658,978.0,1.0,0.0,0.0,52.0,219
517000,627,0.15000000000000002,1250.000000000009,19.270296926498414,1000.0,0.0,0.0,1.0,27.0,219
518000,629,0.15000000000000002,4187.185000000007,19.175902278900146,781.5,0.5,0.0,0.5,32.5,220
519000,630,0.15000000000000002,430.00000000000836,18.672911527633666,1000.0,0.0,0.0,1.0,7.0,220
520000,632,0.15000000000000002,7046.565000000002,18.915283296585084,343.5,1.0,0.0,0.0,52.0,222
521000,633,0.15000000000000002,680.000000000009,18.86070916366577,1000.0,0.0,0.0,1.0,4.0,222
522000,634,0.15000000000000002,490.000000000009,20.42573242378235,1000.0,0.0,0.0,1.0,6.0,222
523000,635,0.15000000000000002,1510.0000000000089,18.57485302066803,1000.0,0.0,0.0,1.0,18.0,222
524000,636,0.15000000000000002,990.0000000000091,18.011327941894532,1000.0,0.0,0.0,1.0,13.0,222
525000,637,0.15000000000000002,1260.0000000000089,19.388034017562866,1000.0,0.0,0.0,1.0,11.0,222
526000,638,0.15000000000000002,300.000000000009,18.451551498413085,1000.0,0.0,0.0,1.0,2.0,222
527000,639,0.15000000000000002,1270.000000000009,18.715572078704835,1000.0,0.0,0.0,1.0,15.0,222
528000,641,0.15000000000000002,3728.520000000006,17.829723152160646,648.0,0.5,0.0,0.5,29.5,223
529000,642,0.15000000000000002,350.0000000000091,18.23978353691101,1000.0,0.0,0.0,1.0,1.0,223
530000,643,0.15000000000000002,7046.460000000003,18.63383248901367,354.0,1.0,0.0,0.0,52.0,224
531000,644,0.15000000000000002,1440.000000000009,18.419757078170775,1000.0,0.0,0.0,1.0,23.0,224
532000,645,0.15000000000000002,1460.000000000009,17.90433774757385,1000.0,0.0,0.0,1.0,24.0,224
533000,646,0.15000000000000002,1830.000000000009,16.768205993652344,1000.0,0.0,0.0,1.0,41.0,224
534000,647,0.15000000000000002,900.0000000000091,18.71146684074402,1000.0,0.0,0.0,1.0,9.0,224
535000,648,0.15000000000000002,1300.0000000000089,17.590905721664427,1000.0,0.0,0.0,1.0,16.0,224
536000,649,0.15000000000000002,1070.0000000000089,18.354176916122437,1000.0,0.0,0.0,1.0,5.0,224
537000,650,0.15000000000000002,1160.0000000000086,18.876917823791505,1000.0,0.0,0.0,1.0,19.0,224
538000,651,0.15000000000000002,860.0000000000091,16.856385433197023,1000.0,0.0,0.0,1.0,5.0,224
539000,652,0.15000000000000002,1110.0000000000089,18.195685457229615,1000.0,0.0,0.0,1.0,12.0,224
540000,653,0.15000000000000002,950.0000000000085,18.578108144760133,1000.0,0.0,0.0,1.0,12.0,224
541000,654,0.15000000000000002,870.0000000000091,17.794618173599243,1000.0,0.0,0.0,1.0,11.0,224
542000,656,0.15000000000000002,3900.4500000000085,18.413324611663818,955.0,0.5,0.0,0.5,32.0,225
543000,657,0.15000000000000002,970.0000000000091,16.771588896751403,1000.0,0.0,0.0,1.0,12.0,225
544000,658,0.15000000000000002,430.0000000000091,17.036266653060913,1000.0,0.0,0.0,1.0,4.0,225
545000,659,0.15000000000000002,1250.000000000009,17.12523195552826,1000.0,0.0,0.0,1.0,8.0,225
546000,661,0.15000000000000002,7046.785000000003,17.78893181037903,321.5,1.0,0.0,0.0,52.0,227
547000,662,0.15000000000000002,1440.0000000000089,17.657044662475585,1000.0,0.0,0.0,1.0,12.0,227
548000,663,0.15000000000000002,7045.420000000004,18.059303600311278,458.0,1.0,0.0,0.0,52.0,228
549000,664,0.15000000000000002,1130.0000000000089,18.07697348022461,1000.0,0.0,0.0,1.0,9.0,228
550000,666,0.15000000000000002,4275.845000000008,18.205525424957276,915.5,0.5,0.0,0.5,36.5,229
551000,667,0.15000000000000002,7045.920000000004,16.686717012405396,408.0,1.0,0.0,0.0,52.0,230
552000,668,0.15000000000000002,400.0000000000091,17.691639797210694,1000.0,0.0,0.0,1.0,4.0,230
553000,670,0.15000000000000002,3978.270000000006,16.40116626739502,673.0,0.5,0.0,0.5,35.5,231
554000,671,0.15000000000000002,560.0000000000091,17.376069177627564,1000.0,0.0,0.0,1.0,3.0,231
555000,672,0.15000000000000002,380.0000000000085,17.695165184020997,1000.0,0.0,0.0,1.0,4.0,231
556000,673,0.15000000000000002,920.0000000000091,18.39383207511902,1000.0,0.0,0.0,1.0,11.0,231
557000,674,0.15000000000000002,7044.660000000004,17.03407395172119,534.0,1.0,0.0,0.0,52.0,232
558000,677,0.15000000000000002,5054.356666666671,16.63998092842102,564.3333333333334,0.6666666666666666,0.0,0.3333333333333333,41.666666666666664,234
559000,678,0.15000000000000002,720.000000000009,18.25236520576477,1000.0,0.0,0.0,1.0,7.0,234
560000,679,0.15000000000000002,7046.800000000003,16.368043632507323,320.0,1.0,0.0,0.0,52.0,235
561000,680,0.15000000000000002,800.0000000000089,16.46243971824646,1000.0,0.0,0.0,1.0,3.0,235
562000,681,0.15000000000000002,1430.000000000009,18.422582618713378,1000.0,0.0,0.0,1.0,21.0,235
563000,683,0.15000000000000002,4117.285000000006,16.775182838439942,771.5,0.5,0.0,0.5,32.0,236
564000,684,0.15000000000000002,540.0000000000091,16.376734483718874,1000.0,0.0,0.0,1.0,5.0,236
565000,686,0.15000000000000002,4398.980000000005,15.802421600341797,602.0,0.5,0.0,0.5,47.0,237
566000,687,0.15000000000000002,1370.0000000000089,16.002030382156374,1000.0,0.0,0.0,1.0,29.0,237
567000,688,0.15000000000000002,7045.2900000000045,17.55706187057495,471.0,1.0,0.0,0.0,52.0,238
568000,689,0.15000000000000002,7044.090000000005,17.324151363372803,591.0,1.0,0.0,0.0,52.0,239
569000,690,0.15000000000000002,190.00000000000833,17.12360430908203,1000.0,0.0,0.0,1.0,5.0,239
570000,691,0.15000000000000002,800.000000000009,18.154941968917846,1000.0,0.0,0.0,1.0,7.0,239
571000,692,0.15000000000000002,1320.000000000009,15.93178609085083,1000.0,0.0,0.0,1.0,29.0,239
572000,693,0.15000000000000002,1600.0000000000089,16.783880462646483,1000.0,0.0,0.0,1.0,28.0,239
573000,694,0.15000000000000002,940.0000000000091,17.208058515548707,1000.0,0.0,0.0,1.0,19.0,239
574000,695,0.15000000000000002,1160.0000000000089,16.77870469856262,1000.0,0.0,0.0,1.0,9.0,239
575000,696,0.15000000000000002,1510.0000000000089,17.137854905128478,1000.0,0.0,0.0,1.0,14.0,239
576000,697,0.15000000000000002,1130.000000000009,17.495220472335816,1000.0,0.0,0.0,1.0,5.0,239
577000,699,0.15000000000000002,3933.290000000005,18.162559539794923,671.0,0.5,0.0,0.5,31.5,240
578000,701,0.15000000000000002,3687.7150000000065,15.475240964889526,728.5,0.5,0.0,0.5,28.5,241
579000,702,0.15000000000000002,650.000000000009,16.222744871139525,1000.0,0.0,0.0,1.0,9.0,241
580000,704,0.15000000000000002,7044.725000000004,16.718253803253173,527.5,1.0,0.0,0.0,52.0,243
581000,705,0.15000000000000002,420.00000000000904,16.045126985549928,1000.0,0.0,0.0,1.0,7.0,243
582000,706,0.15000000000000002,1470.000000000009,16.246625146865846,1000.0,0.0,0.0,1.0,28.0,243
583000,707,0.15000000000000002,740.0000000000091,16.740029697418212,1000.0,0.0,0.0,1.0,9.0,243
584000,708,0.15000000000000002,690.0000000000091,15.5673876247406,1000.0,0.0,0.0,1.0,8.0,243
585000,710,0.15000000000000002,7044.970000000004,16.7078267993927,503.0,1.0,0.0,0.0,52.0,245
586000,711,0.15000000000000002,900.000000000009,16.295727220535277,1000.0,0.0,0.0,1.0,11.0,245
587000,712,0.15000000000000002,860.000000000009,16.037790409088135,1000.0,0.0,0.0,1.0,5.0,245
588000,713,0.15000000000000002,7046.660000000003,16.05418316555023,334.0,1.0,0.0,0.0,52.0,246
589000,716,0.15000000000000002,5187.846666666672,14.993728753089904,548.6666666666666,0.6666666666666666,0.0,0.3333333333333333,44.333333333333336,248
590000,718,0.15000000000000002,7045.210000000004,16.373419218063354,479.0,1.0,0.0,0.0,52.0,250
591000,720,0.15000000000000002,7027.495000000003,15.535617442131043,250.5,1.0,0.0,0.0,52.0,252
592000,722,0.15000000000000002,3732.740000000006,17.981218980789183,726.0,0.5,0.0,0.5,28.0,253
593000,723,0.15000000000000002,1510.0000000000089,14.976940052032472,1000.0,0.0,0.0,1.0,19.0,253
594000,724,0.15000000000000002,1210.0000000000086,15.228520797729493,1000.0,0.0,0.0,1.0,18.0,253
595000,725,0.15000000000000002,7047.400000000002,16.32532179069519,260.0,1.0,0.0,0.0,52.0,254
596000,726,0.15000000000000002,750.0000000000091,15.24103454399109,1000.0,0.0,0.0,1.0,18.0,254
597000,727,0.15000000000000002,840.0000000000091,17.00104997062683,1000.0,0.0,0.0,1.0,5.0,254
598000,728,0.15000000000000002,660.0000000000083,16.41777057647705,1000.0,0.0,0.0,1.0,4.0,254
599000,730,0.15000000000000002,3863.6300000000056,16.146919286727904,637.0,0.5,0.0,0.5,28.5,255
600000,732,0.15000000000000002,4297.985000000006,16.795760457992554,701.5,0.5,0.0,0.5,36.5,256
601000,733,0.15000000000000002,7042.100000000007,14.66394931602478,790.0,1.0,0.0,0.0,52.0,257
602000,734,0.15000000000000002,1180.0000000000089,17.72052471733093,1000.0,0.0,0.0,1.0,16.0,257
603000,735,0.15000000000000002,300.00000000000887,14.854008268356322,1000.0,0.0,0.0,1.0,6.0,257
604000,736,0.15000000000000002,480.00000000000904,15.872824714660645,1000.0,0.0,0.0,1.0,8.0,257
605000,737,0.15000000000000002,730.0000000000091,15.76464949798584,1000.0,0.0,0.0,1.0,9.0,257
606000,738,0.15000000000000002,1060.000000000009,15.564868314743041,1000.0,0.0,0.0,1.0,5.0,257
607000,739,0.15000000000000002,390.00000000000756,15.103468848228454,1000.0,0.0,0.0,1.0,6.0,257
608000,740,0.15000000000000002,7043.540000000005,15.094307673454285,646.0,1.0,0.0,0.0,52.0,258
609000,741,0.15000000000000002,1220.000000000009,15.42154486465454,1000.0,0.0,0.0,1.0,13.0,258
610000,743,0.15000000000000002,3977.945000000006,15.65600373840332,705.5,0.5,0.0,0.5,34.5,259
611000,745,0.15000000000000002,464.29500000000496,16.079076403617858,571.0,0.0,0.5,0.5,10.0,259
612000,746,0.15000000000000002,740.0000000000091,15.771519830703735,1000.0,0.0,0.0,1.0,14.0,259
613000,747,0.15000000000000002,670.000000000009,15.090124231338502,1000.0,0.0,0.0,1.0,0.0,259
614000,749,0.15000000000000002,7044.895000000004,14.776423370361329,510.5,1.0,0.0,0.0,52.0,261
615000,750,0.15000000000000002,7040.860000000008,13.67744783592224,914.0,1.0,0.0,0.0,52.0,262
616000,751,0.15000000000000002,670.0000000000091,16.060554885864256,1000.0,0.0,0.0,1.0,9.0,262
617000,752,0.15000000000000002,7042.580000000006,15.63194262123108,742.0,1.0,0.0,0.0,52.0,263
618000,753,0.15000000000000002,620.0000000000091,14.330146659851074,1000.0,0.0,0.0,1.0,7.0,263
619000,755,0.15000000000000002,3718.045000000005,14.616723566055297,695.5,0.5,0.0,0.5,31.5,264
620000,756,0.15000000000000002,7046.7800000000025,14.299271215438843,322.0,1.0,0.0,0.0,52.0,265
621000,757,0.15000000000000002,500.0000000000072,16.178789237976073,1000.0,0.0,0.0,1.0,7.0,265
622000,758,0.15000000000000002,990.0000000000091,13.638986820220948,1000.0,0.0,0.0,1.0,11.0,265
623000,760,0.15000000000000002,4215.715000000007,14.690605675697327,928.5,0.5,0.0,0.5,35.5,266
624000,761,0.15000000000000002,670.000000000009,14.240439386367798,1000.0,0.0,0.0,1.0,7.0,266
625000,762,0.15000000000000002,7045.280000000004,13.784348682403564,472.0,1.0,0.0,0.0,52.0,267
626000,764,0.15000000000000002,3698.0800000000063,14.813568015098571,692.0,0.5,0.0,0.5,27.5,268
627000,765,0.15000000000000002,1480.000000000009,14.020126087188721,1000.0,0.0,0.0,1.0,15.0,268
628000,766,0.15000000000000002,7044.350000000005,14.449863310813903,565.0,1.0,0.0,0.0,52.0,269
629000,767,0.15000000000000002,1000.0000000000089,13.887480105400085,1000.0,0.0,0.0,1.0,15.0,269
630000,770,0.15000000000000002,2731.3366666666716,14.153168199539184,533.3333333333334,0.3333333333333333,0.3333333333333333,0.3333333333333333,23.666666666666668,270
631000,771,0.15000000000000002,1290.000000000009,13.33041573524475,1000.0,0.0,0.0,1.0,19.0,270
632000,772,0.15000000000000002,7045.080000000004,13.755603145599364,492.0,1.0,0.0,0.0,52.0,271
633000,774,0.15000000000000002,3817.5800000000067,13.96498455142975,742.0,0.5,0.0,0.5,30.5,272
634000,775,0.15000000000000002,7004.370000000004,13.79470498085022,563.0,1.0,0.0,0.0,52.0,273
635000,776,0.15000000000000002,420.00000000000904,15.07157149887085,1000.0,0.0,0.0,1.0,8.0,273
636000,777,0.15000000000000002,7044.260000000005,14.097872766494751,574.0,1.0,0.0,0.0,52.0,274
637000,778,0.15000000000000002,210.0000000000082,14.161080417633057,1000.0,0.0,0.0,1.0,1.0,274
638000,779,0.15000000000000002,1080.000000000009,14.6215310754776,1000.0,0.0,0.0,1.0,7.0,274
639000,780,0.15000000000000002,860.0000000000091,14.497262369155884,1000.0,0.0,0.0,1.0,5.0,274
640000,782,0.15000000000000002,4235.595000000008,13.713884914398193,940.5,0.5,0.0,0.5,33.5,275
641000,783,0.15000000000000002,7044.860000000004,14.326746315956116,514.0,1.0,0.0,0.0,52.0,276
642000,785,0.15000000000000002,4143.080000000006,13.857638486862182,692.0,0.5,0.0,0.5,31.0,277
643000,786,0.15000000000000002,7043.540000000005,14.642832777023315,646.0,1.0,0.0,0.0,52.0,278
644000,788,0.15000000000000002,3817.900000000006,13.70441855621338,710.0,0.5,0.0,0.5,32.5,279
645000,789,0.15000000000000002,1190.000000000009,13.521999794960022,1000.0,0.0,0.0,1.0,18.0,279
646000,790,0.15000000000000002,1470.000000000009,14.252841675758361,1000.0,0.0,0.0,1.0,24.0,279
647000,791,0.15000000000000002,1340.000000000009,13.126215288162232,1000.0,0.0,0.0,1.0,11.0,279
648000,792,0.15000000000000002,430.00000000000887,12.679917837142945,1000.0,0.0,0.0,1.0,3.0,279
649000,793,0.15000000000000002,1230.000000000009,13.494026390075684,1000.0,0.0,0.0,1.0,11.0,279
650000,794,0.15000000000000002,7041.660000000007,12.757135622024537,834.0,1.0,0.0,0.0,52.0,280
651000,795,0.15000000000000002,490.0000000000085,14.819040912628173,1000.0,0.0,0.0,1.0,10.0,280
652000,796,0.15000000000000002,810.0000000000074,13.3970397605896,1000.0,0.0,0.0,1.0,7.0,280
653000,797,0.15000000000000002,7045.390000000004,13.11254932308197,461.0,1.0,0.0,0.0,52.0,281
654000,798,0.15000000000000002,470.00000000000887,13.679138685226441,1000.0,0.0,0.0,1.0,3.0,281
655000,800,0.15000000000000002,3931.975000000007,12.892789231300354,802.5,0.5,0.0,0.5,33.0,282
656000,801,0.15000000000000002,7042.290000000006,13.352232746124267,771.0,1.0,0.0,0.0,52.0,283
657000,802,0.15000000000000002,1010.0000000000091,13.395906651496887,1000.0,0.0,0.0,1.0,8.0,283
658000,804,0.15000000000000002,3838.8000000000056,13.07787692451477,620.0,0.5,0.0,0.5,28.5,284
659000,805,0.15000000000000002,1590.0000000000086,12.904420450210571,1000.0,0.0,0.0,1.0,26.0,284
660000,806,0.15000000000000002,69.99999999999524,13.454109157562256,1000.0,0.0,0.0,1.0,2.0,284
661000,808,0.15000000000000002,7046.450000000003,13.065213359832764,355.0,1.0,0.0,0.0,52.0,286
662000,809,0.15000000000000002,1480.000000000009,13.382405018806457,1000.0,0.0,0.0,1.0,23.0,286
663000,811,0.15000000000000002,4048.050000000006,13.342934461593629,695.0,0.5,0.0,0.5,33.5,287
664000,812,0.15000000000000002,930.0000000000091,13.546036067008972,1000.0,0.0,0.0,1.0,7.0,287
665000,813,0.15000000000000002,940.0000000000091,12.714326705932617,1000.0,0.0,0.0,1.0,13.0,287
666000,814,0.15000000000000002,7047.420000000002,13.018376167297363,258.0,1.0,0.0,0.0,52.0,288
667000,815,0.15000000000000002,530.0000000000091,13.174598323822021,1000.0,0.0,0.0,1.0,4.0,288
668000,817,0.15000000000000002,4102.395000000007,13.170927968978882,760.5,0.5,0.0,0.5,34.5,289
669000,818,0.15000000000000002,720.0000000000091,13.21250271987915,1000.0,0.0,0.0,1.0,10.0,289
670000,819,0.15000000000000002,7044.0400000000045,12.780690302848816,596.0,1.0,0.0,0.0,52.0,290
671000,820,0.15000000000000002,1090.000000000009,12.908542808532715,1000.0,0.0,0.0,1.0,7.0,290
672000,822,0.15000000000000002,3878.400000000006,13.124858800888061,660.0,0.5,0.0,0.5,29.5,291
673000,823,0.15000000000000002,7042.290000000006,12.44994966506958,771.0,1.0,0.0,0.0,52.0,292
674000,824,0.15000000000000002,1290.000000000009,12.405211256980897,1000.0,0.0,0.0,1.0,17.0,292
675000,825,0.15000000000000002,1130.000000000009,13.253328701019287,1000.0,0.0,0.0,1.0,10.0,292
676000,826,0.15000000000000002,860.0000000000091,13.246759057998657,1000.0,0.0,0.0,1.0,11.0,292
677000,827,0.15000000000000002,1910.000000000009,12.445765216827393,1000.0,0.0,0.0,1.0,39.0,292
678000,829,0.15000000000000002,4088.5400000000054,12.901172859191895,646.0,0.5,0.0,0.5,33.5,293
679000,831,0.15000000000000002,7025.075000000004,13.102233288764953,492.5,1.0,0.0,0.0,52.0,295
680000,832,0.15000000000000002,7046.370000000003,11.61558333683014,363.0,1.0,0.0,0.0,52.0,296
681000,835,0.15000000000000002,5304.293333333338,11.87633899784088,570.6666666666666,0.6666666666666666,0.0,0.3333333333333333,45.333333333333336,298
682000,836,0.15000000000000002,7043.510000000006,12.445681135177612,649.0,1.0,0.0,0.0,52.0,299
683000,837,0.15000000000000002,1240.000000000009,13.142981605529785,1000.0,0.0,0.0,1.0,11.0,299
684000,839,0.15000000000000002,3832.8800000000065,12.379316418647766,712.0,0.5,0.0,0.5,29.0,300
685000,840,0.15000000000000002,320.0000000000091,12.42752086544037,1000.0,0.0,0.0,1.0,3.0,300
686000,841,0.15000000000000002,1060.000000000009,11.96477641105652,1000.0,0.0,0.0,1.0,8.0,300
687000,842,0.15000000000000002,1450.000000000009,11.836534329414368,1000.0,0.0,0.0,1.0,13.0,300
688000,844,0.15000000000000002,7045.810000000003,12.062338381767272,419.0,1.0,0.0,0.0,52.0,302
689000,845,0.15000000000000002,750.0000000000091,12.623032912254333,1000.0,0.0,0.0,1.0,7.0,302
690000,846,0.15000000000000002,1030.0000000000089,12.628346432685852,1000.0,0.0,0.0,1.0,14.0,302
691000,847,0.15000000000000002,7046.510000000003,12.50341830444336,349.0,1.0,0.0,0.0,52.0,303
692000,850,0.15000000000000002,5161.266666666671,12.127821991920472,540.0,0.6666666666666666,0.0,0.3333333333333333,43.333333333333336,305
693000,851,0.15000000000000002,7046.210000000003,11.736363030433655,379.0,1.0,0.0,0.0,52.0,306
694000,852,0.15000000000000002,1740.0000000000089,12.48310211277008,1000.0,0.0,0.0,1.0,22.0,306
695000,853,0.15000000000000002,330.00000000000904,11.740681832313538,1000.0,0.0,0.0,1.0,3.0,306
696000,855,0.15000000000000002,3922.070000000007,12.175116644859314,793.0,0.5,0.0,0.5,32.0,307
697000,856,0.15000000000000002,590.0000000000089,12.714167905807495,1000.0,0.0,0.0,1.0,4.0,307
698000,857,0.15000000000000002,710.0000000000091,11.957592791557312,1000.0,0.0,0.0,1.0,14.0,307
699000,858,0.15000000000000002,7045.070000000004,12.387760843276977,493.0,1.0,0.0,0.0,52.0,308
700000,860,0.15000000000000002,4012.7100000000064,11.808336933135987,729.0,0.5,0.0,0.5,31.0,309
701000,861,0.15000000000000002,7042.530000000006,12.231425962448121,747.0,1.0,0.0,0.0,52.0,310
702000,863,0.15000000000000002,3707.3450000000066,12.212957736968994,765.5,0.5,0.0,0.5,30.5,311
703000,864,0.15000000000000002,7040.360000000008,12.443594950675964,964.0,1.0,0.0,0.0,52.0,312
704000,865,0.15000000000000002,1510.000000000009,11.654948061943054,1000.0,0.0,0.0,1.0,31.0,312
705000,866,0.15000000000000002,650.0000000000091,10.83811510848999,1000.0,0.0,0.0,1.0,8.0,312
706000,867,0.15000000000000002,820.000000000009,11.930179277420043,1000.0,0.0,0.0,1.0,5.0,312
707000,868,0.15000000000000002,710.000000000009,11.38879536151886,1000.0,0.0,0.0,1.0,12.0,312
708000,869,0.15000000000000002,920.0000000000091,11.102792804718018,1000.0,0.0,0.0,1.0,12.0,312
709000,870,0.15000000000000002,7044.0800000000045,11.468743698120118,592.0,1.0,0.0,0.0,52.0,313
710000,871,0.15000000000000002,1750.0000000000089,11.250274216651917,1000.0,0.0,0.0,1.0,38.0,313
711000,872,0.15000000000000002,990.0000000000091,11.206287932395934,1000.0,0.0,0.0,1.0,6.0,313
712000,873,0.15000000000000002,1530.000000000009,12.467192543029785,1000.0,0.0,0.0,1.0,26.0,313
713000,874,0.15000000000000002,440.00000000000904,11.994622329711914,1000.0,0.0,0.0,1.0,6.0,313
714000,875,0.15000000000000002,680.000000000009,11.426155237197875,1000.0,0.0,0.0,1.0,5.0,313
715000,876,0.15000000000000002,580.0000000000086,11.319570672988892,1000.0,0.0,0.0,1.0,4.0,313
716000,877,0.15000000000000002,1480.000000000009,11.927011130332946,1000.0,0.0,0.0,1.0,21.0,313
717000,878,0.15000000000000002,790.000000000009,10.66148641395569,1000.0,0.0,0.0,1.0,6.0,313
718000,880,0.15000000000000002,4163.275000000006,10.675922011375427,672.5,0.5,0.0,0.5,36.5,314
719000,882,0.15000000000000002,7044.490000000004,12.19942620563507,551.0,1.0,0.0,0.0,52.0,316
720000,883,0.15000000000000002,1470.000000000009,11.397644591331481,1000.0,0.0,0.0,1.0,20.0,316
721000,884,0.15000000000000002,1220.000000000009,10.436131915092469,1000.0,0.0,0.0,1.0,15.0,316
722000,885,0.15000000000000002,7043.150000000006,10.131558644294739,685.0,1.0,0.0,0.0,52.0,317
723000,886,0.15000000000000002,7045.280000000004,11.992760427474975,472.0,1.0,0.0,0.0,52.0,318
724000,888,0.15000000000000002,4121.900000000007,11.173161445617676,810.0,0.5,0.0,0.5,32.0,319
725000,890,0.15000000000000002,7044.500000000005,12.201100746154784,550.0,1.0,0.0,0.0,52.0,321
726000,891,0.15000000000000002,980.0000000000091,10.266364533901214,1000.0,0.0,0.0,1.0,6.0,321
727000,892,0.15000000000000002,660.0000000000091,11.341787945747376,1000.0,0.0,0.0,1.0,9.0,321
728000,893,0.15000000000000002,7046.220000000003,11.556957849502563,378.0,1.0,0.0,0.0,52.0,322
729000,895,0.15000000000000002,3843.285000000006,11.451717234611511,671.5,0.5,0.0,0.5,30.5,323
730000,896,0.15000000000000002,7044.330000000005,11.360767130851746,567.0,1.0,0.0,0.0,52.0,324
731000,897,0.15000000000000002,1690.000000000009,11.474321634292602,1000.0,0.0,0.0,1.0,31.0,324
732000,898,0.15000000000000002,660.0000000000089,11.077871789932251,1000.0,0.0,0.0,1.0,7.0,324
733000,899,0.15000000000000002,1420.000000000009,11.624525027275086,1000.0,0.0,0.0,1.0,10.0,324
734000,901,0.15000000000000002,3963.170000000006,11.687119153022767,683.0,0.5,0.0,0.5,30.5,325
735000,902,0.15000000000000002,330.00000000000824,10.438453110694885,1000.0,0.0,0.0,1.0,1.0,325
736000,903,0.15000000000000002,1200.000000000009,10.51809586429596,1000.0,0.0,0.0,1.0,10.0,325
737000,904,0.15000000000000002,900.000000000009,11.339635365486146,1000.0,0.0,0.0,1.0,11.0,325
738000,905,0.15000000000000002,440.0000000000091,11.115470150947571,1000.0,0.0,0.0,1.0,0.0,325
739000,906,0.15000000000000002,550.000000000009,10.507009449958801,1000.0,0.0,0.0,1.0,4.0,325
740000,907,0.15000000000000002,7042.0100000000075,11.578306390762329,799.0,1.0,0.0,0.0,52.0,326
741000,908,0.15000000000000002,770.0000000000088,10.72090428352356,1000.0,0.0,0.0,1.0,7.0,326
742000,909,0.15000000000000002,610.000000000009,11.377137593269348,1000.0,0.0,0.0,1.0,6.0,326
743000,910,0.15000000000000002,650.000000000009,10.627271656036378,1000.0,0.0,0.0,1.0,3.0,326
744000,911,0.15000000000000002,1430.000000000009,10.826131472587585,1000.0,0.0,0.0,1.0,21.0,326
745000,913,0.15000000000000002,7043.065000000006,11.098125713348388,693.5,1.0,0.0,0.0,52.0,328
746000,914,0.15000000000000002,7042.160000000007,11.374765172958375,784.0,1.0,0.0,0.0,52.0,329
747000,916,0.15000000000000002,3613.050000000006,10.399776546478272,695.0,0.5,0.0,0.5,28.0,330
748000,917,0.15000000000000002,450.0000000000089,10.290997983932495,1000.0,0.0,0.0,1.0,6.0,330
749000,918,0.15000000000000002,950.0000000000091,10.72405747127533,1000.0,0.0,0.0,1.0,16.0,330
750000,919,0.15000000000000002,7042.360000000007,11.477857851982117,764.0,1.0,0.0,0.0,52.0,331
751000,920,0.15000000000000002,7042.580000000006,11.284842636108399,742.0,1.0,0.0,0.0,52.0,332
752000,921,0.15000000000000002,440.00000000000847,11.285911764144897,1000.0,0.0,0.0,1.0,6.0,332
753000,922,0.15000000000000002,840.0000000000091,10.984229448318482,1000.0,0.0,0.0,1.0,5.0,332
754000,924,0.15000000000000002,3727.5350000000067,9.889651900291442,746.5,0.5,0.0,0.5,28.0,333
755000,925,0.15000000000000002,1060.000000000009,11.476740266799927,1000.0,0.0,0.0,1.0,14.0,333
756000,926,0.15000000000000002,7046.640000000003,10.670971430778504,336.0,1.0,0.0,0.0,52.0,334
757000,927,0.15000000000000002,1040.0000000000089,11.040228818893432,1000.0,0.0,0.0,1.0,14.0,334
758000,929,0.15000000000000002,4426.300000000008,10.510018524169922,870.0,0.5,0.0,0.5,48.0,335
759000,930,0.15000000000000002,7043.9200000000055,9.947659367084503,608.0,1.0,0.0,0.0,52.0,336
760000,931,0.15000000000000002,600.000000000009,11.017630541801452,1000.0,0.0,0.0,1.0,6.0,336
761000,932,0.15000000000000002,970.0000000000089,10.342171816825866,1000.0,0.0,0.0,1.0,9.0,336
762000,933,0.15000000000000002,1260.000000000009,10.763067096710206,1000.0,0.0,0.0,1.0,22.0,336
763000,934,0.15000000000000002,370.0000000000091,11.403719267845155,1000.0,0.0,0.0,1.0,12.0,336
764000,935,0.15000000000000002,690.0000000000091,9.932628455162048,1000.0,0.0,0.0,1.0,5.0,336
765000,936,0.15000000000000002,1040.000000000009,10.046872194766998,1000.0,0.0,0.0,1.0,16.0,336
766000,937,0.15000000000000002,330.00000000000864,10.397478920936585,1000.0,0.0,0.0,1.0,6.0,336
767000,938,0.15000000000000002,7042.220000000007,10.46794188785553,778.0,1.0,0.0,0.0,52.0,337
768000,940,0.15000000000000002,3777.9250000000065,9.976243461608886,707.5,0.5,0.0,0.5,30.0,338
769000,941,0.15000000000000002,7045.720000000003,10.29997804737091,428.0,1.0,0.0,0.0,52.0,339
770000,943,0.15000000000000002,4132.625000000006,9.576544872283936,737.5,0.5,0.0,0.5,34.5,340
771000,944,0.15000000000000002,7041.860000000007,9.667789903640747,814.0,1.0,0.0,0.0,52.0,341
772000,945,0.15000000000000002,230.0000000000086,9.323601243019104,1000.0,0.0,0.0,1.0,6.0,341
773000,946,0.15000000000000002,350.0000000000074,9.741569716453553,1000.0,0.0,0.0,1.0,6.0,341
774000,947,0.15000000000000002,430.0000000000089,10.723150813102722,1000.0,0.0,0.0,1.0,5.0,341
775000,949,0.15000000000000002,3967.240000000007,9.964532451629639,776.0,0.5,0.0,0.5,31.0,342
776000,950,0.15000000000000002,1360.000000000009,10.171439560890198,1000.0,0.0,0.0,1.0,9.0,342
777000,951,0.15000000000000002,740.0000000000091,10.585522766590119,1000.0,0.0,0.0,1.0,2.0,342
778000,952,0.15000000000000002,7042.6300000000065,10.276281953811646,737.0,1.0,0.0,0.0,52.0,343
779000,953,0.15000000000000002,1040.000000000009,9.809626043319701,1000.0,0.0,0.0,1.0,11.0,343
780000,954,0.15000000000000002,7045.060000000003,9.602139474868775,494.0,1.0,0.0,0.0,52.0,344
781000,955,0.15000000000000002,1190.0000000000089,9.462914484977722,1000.0,0.0,0.0,1.0,21.0,344
782000,957,0.15000000000000002,3667.9000000000065,9.923690279006959,710.0,0.5,0.0,0.5,27.0,345
783000,958,0.15000000000000002,930.0000000000091,9.31595492553711,1000.0,0.0,0.0,1.0,10.0,345
784000,959,0.15000000000000002,7045.260000000004,9.56989030456543,474.0,1.0,0.0,0.0,52.0,346
785000,960,0.15000000000000002,210.00000000000892,10.26197110748291,1000.0,0.0,0.0,1.0,2.0,346
786000,962,0.15000000000000002,4266.3450000000075,10.003726979255676,865.5,0.5,0.0,0.5,39.0,347
787000,963,0.15000000000000002,830.000000000009,9.630904661655427,1000.0,0.0,0.0,1.0,4.0,347
788000,964,0.15000000000000002,720.000000000009,10.156866447448731,1000.0,0.0,0.0,1.0,9.0,347
789000,965,0.15000000000000002,7045.860000000003,9.399520343780518,414.0,1.0,0.0,0.0,52.0,348
790000,966,0.15000000000000002,1090.0000000000089,9.540421642303468,1000.0,0.0,0.0,1.0,6.0,348
791000,967,0.15000000000000002,1750.000000000009,9.280484701156617,1000.0,0.0,0.0,1.0,38.0,348
792000,968,0.15000000000000002,590.0000000000091,9.49509504699707,1000.0,0.0,0.0,1.0,6.0,348
793000,969,0.15000000000000002,630.0000000000091,10.051062885284423,1000.0,0.0,0.0,1.0,9.0,348
794000,970,0.15000000000000002,1110.0000000000089,8.804407549381256,1000.0,0.0,0.0,1.0,13.0,348
795000,971,0.15000000000000002,1710.000000000009,8.827316832542419,1000.0,0.0,0.0,1.0,31.0,348
796000,972,0.15000000000000002,1300.000000000009,9.427562413692474,1000.0,0.0,0.0,1.0,8.0,348
797000,973,0.15000000000000002,1360.000000000009,9.408000926971436,1000.0,0.0,0.0,1.0,21.0,348
798000,974,0.15000000000000002,1080.0000000000089,9.683634017944335,1000.0,0.0,0.0,1.0,12.0,348
799000,975,0.15000000000000002,410.00000000000887,9.496595291137695,1000.0,0.0,0.0,1.0,7.0,348
800000,976,0.15000000000000002,590.0000000000091,8.92520345211029,1000.0,0.0,0.0,1.0,5.0,348
801000,977,0.15000000000000002,7040.420000000008,8.865981623649597,958.0,1.0,0.0,0.0,52.0,349
802000,978,0.15000000000000002,550.0000000000088,9.56361010837555,1000.0,0.0,0.0,1.0,2.0,349
803000,980,0.15000000000000002,3927.9750000000063,8.798169212341309,702.5,0.5,0.0,0.5,30.0,350
804000,981,0.15000000000000002,970.0000000000082,8.753583494186401,1000.0,0.0,0.0,1.0,11.0,350
805000,982,0.15000000000000002,700.0000000000091,9.730812272548675,1000.0,0.0,0.0,1.0,6.0,350
806000,984,0.15000000000000002,3678.095000000006,9.517291151046752,690.5,0.5,0.0,0.5,28.5,351
807000,985,0.15000000000000002,7045.220000000004,9.214425189495087,478.0,1.0,0.0,0.0,52.0,352
808000,986,0.15000000000000002,790.0000000000091,9.305174039840699,1000.0,0.0,0.0,1.0,12.0,352
809000,987,0.15000000000000002,850.0000000000085,8.936080049991608,1000.0,0.0,0.0,1.0,10.0,352
810000,988,0.15000000000000002,1230.000000000009,8.326482802391052,1000.0,0.0,0.0,1.0,20.0,352
811000,989,0.15000000000000002,1620.000000000009,8.510357538223266,1000.0,0.0,0.0,1.0,30.0,352
812000,991,0.15000000000000002,4212.440000000007,9.18591952896118,756.0,0.5,0.0,0.5,31.0,353
813000,992,0.15000000000000002,1450.000000000009,9.351899369239806,1000.0,0.0,0.0,1.0,15.0,353
814000,993,0.15000000000000002,470.00000000000904,7.871472284317017,1000.0,0.0,0.0,1.0,4.0,353
815000,994,0.15000000000000002,770.000000000009,8.728893462181091,1000.0,0.0,0.0,1.0,13.0,353
816000,995,0.15000000000000002,430.00000000000904,8.332250102043151,1000.0,0.0,0.0,1.0,9.0,353
817000,996,0.15000000000000002,7045.8700000000035,9.423044110298157,413.0,1.0,0.0,0.0,52.0,354
818000,997,0.15000000000000002,1240.000000000009,8.104781851768493,1000.0,0.0,0.0,1.0,6.0,354
819000,998,0.15000000000000002,1640.0000000000086,8.548885404586793,1000.0,0.0,0.0,1.0,32.0,354
820000,999,0.15000000000000002,470.00000000000904,8.459411860466004,1000.0,0.0,0.0,1.0,8.0,354
821000,1000,0.15000000000000002,1560.000000000009,7.64562379360199,1000.0,0.0,0.0,1.0,21.0,354
822000,1001,0.15000000000000002,7042.250000000006,8.348660475730895,775.0,1.0,0.0,0.0,52.0,355
823000,1002,0.15000000000000002,1150.0000000000089,8.804434780597687,1000.0,0.0,0.0,1.0,8.0,355
824000,1003,0.15000000000000002,1440.0000000000089,8.56649266910553,1000.0,0.0,0.0,1.0,10.0,355
825000,1005,0.15000000000000002,4171.805000000007,8.448572211265564,819.5,0.5,0.0,0.5,32.0,356
826000,1007,0.15000000000000002,7043.870000000005,8.521166376113891,613.0,1.0,0.0,0.0,52.0,358
827000,1008,0.15000000000000002,7046.130000000003,7.678030229568481,387.0,1.0,0.0,0.0,52.0,359
828000,1009,0.15000000000000002,990.0000000000091,8.225962818145751,1000.0,0.0,0.0,1.0,6.0,359
829000,1011,0.15000000000000002,4203.010000000006,8.659047654151916,699.0,0.5,0.0,0.5,35.0,360
830000,1012,0.15000000000000002,900.0000000000091,7.79983023262024,1000.0,0.0,0.0,1.0,6.0,360
831000,1014,0.15000000000000002,4148.7500000000055,7.904560021400451,625.0,0.5,0.0,0.5,34.5,361
832000,1015,0.15000000000000002,410.0000000000089,8.048536571502686,1000.0,0.0,0.0,1.0,2.0,361
833000,1016,0.15000000000000002,7046.360000000002,8.705163421630859,364.0,1.0,0.0,0.0,52.0,362
834000,1018,0.15000000000000002,7044.690000000004,7.551869627952576,531.0,1.0,0.0,0.0,52.0,364
835000,1019,0.15000000000000002,7042.140000000007,7.993209367752075,786.0,1.0,0.0,0.0,52.0,365
836000,1020,0.15000000000000002,750.0000000000091,8.389356955051422,1000.0,0.0,0.0,1.0,10.0,365
837000,1022,0.15000000000000002,3738.0450000000055,7.373076412200928,695.5,0.5,0.0,0.5,27.5,366
838000,1023,0.15000000000000002,980.000000000009,8.3347060546875,1000.0,0.0,0.0,1.0,12.0,366
839000,1024,0.15000000000000002,7003.590000000006,7.953041528701783,641.0,1.0,0.0,0.0,52.0,367
840000,1025,0.15000000000000002,750.0000000000088,7.499656818389893,1000.0,0.0,0.0,1.0,9.0,367
841000,1026,0.15000000000000002,1810.000000000009,7.541958581924439,1000.0,0.0,0.0,1.0,29.0,367
842000,1027,0.15000000000000002,920.0000000000082,7.66794465637207,1000.0,0.0,0.0,1.0,6.0,367
843000,1028,0.15000000000000002,480.0000000000089,7.023874431610108,1000.0,0.0,0.0,1.0,9.0,367
844000,1030,0.15000000000000002,3837.3050000000067,7.584282244682312,769.5,0.5,0.0,0.5,33.5,368
845000,1032,0.15000000000000002,7026.725000000002,7.755193548202515,327.5,1.0,0.0,0.0,52.0,370
846000,1033,0.15000000000000002,7003.7100000000055,7.803735576629639,629.0,1.0,0.0,0.0,52.0,371
847000,1035,0.15000000000000002,4080.5850000000078,7.492514045715332,941.5,0.5,0.0,0.5,33.0,372
848000,1036,0.15000000000000002,800.0000000000091,7.362659436702728,1000.0,0.0,0.0,1.0,6.0,372
849000,1037,0.15000000000000002,7047.310000000002,7.249358490943909,269.0,1.0,0.0,0.0,52.0,373
850000,1038,0.15000000000000002,1100.000000000009,7.459194183826447,1000.0,0.0,0.0,1.0,15.0,373
851000,1039,0.15000000000000002,1390.0000000000089,6.876487063407898,1000.0,0.0,0.0,1.0,22.0,373
852000,1041,0.15000000000000002,3792.3750000000064,7.405465551376343,762.5,0.5,0.0,0.5,32.5,374
853000,1042,0.15000000000000002,1650.0000000000089,7.030343416213989,1000.0,0.0,0.0,1.0,28.0,374
854000,1043,0.15000000000000002,1160.000000000009,7.641645666599274,1000.0,0.0,0.0,1.0,8.0,374
855000,1044,0.15000000000000002,7042.550000000007,7.108539710998535,745.0,1.0,0.0,0.0,52.0,375
856000,1046,0.15000000000000002,3938.125000000006,6.97005839920044,687.5,0.5,0.0,0.5,31.0,376
857000,1047,0.15000000000000002,630.000000000009,7.449343762397766,1000.0,0.0,0.0,1.0,4.0,376
858000,1048,0.15000000000000002,650.0000000000089,7.02594868183136,1000.0,0.0,0.0,1.0,13.0,376
859000,1049,0.15000000000000002,7044.430000000005,6.732959913730621,557.0,1.0,0.0,0.0,52.0,377
860000,1050,0.15000000000000002,390.00000000000904,6.288082039833069,1000.0,0.0,0.0,1.0,7.0,377
861000,1051,0.15000000000000002,800.000000000009,6.8037246761322026,1000.0,0.0,0.0,1.0,7.0,377
862000,1052,0.15000000000000002,470.0000000000088,6.987695337295532,1000.0,0.0,0.0,1.0,2.0,377
863000,1053,0.15000000000000002,900.0000000000091,6.505990704536438,1000.0,0.0,0.0,1.0,11.0,377
864000,1054,0.15000000000000002,1120.0000000000089,6.444464354515076,1000.0,0.0,0.0,1.0,8.0,377
865000,1056,0.15000000000000002,3787.7550000000065,6.775410419464111,724.5,0.5,0.0,0.5,29.0,378
866000,1057,0.15000000000000002,360.0000000000091,6.142982161045074,1000.0,0.0,0.0,1.0,3.0,378
867000,1058,0.15000000000000002,850.0000000000091,6.450266428947449,1000.0,0.0,0.0,1.0,10.0,378
868000,1059,0.15000000000000002,1140.0000000000089,6.336699101448059,1000.0,0.0,0.0,1.0,8.0,378
869000,1060,0.15000000000000002,1000.0000000000091,6.644906102180481,1000.0,0.0,0.0,1.0,7.0,378
870000,1061,0.15000000000000002,7044.730000000004,6.227575347900391,527.0,1.0,0.0,0.0,52.0,379
871000,1064,0.15000000000000002,2728.6033333333376,6.845065326213836,473.3333333333333,0.3333333333333333,0.3333333333333333,0.3333333333333333,21.333333333333332,380
872000,1065,0.15000000000000002,460.000000000009,6.495832408905029,1000.0,0.0,0.0,1.0,11.0,380
873000,1066,0.15000000000000002,7042.510000000007,6.729903856754303,749.0,1.0,0.0,0.0,52.0,381
874000,1067,0.15000000000000002,690.0000000000091,6.425388278484345,1000.0,0.0,0.0,1.0,5.0,381
875000,1068,0.15000000000000002,1830.000000000009,6.139556457042694,1000.0,0.0,0.0,1.0,31.0,381
876000,1069,0.15000000000000002,980.0000000000091,6.286644895076751,1000.0,0.0,0.0,1.0,7.0,381
877000,1070,0.15000000000000002,1430.000000000009,6.832118839263916,1000.0,0.0,0.0,1.0,13.0,381
878000,1071,0.15000000000000002,170.00000000000787,5.8529538774490355,1000.0,0.0,0.0,1.0,4.0,381
879000,1073,0.15000000000000002,3937.7750000000065,6.012305825710297,722.5,0.5,0.0,0.5,30.5,382
880000,1074,0.15000000000000002,1700.000000000009,6.224436347961426,1000.0,0.0,0.0,1.0,37.0,382
881000,1075,0.15000000000000002,840.0000000000091,6.2047012801170345,1000.0,0.0,0.0,1.0,6.0,382
882000,1076,0.15000000000000002,790.0000000000091,5.844067025184631,1000.0,0.0,0.0,1.0,9.0,382
883000,1077,0.15000000000000002,1220.0000000000089,6.055231447219849,1000.0,0.0,0.0,1.0,10.0,382
884000,1078,0.15000000000000002,7044.850000000004,5.605593910694123,515.0,1.0,0.0,0.0,52.0,383
885000,1079,0.15000000000000002,1550.000000000009,6.2462433524131775,1000.0,0.0,0.0,1.0,18.0,383
886000,1081,0.15000000000000002,3893.360000000006,6.070697778224945,664.0,0.5,0.0,0.5,30.5,384
887000,1082,0.15000000000000002,1430.0000000000089,5.817963980197907,1000.0,0.0,0.0,1.0,16.0,384
888000,1083,0.15000000000000002,860.0000000000091,5.834619184017181,1000.0,0.0,0.0,1.0,9.0,384
889000,1084,0.15000000000000002,230.00000000000855,5.863580564975739,1000.0,0.0,0.0,1.0,3.0,384
890000,1085,0.15000000000000002,710.0000000000088,5.870831582546234,1000.0,0.0,0.0,1.0,4.0,384
891000,1086,0.15000000000000002,570.0000000000088,5.793773380756378,1000.0,0.0,0.0,1.0,8.0,384
892000,1087,0.15000000000000002,160.00000000000838,5.471182880878448,1000.0,0.0,0.0,1.0,1.0,384
893000,1088,0.15000000000000002,840.000000000009,5.752714265823364,1000.0,0.0,0.0,1.0,8.0,384
894000,1089,0.15000000000000002,750.000000000009,5.647943428993225,1000.0,0.0,0.0,1.0,3.0,384
895000,1090,0.15000000000000002,1040.0000000000086,5.411632695674896,1000.0,0.0,0.0,1.0,16.0,384
896000,1091,0.15000000000000002,170.0000000000087,5.32818793964386,1000.0,0.0,0.0,1.0,7.0,384
897000,1093,0.15000000000000002,7044.590000000005,5.720060520172119,541.0,1.0,0.0,0.0,52.0,386
898000,1095,0.15000000000000002,7045.330000000004,5.355265239715576,467.0,1.0,0.0,0.0,52.0,388
899000,1096,0.15000000000000002,660.0000000000091,5.6495511474609375,1000.0,0.0,0.0,1.0,4.0,388
900000,1097,0.15000000000000002,7046.060000000003,5.759847491741181,394.0,1.0,0.0,0.0,52.0,389
901000,1098,0.15000000000000002,940.000000000009,5.2550023274421696,1000.0,0.0,0.0,1.0,13.0,389
902000,1099,0.15000000000000002,7041.700000000007,5.255313238143921,830.0,1.0,0.0,0.0,52.0,390
903000,1102,0.15000000000000002,4871.200000000004,5.407651598453522,546.6666666666666,0.6666666666666666,0.0,0.3333333333333333,36.666666666666664,392
904000,1103,0.15000000000000002,1340.0000000000086,5.179909745693207,1000.0,0.0,0.0,1.0,11.0,392
905000,1104,0.15000000000000002,7042.760000000006,5.31448677444458,724.0,1.0,0.0,0.0,52.0,393
906000,1105,0.15000000000000002,1100.000000000009,5.177320308208466,1000.0,0.0,0.0,1.0,6.0,393
907000,1106,0.15000000000000002,920.0000000000086,5.308226750373841,1000.0,0.0,0.0,1.0,4.0,393
908000,1107,0.15000000000000002,2030.0000000000089,5.316925666332245,1000.0,0.0,0.0,1.0,51.0,393
909000,1108,0.15000000000000002,950.0000000000083,5.1954871716499325,1000.0,0.0,0.0,1.0,15.0,393
910000,1109,0.15000000000000002,1550.000000000009,5.335209448814392,1000.0,0.0,0.0,1.0,18.0,393
911000,1110,0.15000000000000002,7043.760000000006,5.206880137443543,624.0,1.0,0.0,0.0,52.0,394
912000,1111,0.15000000000000002,660.000000000009,5.159105022907257,1000.0,0.0,0.0,1.0,4.0,394
913000,1112,0.15000000000000002,1250.000000000009,5.14240018749237,1000.0,0.0,0.0,1.0,8.0,394
914000,1114,0.15000000000000002,3910.970000000008,5.191684529304505,903.0,0.5,0.0,0.5,30.5,395
915000,1115,0.15000000000000002,350.0000000000089,5.2647353873252865,1000.0,0.0,0.0,1.0,6.0,395
916000,1116,0.15000000000000002,660.0000000000091,5.053306869983673,1000.0,0.0,0.0,1.0,12.0,395
917000,1117,0.15000000000000002,280.00000000000887,5.314929676055908,1000.0,0.0,0.0,1.0,1.0,395
918000,1119,0.15000000000000002,7045.080000000004,5.001447211265564,492.0,1.0,0.0,0.0,52.0,397
919000,1120,0.15000000000000002,7043.510000000006,5.132862997055054,649.0,1.0,0.0,0.0,52.0,398
920000,1121,0.15000000000000002,450.0000000000088,4.909491693973541,1000.0,0.0,0.0,1.0,2.0,398
921000,1122,0.15000000000000002,1030.0000000000089,5.186247493267059,1000.0,0.0,0.0,1.0,6.0,398
922000,1124,0.15000000000000002,4278.040000000006,4.799787566661835,696.0,0.5,0.0,0.5,33.0,399
923000,1125,0.15000000000000002,1440.0000000000086,4.921598759174347,1000.0,0.0,0.0,1.0,22.0,399
924000,1127,0.15000000000000002,7045.565000000003,4.970486946105957,443.5,1.0,0.0,0.0,52.0,401
925000,1128,0.15000000000000002,7046.920000000002,5.072078662157058,308.0,1.0,0.0,0.0,52.0,402
926000,1129,0.15000000000000002,1400.0000000000089,5.045626716136932,1000.0,0.0,0.0,1.0,10.0,402
927000,1131,0.15000000000000002,3906.725000000007,4.913713201522827,827.5,0.5,0.0,0.5,29.5,403
928000,1132,0.15000000000000002,7040.950000000008,5.071967994689941,905.0,1.0,0.0,0.0,52.0,404
929000,1133,0.15000000000000002,1040.000000000009,5.062823425769806,1000.0,0.0,0.0,1.0,15.0,404
930000,1134,0.15000000000000002,610.0000000000089,4.59379716539383,1000.0,0.0,0.0,1.0,7.0,404
931000,1135,0.15000000000000002,1050.000000000009,4.7216857504844665,1000.0,0.0,0.0,1.0,10.0,404
932000,1136,0.15000000000000002,7045.360000000004,5.041195700645447,464.0,1.0,0.0,0.0,52.0,405
933000,1137,0.15000000000000002,640.0000000000091,4.6943565707206725,1000.0,0.0,0.0,1.0,6.0,405
934000,1138,0.15000000000000002,1310.000000000009,4.839075007915497,1000.0,0.0,0.0,1.0,21.0,405
935000,1139,0.15000000000000002,230.00000000000867,4.9178585548400875,1000.0,0.0,0.0,1.0,4.0,405
936000,1141,0.15000000000000002,4082.4350000000068,4.741830780506134,756.5,0.5,0.0,0.5,33.5,406
937000,1142,0.15000000000000002,280.00000000000887,4.760102844238281,1000.0,0.0,0.0,1.0,7.0,406
938000,1143,0.15000000000000002,780.0000000000091,4.661796610355378,1000.0,0.0,0.0,1.0,7.0,406
939000,1144,0.15000000000000002,740.0000000000091,4.8351563305854794,1000.0,0.0,0.0,1.0,10.0,406
940000,1145,0.15000000000000002,1280.0000000000086,4.5184299879074095,1000.0,0.0,0.0,1.0,15.0,406
941000,1146,0.15000000000000002,7040.600000000008,4.729545020103455,940.0,1.0,0.0,0.0,52.0,407
942000,1147,0.15000000000000002,730.000000000009,4.535617333889007,1000.0,0.0,0.0,1.0,4.0,407
943000,1148,0.15000000000000002,1090.0000000000089,4.616106085777282,1000.0,0.0,0.0,1.0,12.0,407
944000,1150,0.15000000000000002,3902.8600000000065,4.583234256505966,714.0,0.5,0.0,0.5,31.0,408
945000,1151,0.15000000000000002,7045.180000000004,4.604239434719085,482.0,1.0,0.0,0.0,52.0,409
946000,1152,0.15000000000000002,560.0000000000083,4.682003612041473,1000.0,0.0,0.0,1.0,2.0,409
947000,1153,0.15000000000000002,160.00000000000833,4.568216433525086,1000.0,0.0,0.0,1.0,2.0,409
948000,1154,0.15000000000000002,1030.000000000009,4.873762157917023,1000.0,0.0,0.0,1.0,15.0,409
949000,1155,0.15000000000000002,1110.000000000009,4.701245955944061,1000.0,0.0,0.0,1.0,13.0,409
950000,1156,0.15000000000000002,1050.0000000000089,4.672369136333465,1000.0,0.0,0.0,1.0,8.0,409
951000,1158,0.15000000000000002,3773.4350000000054,4.5996055121421815,656.5,0.5,0.0,0.5,28.0,410
952000,1159,0.15000000000000002,570.0000000000091,4.565028339385987,1000.0,0.0,0.0,1.0,10.0,410
953000,1160,0.15000000000000002,1170.000000000009,4.48604294681549,1000.0,0.0,0.0,1.0,8.0,410
954000,1161,0.15000000000000002,840.0000000000091,4.402564776897431,1000.0,0.0,0.0,1.0,13.0,410
955000,1162,0.15000000000000002,7042.450000000006,4.518261025905609,755.0,1.0,0.0,0.0,52.0,411
956000,1163,0.15000000000000002,7043.080000000006,4.344663866519928,692.0,1.0,0.0,0.0,52.0,412
957000,1164,0.15000000000000002,960.0000000000091,4.580222642898559,1000.0,0.0,0.0,1.0,9.0,412
958000,1165,0.15000000000000002,900.0000000000088,4.383376669406891,1000.0,0.0,0.0,1.0,3.0,412
959000,1166,0.15000000000000002,610.0000000000091,4.415096870422364,1000.0,0.0,0.0,1.0,2.0,412
960000,1168,0.15000000000000002,4303.860000000005,4.336596075057983,614.0,0.5,0.0,0.5,36.0,413
961000,1169,0.15000000000000002,360.00000000000887,4.5144691619873045,1000.0,0.0,0.0,1.0,6.0,413
962000,1170,0.15000000000000002,1650.000000000009,4.411152812719345,1000.0,0.0,0.0,1.0,27.0,413
963000,1172,0.15000000000000002,7024.015000000005,4.443601012706757,598.5,1.0,0.0,0.0,52.0,415
964000,1173,0.15000000000000002,470.000000000009,4.393903182983398,1000.0,0.0,0.0,1.0,2.0,415
965000,1174,0.15000000000000002,7006.230000000003,4.438362322330475,377.0,1.0,0.0,0.0,52.0,416
966000,1175,0.15000000000000002,440.0000000000091,4.346128911018371,1000.0,0.0,0.0,1.0,8.0,416
967000,1177,0.15000000000000002,3778.395000000006,4.373386461019516,660.5,0.5,0.0,0.5,29.5,417
968000,1178,0.15000000000000002,1190.000000000009,4.336338602542877,1000.0,0.0,0.0,1.0,11.0,417
969000,1179,0.15000000000000002,1500.0000000000089,4.533356960773468,1000.0,0.0,0.0,1.0,18.0,417
970000,1181,0.15000000000000002,4303.760000000005,4.373634995937348,624.0,0.5,0.0,0.5,42.5,418
971000,1182,0.15000000000000002,1540.000000000009,4.255635995864868,1000.0,0.0,0.0,1.0,22.0,418
972000,1183,0.15000000000000002,910.000000000009,4.143105462551117,1000.0,0.0,0.0,1.0,8.0,418
973000,1184,0.15000000000000002,800.0000000000088,4.324117404937744,1000.0,0.0,0.0,1.0,5.0,418
974000,1185,0.15000000000000002,330.00000000000904,4.283567710399628,1000.0,0.0,0.0,1.0,9.0,418
975000,1186,0.15000000000000002,470.000000000009,4.204948403120041,1000.0,0.0,0.0,1.0,6.0,418
976000,1187,0.15000000000000002,99.99999999999547,4.128667767047882,1000.0,0.0,0.0,1.0,0.0,418
977000,1188,0.15000000000000002,1050.000000000009,4.231719832897186,1000.0,0.0,0.0,1.0,10.0,418
978000,1189,0.15000000000000002,1220.0000000000089,4.135655442714691,1000.0,0.0,0.0,1.0,10.0,418
979000,1190,0.15000000000000002,1200.0000000000089,3.9934683566093443,1000.0,0.0,0.0,1.0,13.0,418
980000,1191,0.15000000000000002,780.0000000000091,4.105605266571045,1000.0,0.0,0.0,1.0,15.0,418
981000,1192,0.15000000000000002,670.000000000009,4.050462763547897,1000.0,0.0,0.0,1.0,12.0,418
982000,1193,0.15000000000000002,1220.000000000009,4.209386026859283,1000.0,0.0,0.0,1.0,19.0,418
983000,1194,0.15000000000000002,7042.990000000006,4.014382357120514,701.0,1.0,0.0,0.0,52.0,419
984000,1195,0.15000000000000002,430.0000000000091,3.996620918750763,1000.0,0.0,0.0,1.0,4.0,419
985000,1196,0.15000000000000002,7041.940000000007,4.093784622430801,806.0,1.0,0.0,0.0,52.0,420
986000,1198,0.15000000000000002,4388.1300000000065,4.197075507640839,687.0,0.5,0.0,0.5,43.5,421
987000,1199,0.15000000000000002,1330.0000000000089,4.142665768623352,1000.0,0.0,0.0,1.0,20.0,421
988000,1200,0.15000000000000002,1480.000000000009,4.154459015846252,1000.0,0.0,0.0,1.0,16.0,421
989000,1201,0.15000000000000002,530.0000000000091,4.026073224067688,1000.0,0.0,0.0,1.0,6.0,421
990000,1203,0.15000000000000002,7042.540000000006,3.956808093070984,746.0,1.0,0.0,0.0,52.0,423
991000,1204,0.15000000000000002,1330.000000000009,4.09511172246933,1000.0,0.0,0.0,1.0,15.0,423
992000,1205,0.15000000000000002,7040.870000000008,4.0591236319541935,913.0,1.0,0.0,0.0,52.0,424
993000,1206,0.15000000000000002,420.000000000009,4.007154650211334,1000.0,0.0,0.0,1.0,8.0,424
994000,1207,0.15000000000000002,990.0000000000091,4.101384259700775,1000.0,0.0,0.0,1.0,10.0,424
995000,1208,0.15000000000000002,7044.130000000005,4.130280873775482,587.0,1.0,0.0,0.0,52.0,425
996000,1209,0.15000000000000002,7044.410000000004,4.067752969026565,559.0,1.0,0.0,0.0,52.0,426
997000,1211,0.15000000000000002,4021.5050000000074,4.051383562088013,849.5,0.5,0.0,0.5,32.0,427
998000,1212,0.15000000000000002,410.0000000000089,3.887301492214203,1000.0,0.0,0.0,1.0,7.0,427
999000,1213,0.15000000000000002,1320.000000000009,4.0451198191642765,1000.0,0.0,0.0,1.0,14.0,427
1000000,1214,0.15000000000000002,7044.490000000004,3.913971339702606,551.0,1.0,0.0,0.0,52.0,428
1001000,1215,0.15000000000000002,1310.0000000000089,3.9781571402549742,1000.0,0.0,0.0,1.0,24.0,428
1002000,1216,0.15000000000000002,340.0000000000084,3.892191270828247,1000.0,0.0,0.0,1.0,10.0,428
1003000,1217,0.15000000000000002,360.0000000000089,3.8171172847747803,1000.0,0.0,0.0,1.0,5.0,428
1004000,1219,0.15000000000000002,3843.4900000000057,3.8837932682037355,651.0,0.5,0.0,0.5,29.0,429
1005000,1221,0.15000000000000002,7045.155000000004,4.073256916999817,484.5,1.0,0.0,0.0,52.0,431
1006000,1222,0.15000000000000002,7043.740000000005,3.849570858001709,626.0,1.0,0.0,0.0,52.0,432
1007000,1223,0.15000000000000002,770.0000000000091,3.83075822353363,1000.0,0.0,0.0,1.0,18.0,432
1008000,1224,0.15000000000000002,1190.000000000009,3.8404214220046997,1000.0,0.0,0.0,1.0,13.0,432
1009000,1225,0.15000000000000002,260.0000000000085,3.713435570001602,1000.0,0.0,0.0,1.0,2.0,432
1010000,1226,0.15000000000000002,560.0000000000091,3.826177620410919,1000.0,0.0,0.0,1.0,4.0,432
1011000,1228,0.15000000000000002,4182.470000000007,3.84492787361145,753.0,0.5,0.0,0.5,38.0,433
1012000,1229,0.15000000000000002,710.0000000000091,4.031701283454895,1000.0,0.0,0.0,1.0,8.0,433
1013000,1230,0.15000000000000002,7046.560000000002,3.917759449958801,344.0,1.0,0.0,0.0,52.0,434
1014000,1231,0.15000000000000002,1230.000000000009,3.7052706065177916,1000.0,0.0,0.0,1.0,11.0,434
1015000,1232,0.15000000000000002,650.0000000000088,3.7902645502090455,1000.0,0.0,0.0,1.0,3.0,434
1016000,1234,0.15000000000000002,3912.6200000000063,3.9373604044914248,738.0,0.5,0.0,0.5,28.0,435
1017000,1235,0.15000000000000002,1500.000000000009,3.7362140398025514,1000.0,0.0,0.0,1.0,18.0,435
1018000,1236,0.15000000000000002,7044.160000000005,3.8125446727275847,584.0,1.0,0.0,0.0,52.0,436
1019000,1237,0.15000000000000002,260.00000000000875,3.8045998344421386,1000.0,0.0,0.0,1.0,6.0,436
1020000,1238,0.15000000000000002,720.0000000000091,3.890565261363983,1000.0,0.0,0.0,1.0,12.0,436
1021000,1239,0.15000000000000002,350.00000000000887,3.7822704925537107,1000.0,0.0,0.0,1.0,8.0,436
1022000,1240,0.15000000000000002,1110.000000000009,3.776002242565155,1000.0,0.0,0.0,1.0,9.0,436
1023000,1241,0.15000000000000002,570.0000000000091,3.971617465496063,1000.0,0.0,0.0,1.0,7.0,436
1024000,1242,0.15000000000000002,1320.000000000009,3.799438535451889,1000.0,0.0,0.0,1.0,14.0,436
1025000,1243,0.15000000000000002,520.0000000000089,3.903720889091492,1000.0,0.0,0.0,1.0,5.0,436
1026000,1244,0.15000000000000002,400.0000000000091,3.8192370419502257,1000.0,0.0,0.0,1.0,7.0,436
1027000,1245,0.15000000000000002,390.00000000000864,3.768638884305954,1000.0,0.0,0.0,1.0,5.0,436
1028000,1247,0.15000000000000002,4011.890000000007,3.6914222655296327,811.0,0.5,0.0,0.5,28.0,437
1029000,1248,0.15000000000000002,7004.600000000005,3.591995665550232,540.0,1.0,0.0,0.0,52.0,438
1030000,1250,0.15000000000000002,7041.535000000007,3.837470701217651,846.5,1.0,0.0,0.0,52.0,440
1031000,1251,0.15000000000000002,1140.000000000009,3.7078299045562746,1000.0,0.0,0.0,1.0,5.0,440
1032000,1252,0.15000000000000002,7005.340000000004,3.617531659603119,466.0,1.0,0.0,0.0,52.0,441
1033000,1253,0.15000000000000002,1110.0000000000089,3.660474245786667,1000.0,0.0,0.0,1.0,5.0,441
1034000,1255,0.15000000000000002,4028.0150000000062,3.5401256675720214,698.5,0.5,0.0,0.5,29.5,442
1035000,1256,0.15000000000000002,390.0000000000087,3.547123563051224,1000.0,0.0,0.0,1.0,4.0,442
1036000,1257,0.15000000000000002,1520.0000000000089,3.607324837684631,1000.0,0.0,0.0,1.0,30.0,442
1037000,1258,0.15000000000000002,1130.000000000009,3.5304327964782716,1000.0,0.0,0.0,1.0,8.0,442
1038000,1259,0.15000000000000002,830.000000000009,3.6052364435195923,1000.0,0.0,0.0,1.0,10.0,442
1039000,1260,0.15000000000000002,150.0000000000084,3.470232969045639,1000.0,0.0,0.0,1.0,3.0,442
1040000,1261,0.15000000000000002,480.00000000000887,3.5675962209701537,1000.0,0.0,0.0,1.0,3.0,442
1041000,1263,0.15000000000000002,7046.355000000003,3.818201976299286,364.5,1.0,0.0,0.0,52.0,444
1042000,1264,0.15000000000000002,1060.000000000008,3.6420792846679686,1000.0,0.0,0.0,1.0,15.0,444
1043000,1265,0.15000000000000002,7044.400000000005,3.391128964424133,560.0,1.0,0.0,0.0,52.0,445
1044000,1267,0.15000000000000002,3977.6350000000066,3.5693880734443666,736.5,0.5,0.0,0.5,27.0,446
1045000,1268,0.15000000000000002,760.0000000000091,3.556989811420441,1000.0,0.0,0.0,1.0,2.0,446
1046000,1269,0.15000000000000002,1090.0000000000089,3.570765532493591,1000.0,0.0,0.0,1.0,9.0,446
1047000,1270,0.15000000000000002,1480.0000000000089,3.5790091886520385,1000.0,0.0,0.0,1.0,16.0,446
1048000,1272,0.15000000000000002,7045.535000000003,3.5188141191005706,446.5,1.0,0.0,0.0,52.0,448
1049000,1274,0.15000000000000002,3862.6100000000065,3.406473425388336,739.0,0.5,0.0,0.5,28.0,449
1050000,1275,0.15000000000000002,7042.410000000006,3.495793361902237,759.0,1.0,0.0,0.0,52.0,450
1051000,1276,0.15000000000000002,1020.0000000000091,3.6062501583099364,1000.0,0.0,0.0,1.0,7.0,450
1052000,1277,0.15000000000000002,7041.060000000008,3.428280382633209,894.0,1.0,0.0,0.0,52.0,451
1053000,1279,0.15000000000000002,7045.155000000004,3.4630643222332003,484.5,1.0,0.0,0.0,52.0,453
1054000,1280,0.15000000000000002,1440.0000000000089,3.4847434492111207,1000.0,0.0,0.0,1.0,26.0,453
1055000,1282,0.15000000000000002,3572.8399999999992,3.433538598537445,716.0,0.5,0.0,0.5,29.0,454
1056000,1283,0.15000000000000002,690.0000000000091,3.3957042458057405,1000.0,0.0,0.0,1.0,12.0,454
1057000,1284,0.15000000000000002,1040.0000000000089,3.4979962549209596,1000.0,0.0,0.0,1.0,14.0,454
1058000,1285,0.15000000000000002,700.0000000000091,3.501398459434509,1000.0,0.0,0.0,1.0,16.0,454
1059000,1286,0.15000000000000002,610.0000000000091,3.505563983917236,1000.0,0.0,0.0,1.0,1.0,454
1060000,1288,0.15000000000000002,7045.490000000003,3.445451010465622,451.0,1.0,0.0,0.0,52.0,456
1061000,1289,0.15000000000000002,510.0000000000091,3.416894678115845,1000.0,0.0,0.0,1.0,8.0,456
1062000,1290,0.15000000000000002,600.0000000000085,3.495780818939209,1000.0,0.0,0.0,1.0,8.0,456
1063000,1291,0.15000000000000002,600.0000000000088,3.4392844576835633,1000.0,0.0,0.0,1.0,9.0,456
1064000,1292,0.15000000000000002,1380.000000000009,3.320468748807907,1000.0,0.0,0.0,1.0,16.0,456
1065000,1293,0.15000000000000002,820.0000000000088,3.3712498874664307,1000.0,0.0,0.0,1.0,11.0,456
1066000,1294,0.15000000000000002,990.000000000009,3.2335669441223143,1000.0,0.0,0.0,1.0,10.0,456
1067000,1296,0.15000000000000002,7026.090000000003,3.2165610728263854,391.0,1.0,0.0,0.0,52.0,458
1068000,1297,0.15000000000000002,750.0000000000091,3.436535998106003,1000.0,0.0,0.0,1.0,8.0,458
1069000,1298,0.15000000000000002,7045.040000000004,3.423112640619278,496.0,1.0,0.0,0.0,52.0,459
1070000,1299,0.15000000000000002,1120.000000000009,3.316579369544983,1000.0,0.0,0.0,1.0,25.0,459
1071000,1301,0.15000000000000002,4122.565000000006,3.202124834537506,743.5,0.5,0.0,0.5,29.5,460
1072000,1302,0.15000000000000002,1300.000000000009,3.262930755138397,1000.0,0.0,0.0,1.0,12.0,460
1073000,1303,0.15000000000000002,7044.350000000005,3.319401402950287,565.0,1.0,0.0,0.0,52.0,461
1074000,1305,0.15000000000000002,7042.090000000007,3.1996959500312805,791.0,1.0,0.0,0.0,52.0,463
1075000,1306,0.15000000000000002,1170.000000000009,3.4117782287597658,1000.0,0.0,0.0,1.0,7.0,463
1076000,1307,0.15000000000000002,760.0000000000089,3.3955070230960844,1000.0,0.0,0.0,1.0,2.0,463
1077000,1308,0.15000000000000002,230.00000000000807,3.296507837295532,1000.0,0.0,0.0,1.0,7.0,463
1078000,1309,0.15000000000000002,7045.820000000003,3.2317909808158873,418.0,1.0,0.0,0.0,52.0,464
1079000,1310,0.15000000000000002,1220.0000000000089,3.2600953557491303,1000.0,0.0,0.0,1.0,14.0,464
1080000,1311,0.15000000000000002,250.00000000000864,3.2604313354492187,1000.0,0.0,0.0,1.0,0.0,464
1081000,1313,0.15000000000000002,3676.7350000000074,3.142418559551239,826.5,0.5,0.0,0.5,27.5,465
1082000,1315,0.15000000000000002,7044.650000000004,3.363941185474396,535.0,1.0,0.0,0.0,52.0,467
1083000,1316,0.15000000000000002,7041.7600000000075,3.2334706649780274,824.0,1.0,0.0,0.0,52.0,468
1084000,1317,0.15000000000000002,150.0000000000086,3.345851824760437,1000.0,0.0,0.0,1.0,5.0,468
1085000,1318,0.15000000000000002,1080.0000000000086,3.2564893484115602,1000.0,0.0,0.0,1.0,15.0,468
1086000,1319,0.15000000000000002,7045.310000000003,3.204494049549103,469.0,1.0,0.0,0.0,52.0,469
1087000,1320,0.15000000000000002,390.0000000000091,3.1561620452404022,1000.0,0.0,0.0,1.0,6.0,469
1088000,1321,0.15000000000000002,710.0000000000091,3.2679642686843873,1000.0,0.0,0.0,1.0,9.0,469
1089000,1322,0.15000000000000002,1100.000000000009,3.1925730695724486,1000.0,0.0,0.0,1.0,13.0,469
1090000,1323,0.15000000000000002,470.00000000000904,3.25237105178833,1000.0,0.0,0.0,1.0,6.0,469
1091000,1326,0.15000000000000002,4958.200000000004,3.123485064983368,513.3333333333334,0.6666666666666666,0.0,0.3333333333333333,36.333333333333336,471
1092000,1328,0.15000000000000002,7043.945000000005,3.2112009029388426,605.5,1.0,0.0,0.0,52.0,473
1093000,1329,0.15000000000000002,1000.0000000000091,3.3006095094680785,1000.0,0.0,0.0,1.0,7.0,473
1094000,1330,0.15000000000000002,7041.080000000008,3.19260147190094,892.0,1.0,0.0,0.0,52.0,474
1095000,1331,0.15000000000000002,1270.0000000000089,3.248364084482193,1000.0,0.0,0.0,1.0,16.0,474
1096000,1332,0.15000000000000002,720.0000000000091,3.0834282772541046,1000.0,0.0,0.0,1.0,11.0,474
1097000,1333,0.15000000000000002,430.00000000000904,3.337552741527557,1000.0,0.0,0.0,1.0,6.0,474
1098000,1334,0.15000000000000002,970.0000000000088,3.270323959827423,1000.0,0.0,0.0,1.0,12.0,474
1099000,1335,0.15000000000000002,7046.780000000002,3.2180649495124816,322.0,1.0,0.0,0.0,52.0,475
1100000,1336,0.15000000000000002,1190.0000000000089,3.05685310792923,1000.0,0.0,0.0,1.0,11.0,475
1101000,1338,0.15000000000000002,3663.6300000000056,3.167744524478912,637.0,0.5,0.0,0.5,27.5,476
1102000,1339,0.15000000000000002,490.000000000009,3.011984767436981,1000.0,0.0,0.0,1.0,5.0,476
1103000,1341,0.15000000000000002,699.0100000000053,3.157536978006363,599.5,0.0,0.5,0.5,11.5,476
1104000,1342,0.15000000000000002,320.00000000000904,3.163635794639587,1000.0,0.0,0.0,1.0,4.0,476
1105000,1343,0.15000000000000002,1350.0000000000084,3.205014149188995,1000.0,0.0,0.0,1.0,8.0,476
1106000,1344,0.15000000000000002,7045.600000000004,3.073635708808899,440.0,1.0,0.0,0.0,52.0,477
1107000,1345,0.15000000000000002,870.000000000009,3.2588630738258364,1000.0,0.0,0.0,1.0,4.0,477
1108000,1347,0.15000000000000002,4382.0900000000065,3.170609917640686,791.0,0.5,0.0,0.5,42.0,478
1109000,1349,0.15000000000000002,4003.7750000000055,3.1157610549926757,622.5,0.5,0.0,0.5,28.0,479
1110000,1350,0.15000000000000002,1360.000000000009,3.2695717322826385,1000.0,0.0,0.0,1.0,18.0,479
1111000,1351,0.15000000000000002,7042.570000000007,3.0206285605430603,743.0,1.0,0.0,0.0,52.0,480
1112000,1352,0.15000000000000002,140.00000000000898,3.0952092752456664,1000.0,0.0,0.0,1.0,4.0,480
1113000,1353,0.15000000000000002,1120.0000000000086,3.086710389614105,1000.0,0.0,0.0,1.0,14.0,480
1114000,1354,0.15000000000000002,1620.0000000000089,3.030804722070694,1000.0,0.0,0.0,1.0,20.0,480
1115000,1355,0.15000000000000002,7045.900000000003,3.031777437210083,410.0,1.0,0.0,0.0,52.0,481
1116000,1356,0.15000000000000002,210.00000000000705,3.1563380389213562,1000.0,0.0,0.0,1.0,3.0,481
1117000,1357,0.15000000000000002,1300.000000000009,3.249914622068405,1000.0,0.0,0.0,1.0,16.0,481
1118000,1358,0.15000000000000002,1170.000000000009,3.0871536712646486,1000.0,0.0,0.0,1.0,11.0,481
1119000,1361,0.15000000000000002,4903.723333333339,3.034932537317276,627.6666666666666,0.6666666666666666,0.0,0.3333333333333333,35.666666666666664,483
1120000,1362,0.15000000000000002,7040.910000000008,3.08242685174942,909.0,1.0,0.0,0.0,52.0,484
1121000,1363,0.15000000000000002,1400.0000000000089,3.1015688853263854,1000.0,0.0,0.0,1.0,8.0,484
1122000,1364,0.15000000000000002,1380.0000000000089,3.005360060214996,1000.0,0.0,0.0,1.0,21.0,484
1123000,1365,0.15000000000000002,880.0000000000091,3.0494788749217987,1000.0,0.0,0.0,1.0,4.0,484
1124000,1366,0.15000000000000002,7046.290000000003,2.8932857060432435,371.0,1.0,0.0,0.0,52.0,485
1125000,1368,0.15000000000000002,3851.8350000000073,2.9304300398826597,816.5,0.5,0.0,0.5,27.0,486
1126000,1369,0.15000000000000002,1620.000000000009,2.99976909160614,1000.0,0.0,0.0,1.0,22.0,486
1127000,1371,0.15000000000000002,7025.960000000003,3.0957477605342865,404.0,1.0,0.0,0.0,52.0,488
1128000,1372,0.15000000000000002,1660.000000000009,2.995321258068085,1000.0,0.0,0.0,1.0,28.0,488
1129000,1373,0.15000000000000002,510.00000000000864,3.0460669338703155,1000.0,0.0,0.0,1.0,9.0,488
1130000,1374,0.15000000000000002,890.0000000000082,2.983609629869461,1000.0,0.0,0.0,1.0,6.0,488
1131000,1375,0.15000000000000002,860.0000000000091,2.9428997390270233,1000.0,0.0,0.0,1.0,1.0,488
1132000,1376,0.15000000000000002,1080.0000000000089,3.0463736112117767,1000.0,0.0,0.0,1.0,8.0,488
1133000,1378,0.15000000000000002,7045.020000000004,2.9542438354492186,498.0,1.0,0.0,0.0,52.0,490
1134000,1379,0.15000000000000002,7042.030000000007,2.948182679414749,797.0,1.0,0.0,0.0,52.0,491
1135000,1380,0.15000000000000002,530.000000000009,3.1170386457443238,1000.0,0.0,0.0,1.0,8.0,491
1136000,1381,0.15000000000000002,420.00000000000864,2.8723493807315825,1000.0,0.0,0.0,1.0,4.0,491
1137000,1382,0.15000000000000002,370.00000000000784,2.936993180990219,1000.0,0.0,0.0,1.0,2.0,491
1138000,1384,0.15000000000000002,4417.9650000000065,2.993087312698364,703.5,0.5,0.0,0.5,44.5,492
1139000,1385,0.15000000000000002,7045.6600000000035,2.7806424572467803,434.0,1.0,0.0,0.0,52.0,493
1140000,1386,0.15000000000000002,1310.000000000009,2.9170504608154295,1000.0,0.0,0.0,1.0,20.0,493
1141000,1387,0.15000000000000002,460.0000000000091,2.8741550757884977,1000.0,0.0,0.0,1.0,5.0,493
1142000,1388,0.15000000000000002,7042.280000000007,2.864358273267746,772.0,1.0,0.0,0.0,52.0,494
1143000,1390,0.15000000000000002,4217.7550000000065,3.006207101106644,724.5,0.5,0.0,0.5,31.5,495
1144000,1392,0.15000000000000002,7045.355000000003,2.9350306515693663,464.5,1.0,0.0,0.0,52.0,497
1145000,1393,0.15000000000000002,770.0000000000091,2.748838564157486,1000.0,0.0,0.0,1.0,11.0,497
1146000,1394,0.15000000000000002,680.0000000000091,2.9711563968658448,1000.0,0.0,0.0,1.0,7.0,497
1147000,1395,0.15000000000000002,1410.000000000009,2.8005019817352297,1000.0,0.0,0.0,1.0,21.0,497
1148000,1396,0.15000000000000002,7003.110000000006,2.833765876054764,689.0,1.0,0.0,0.0,52.0,498
1149000,1397,0.15000000000000002,580.000000000009,2.914345114469528,1000.0,0.0,0.0,1.0,4.0,498
1150000,1398,0.15000000000000002,1230.0000000000089,2.892325690984726,1000.0,0.0,0.0,1.0,10.0,498
1151000,1400,0.15000000000000002,4121.035000000008,2.8384894564151764,896.5,0.5,0.0,0.5,32.5,499
1152000,1401,0.15000000000000002,7045.730000000003,2.8522101638317108,427.0,1.0,0.0,0.0,52.0,500
1153000,1402,0.15000000000000002,1420.000000000009,2.8421927342414857,1000.0,0.0,0.0,1.0,20.0,500
1154000,1404,0.15000000000000002,4027.0450000000064,2.8254030454158783,795.5,0.5,0.0,0.5,30.0,501
1155000,1405,0.15000000000000002,390.00000000000875,2.722043600320816,1000.0,0.0,0.0,1.0,6.0,501
1156000,1406,0.15000000000000002,7044.680000000005,2.892834797620773,532.0,1.0,0.0,0.0,52.0,502
1157000,1407,0.15000000000000002,930.0000000000091,2.742101311445236,1000.0,0.0,0.0,1.0,6.0,502
1158000,1408,0.15000000000000002,200.0000000000091,2.8084904356002807,1000.0,0.0,0.0,1.0,2.0,502
1159000,1409,0.15000000000000002,930.000000000009,2.9410451517105103,1000.0,0.0,0.0,1.0,9.0,502
1160000,1410,0.15000000000000002,770.000000000009,2.6664345529079436,1000.0,0.0,0.0,1.0,12.0,502
1161000,1412,0.15000000000000002,7043.5450000000055,2.8191605863571167,645.5,1.0,0.0,0.0,52.0,504
1162000,1413,0.15000000000000002,1280.0000000000086,2.8522539703845977,1000.0,0.0,0.0,1.0,10.0,504
1163000,1414,0.15000000000000002,600.000000000009,2.7061909523010255,1000.0,0.0,0.0,1.0,10.0,504
1164000,1415,0.15000000000000002,7044.780000000004,2.6898201005458833,522.0,1.0,0.0,0.0,52.0,505
1165000,1417,0.15000000000000002,3696.975000000007,2.7696421329975127,802.5,0.5,0.0,0.5,27.0,506
1166000,1418,0.15000000000000002,780.0000000000091,2.78747466635704,1000.0,0.0,0.0,1.0,3.0,506
1167000,1419,0.15000000000000002,590.0000000000089,2.6729882287979128,1000.0,0.0,0.0,1.0,10.0,506
1168000,1420,0.15000000000000002,750.000000000009,2.7696541640758516,1000.0,0.0,0.0,1.0,7.0,506
1169000,1421,0.15000000000000002,7041.460000000007,2.6674789502620695,854.0,1.0,0.0,0.0,52.0,507
1170000,1423,0.15000000000000002,7046.005000000003,2.6795791034698486,399.5,1.0,0.0,0.0,52.0,509
1171000,1424,0.15000000000000002,1190.0000000000089,2.9315676991939545,1000.0,0.0,0.0,1.0,12.0,509
1172000,1425,0.15000000000000002,740.0000000000089,2.64282634973526,1000.0,0.0,0.0,1.0,4.0,509
1173000,1426,0.15000000000000002,1620.0000000000089,2.75817999958992,1000.0,0.0,0.0,1.0,30.0,509
1174000,1427,0.15000000000000002,7040.720000000008,2.591737139701843,928.0,1.0,0.0,0.0,52.0,510
1175000,1428,0.15000000000000002,320.00000000000904,2.664547468662262,1000.0,0.0,0.0,1.0,8.0,510
1176000,1429,0.15000000000000002,1380.000000000009,2.6654307043552397,1000.0,0.0,0.0,1.0,16.0,510
1177000,1430,0.15000000000000002,1030.0000000000089,2.7679488010406494,1000.0,0.0,0.0,1.0,12.0,510
1178000,1431,0.15000000000000002,870.0000000000091,2.602960393667221,1000.0,0.0,0.0,1.0,12.0,510
1179000,1434,0.15000000000000002,7045.600000000003,2.7430298194885254,440.0,1.0,0.0,0.0,52.0,513
1180000,1435,0.15000000000000002,480.0000000000087,2.656300800561905,1000.0,0.0,0.0,1.0,3.0,513
1181000,1436,0.15000000000000002,1160.0000000000084,2.6310272483825683,1000.0,0.0,0.0,1.0,14.0,513
1182000,1437,0.15000000000000002,1020.0000000000091,2.797843203783035,1000.0,0.0,0.0,1.0,9.0,513
1183000,1438,0.15000000000000002,1200.0000000000089,2.677239141702652,1000.0,0.0,0.0,1.0,6.0,513
1184000,1439,0.15000000000000002,240.0000000000072,2.656557915210724,1000.0,0.0,0.0,1.0,5.0,513
1185000,1440,0.15000000000000002,460.0000000000091,2.8283611991405486,1000.0,0.0,0.0,1.0,7.0,513
1186000,1441,0.15000000000000002,1260.0000000000089,2.59799609375,1000.0,0.0,0.0,1.0,21.0,513
1187000,1442,0.15000000000000002,400.0000000000089,2.5529479784965514,1000.0,0.0,0.0,1.0,7.0,513
1188000,1443,0.15000000000000002,7047.140000000002,2.6170940124988555,286.0,1.0,0.0,0.0,52.0,514
1189000,1445,0.15000000000000002,4258.035000000006,2.559397866725922,696.5,0.5,0.0,0.5,34.0,515
1190000,1446,0.15000000000000002,7040.300000000008,2.5988099813461303,970.0,1.0,0.0,0.0,52.0,516
1191000,1448,0.15000000000000002,3892.5150000000067,2.5927127192020416,748.5,0.5,0.0,0.5,31.0,517
1192000,1449,0.15000000000000002,1310.0000000000089,2.650511325120926,1000.0,0.0,0.0,1.0,13.0,517
1193000,1450,0.15000000000000002,350.00000000000904,2.631548696517944,1000.0,0.0,0.0,1.0,6.0,517
1194000,1451,0.15000000000000002,660.0000000000091,2.497735098361969,1000.0,0.0,0.0,1.0,8.0,517
1195000,1452,0.15000000000000002,7045.0800000000045,2.6022534177303314,492.0,1.0,0.0,0.0,52.0,518
1196000,1453,0.15000000000000002,800.0000000000089,2.4964245672225953,1000.0,0.0,0.0,1.0,6.0,518
1197000,1455,0.15000000000000002,7044.845000000005,2.6186410217285156,515.5,1.0,0.0,0.0,52.0,520
1198000,1456,0.15000000000000002,1160.0000000000089,2.5458708953857423,1000.0,0.0,0.0,1.0,14.0,520
1199000,1458,0.15000000000000002,4102.890000000007,2.562673196554184,711.0,0.5,0.0,0.5,30.5,521
1200000,1459,0.15000000000000002,930.0000000000091,2.729682321071625,1000.0,0.0,0.0,1.0,9.0,521
