run directory: runs/022_double_dqn_soft_nstep3_per_dqfd_moredemo_epsfloor_loopbreaker_1p2m
DQfD: building 100000 permanent demo transitions from runs/curriculum_wins.jsonl
DQfD: loaded 100000 demo transitions into the permanent replay-buffer region
step     1000/1200000  eps=0.996  episodes=    1  mean_return=1690.000  mean_loss=     nan  mean_foundation=  3.0/52  lifetime_outcomes={'won': 0, 'stalled': 0, 'truncated': 1, 'other': 0}  rss= 2041.9MB  (2s)
step     2000/1200000  eps=0.992  episodes=    2  mean_return=800.000  mean_loss=     nan  mean_foundation=  4.0/52  lifetime_outcomes={'won': 0, 'stalled': 0, 'truncated': 2, 'other': 0}  rss= 2056.7MB  (3s)
step     3000/1200000  eps=0.987  episodes=    3  mean_return=390.000  mean_loss=     nan  mean_foundation=  0.0/52  lifetime_outcomes={'won': 0, 'stalled': 0, 'truncated': 3, 'other': 0}  rss= 2064.8MB  (4s)
step     4000/1200000  eps=0.983  episodes=    4  mean_return=840.000  mean_loss=     nan  mean_foundation=  3.0/52  lifetime_outcomes={'won': 0, 'stalled': 0, 'truncated': 4, 'other': 0}  rss= 2076.9MB  (5s)
step     5000/1200000  eps=0.979  episodes=    5  mean_return=1820.000  mean_loss=12.28642  mean_foundation= 27.0/52  lifetime_outcomes={'won': 0, 'stalled': 0, 'truncated': 5, 'other': 0}  rss= 2346.2MB  (6s)
step     6000/1200000  eps=0.975  episodes=    6  mean_return=1700.000  mean_loss=61.15965  mean_foundation=  9.0/52  lifetime_outcomes={'won': 0, 'stalled': 0, 'truncated': 6, 'other': 0}  rss= 2356.6MB  (9s)
step     7000/1200000  eps=0.970  episodes=    7  mean_return=820.000  mean_loss=87.25093  mean_foundation=  8.0/52  lifetime_outcomes={'won': 0, 'stalled': 0, 'truncated': 7, 'other': 0}  rss= 2368.9MB  (11s)
step     8000/1200000  eps=0.966  episodes=    8  mean_return=810.000  mean_loss=96.92105  mean_foundation= 11.0/52  lifetime_outcomes={'won': 0, 'stalled': 0, 'truncated': 8, 'other': 0}  rss= 2370.9MB  (14s)
step     9000/1200000  eps=0.962  episodes=    9  mean_return=1750.000  mean_loss=106.19717  mean_foundation= 14.0/52  lifetime_outcomes={'won': 0, 'stalled': 0, 'truncated': 9, 'other': 0}  rss= 2376.9MB  (17s)
step    10000/1200000  eps=0.958  episodes=   10  mean_return=1100.000  mean_loss=104.05970  mean_foundation= 16.0/52  lifetime_outcomes={'won': 0, 'stalled': 0, 'truncated': 10, 'other': 0}  rss= 2379.0MB  (20s)
  EVAL  step    10000  win_rate=36.00%  mean_return=3111.466  mean_foundation= 26.5/52  mean_length=793.4  (greedy, 100 fixed deals)
step    11000/1200000  eps=0.953  episodes=   11  mean_return=120.000  mean_loss=100.26945  mean_foundation=  3.0/52  lifetime_outcomes={'won': 0, 'stalled': 0, 'truncated': 11, 'other': 0}  rss= 2383.2MB  (97s)
step    12000/1200000  eps=0.949  episodes=   12  mean_return=1760.000  mean_loss=99.10029  mean_foundation= 10.0/52  lifetime_outcomes={'won': 0, 'stalled': 0, 'truncated': 12, 'other': 0}  rss= 2387.3MB  (100s)
step    13000/1200000  eps=0.945  episodes=   13  mean_return=2030.000  mean_loss=101.96238  mean_foundation= 40.0/52  lifetime_outcomes={'won': 0, 'stalled': 0, 'truncated': 13, 'other': 0}  rss= 2391.3MB  (103s)
step    14000/1200000  eps=0.941  episodes=   14  mean_return=1700.000  mean_loss=99.93834  mean_foundation=  8.0/52  lifetime_outcomes={'won': 0, 'stalled': 0, 'truncated': 14, 'other': 0}  rss= 2395.3MB  (106s)
step    15000/1200000  eps=0.936  episodes=   15  mean_return=1060.000  mean_loss=97.16493  mean_foundation=  2.0/52  lifetime_outcomes={'won': 0, 'stalled': 0, 'truncated': 15, 'other': 0}  rss= 2399.3MB  (109s)
step    16000/1200000  eps=0.932  episodes=   16  mean_return=860.000  mean_loss=97.28327  mean_foundation=  1.0/52  lifetime_outcomes={'won': 0, 'stalled': 0, 'truncated': 16, 'other': 0}  rss= 2403.3MB  (112s)
step    17000/1200000  eps=0.928  episodes=   17  mean_return=2030.000  mean_loss=95.16068  mean_foundation= 46.0/52  lifetime_outcomes={'won': 0, 'stalled': 0, 'truncated': 17, 'other': 0}  rss= 2407.3MB  (115s)
step    18000/1200000  eps=0.923  episodes=   18  mean_return=760.000  mean_loss=95.55609  mean_foundation=  6.0/52  lifetime_outcomes={'won': 0, 'stalled': 0, 'truncated': 18, 'other': 0}  rss= 2411.4MB  (118s)
step    19000/1200000  eps=0.919  episodes=   19  mean_return=390.000  mean_loss=92.53916  mean_foundation=  6.0/52  lifetime_outcomes={'won': 0, 'stalled': 0, 'truncated': 19, 'other': 0}  rss= 2415.4MB  (121s)
step    20000/1200000  eps=0.915  episodes=   20  mean_return=2010.000  mean_loss=93.60298  mean_foundation= 44.0/52  lifetime_outcomes={'won': 0, 'stalled': 0, 'truncated': 20, 'other': 0}  rss= 2419.4MB  (124s)
  EVAL  step    20000  win_rate=27.00%  mean_return=2544.367  mean_foundation= 22.9/52  mean_length=853.3  (greedy, 100 fixed deals)
step    21000/1200000  eps=0.911  episodes=   21  mean_return=1160.000  mean_loss=90.14497  mean_foundation=  3.0/52  lifetime_outcomes={'won': 0, 'stalled': 0, 'truncated': 21, 'other': 0}  rss= 2430.9MB  (213s)
step    22000/1200000  eps=0.906  episodes=   22  mean_return=500.000  mean_loss=88.37153  mean_foundation= 11.0/52  lifetime_outcomes={'won': 0, 'stalled': 0, 'truncated': 22, 'other': 0}  rss= 2430.9MB  (216s)
step    23000/1200000  eps=0.902  episodes=   23  mean_return=150.000  mean_loss=89.45126  mean_foundation=  3.0/52  lifetime_outcomes={'won': 0, 'stalled': 0, 'truncated': 23, 'other': 0}  rss= 2430.9MB  (219s)
step    24000/1200000  eps=0.898  episodes=   24  mean_return=2010.000  mean_loss=85.61547  mean_foundation= 38.0/52  lifetime_outcomes={'won': 0, 'stalled': 0, 'truncated': 24, 'other': 0}  rss= 2430.9MB  (222s)
step    25000/1200000  eps=0.894  episodes=   25  mean_return=610.000  mean_loss=87.04132  mean_foundation=  5.0/52  lifetime_outcomes={'won': 0, 'stalled': 0, 'truncated': 25, 'other': 0}  rss= 2433.4MB  (225s)
step    26000/1200000  eps=0.889  episodes=   26  mean_return=370.000  mean_loss=87.29914  mean_foundation=  3.0/52  lifetime_outcomes={'won': 0, 'stalled': 0, 'truncated': 26, 'other': 0}  rss= 2435.4MB  (228s)
step    27000/1200000  eps=0.885  episodes=   27  mean_return=1570.000  mean_loss=82.96856  mean_foundation= 12.0/52  lifetime_outcomes={'won': 0, 'stalled': 0, 'truncated': 27, 'other': 0}  rss= 2441.5MB  (231s)
step    28000/1200000  eps=0.881  episodes=   28  mean_return=7042.400  mean_loss=82.26082  mean_foundation= 52.0/52  lifetime_outcomes={'won': 1, 'stalled': 0, 'truncated': 27, 'other': 0}  rss= 2443.5MB  (234s)
step    29000/1200000  eps=0.877  episodes=   29  mean_return=470.000  mean_loss=81.43381  mean_foundation=  7.0/52  lifetime_outcomes={'won': 1, 'stalled': 0, 'truncated': 28, 'other': 0}  rss= 2449.5MB  (237s)
step    30000/1200000  eps=0.873  episodes=   30  mean_return=460.000  mean_loss=82.13242  mean_foundation=  7.0/52  lifetime_outcomes={'won': 1, 'stalled': 0, 'truncated': 29, 'other': 0}  rss= 2453.5MB  (240s)
  EVAL  step    30000  win_rate=26.00%  mean_return=2489.039  mean_foundation= 23.4/52  mean_length=826.1  (greedy, 100 fixed deals)
step    31000/1200000  eps=0.868  episodes=   31  mean_return=1510.000  mean_loss=82.24190  mean_foundation= 15.0/52  lifetime_outcomes={'won': 1, 'stalled': 0, 'truncated': 30, 'other': 0}  rss= 2462.9MB  (320s)
step    32000/1200000  eps=0.864  episodes=   32  mean_return=2040.000  mean_loss=83.58801  mean_foundation= 36.0/52  lifetime_outcomes={'won': 1, 'stalled': 0, 'truncated': 31, 'other': 0}  rss= 2466.9MB  (323s)
step    33000/1200000  eps=0.860  episodes=   33  mean_return=870.000  mean_loss=81.73600  mean_foundation=  5.0/52  lifetime_outcomes={'won': 1, 'stalled': 0, 'truncated': 32, 'other': 0}  rss= 2468.9MB  (326s)
step    34000/1200000  eps=0.855  episodes=   34  mean_return=1080.000  mean_loss=80.61127  mean_foundation= 10.0/52  lifetime_outcomes={'won': 1, 'stalled': 0, 'truncated': 33, 'other': 0}  rss= 2474.9MB  (329s)
step    35000/1200000  eps=0.851  episodes=   35  mean_return=840.000  mean_loss=78.51946  mean_foundation= 11.0/52  lifetime_outcomes={'won': 1, 'stalled': 0, 'truncated': 34, 'other': 0}  rss= 2477.0MB  (332s)
step    36000/1200000  eps=0.847  episodes=   36  mean_return=7041.660  mean_loss=78.68435  mean_foundation= 52.0/52  lifetime_outcomes={'won': 2, 'stalled': 0, 'truncated': 34, 'other': 0}  rss= 2483.7MB  (336s)
step    37000/1200000  eps=0.843  episodes=   37  mean_return=1920.000  mean_loss=77.57873  mean_foundation= 40.0/52  lifetime_outcomes={'won': 2, 'stalled': 0, 'truncated': 35, 'other': 0}  rss= 2485.7MB  (339s)
step    38000/1200000  eps=0.839  episodes=   38  mean_return=910.000  mean_loss=78.26034  mean_foundation=  6.0/52  lifetime_outcomes={'won': 2, 'stalled': 0, 'truncated': 36, 'other': 0}  rss= 2489.7MB  (342s)
step    39000/1200000  eps=0.834  episodes=   39  mean_return=710.000  mean_loss=79.16989  mean_foundation=  2.0/52  lifetime_outcomes={'won': 2, 'stalled': 0, 'truncated': 37, 'other': 0}  rss= 2495.7MB  (345s)
step    40000/1200000  eps=0.830  episodes=   40  mean_return=580.000  mean_loss=75.89349  mean_foundation=  6.0/52  lifetime_outcomes={'won': 2, 'stalled': 0, 'truncated': 38, 'other': 0}  rss= 2497.7MB  (348s)
  EVAL  step    40000  win_rate=23.00%  mean_return=2338.870  mean_foundation= 21.8/52  mean_length=903.0  (greedy, 100 fixed deals)
step    41000/1200000  eps=0.826  episodes=   41  mean_return=7044.650  mean_loss=76.27545  mean_foundation= 52.0/52  lifetime_outcomes={'won': 3, 'stalled': 0, 'truncated': 38, 'other': 0}  rss= 2503.8MB  (438s)
step    42000/1200000  eps=0.822  episodes=   42  mean_return=590.000  mean_loss=78.56257  mean_foundation=  8.0/52  lifetime_outcomes={'won': 3, 'stalled': 0, 'truncated': 39, 'other': 0}  rss= 2505.8MB  (441s)
step    43000/1200000  eps=0.817  episodes=   43  mean_return=7040.980  mean_loss=73.23442  mean_foundation= 52.0/52  lifetime_outcomes={'won': 4, 'stalled': 0, 'truncated': 39, 'other': 0}  rss= 2509.8MB  (444s)
step    44000/1200000  eps=0.813  episodes=   44  mean_return=930.000  mean_loss=76.04205  mean_foundation=  7.0/52  lifetime_outcomes={'won': 4, 'stalled': 0, 'truncated': 40, 'other': 0}  rss= 2513.8MB  (447s)
step    45000/1200000  eps=0.809  episodes=   45  mean_return=990.000  mean_loss=73.67334  mean_foundation=  7.0/52  lifetime_outcomes={'won': 4, 'stalled': 0, 'truncated': 41, 'other': 0}  rss= 2517.8MB  (450s)
step    46000/1200000  eps=0.804  episodes=   46  mean_return=890.000  mean_loss=72.59291  mean_foundation=  5.0/52  lifetime_outcomes={'won': 4, 'stalled': 0, 'truncated': 42, 'other': 0}  rss= 2521.9MB  (453s)
step    47000/1200000  eps=0.800  episodes=   47  mean_return=1240.000  mean_loss=73.43383  mean_foundation= 19.0/52  lifetime_outcomes={'won': 4, 'stalled': 0, 'truncated': 43, 'other': 0}  rss= 2525.9MB  (456s)
step    48000/1200000  eps=0.796  episodes=   48  mean_return=930.000  mean_loss=72.59406  mean_foundation=  9.0/52  lifetime_outcomes={'won': 4, 'stalled': 0, 'truncated': 44, 'other': 0}  rss= 2531.9MB  (460s)
step    49000/1200000  eps=0.792  episodes=   49  mean_return=1880.000  mean_loss=71.19814  mean_foundation= 31.0/52  lifetime_outcomes={'won': 4, 'stalled': 0, 'truncated': 45, 'other': 0}  rss= 2533.9MB  (463s)
step    50000/1200000  eps=0.787  episodes=   51  mean_return=4180.585  mean_loss=68.42522  mean_foundation= 35.5/52  lifetime_outcomes={'won': 5, 'stalled': 0, 'truncated': 46, 'other': 0}  rss= 2538.0MB  (466s)
  EVAL  step    50000  win_rate=23.00%  mean_return=2280.224  mean_foundation= 20.0/52  mean_length=857.6  (greedy, 100 fixed deals)
step    51000/1200000  eps=0.783  episodes=   52  mean_return=7043.890  mean_loss=70.23172  mean_foundation= 52.0/52  lifetime_outcomes={'won': 6, 'stalled': 0, 'truncated': 46, 'other': 0}  rss= 2549.5MB  (549s)
step    52000/1200000  eps=0.779  episodes=   54  mean_return=3635.465  mean_loss=68.45093  mean_foundation= 28.5/52  lifetime_outcomes={'won': 7, 'stalled': 1, 'truncated': 46, 'other': 0}  rss= 2549.5MB  (551s)
step    53000/1200000  eps=0.775  episodes=   55  mean_return=930.000  mean_loss=68.49938  mean_foundation=  7.0/52  lifetime_outcomes={'won': 7, 'stalled': 1, 'truncated': 47, 'other': 0}  rss= 2549.5MB  (554s)
step    54000/1200000  eps=0.770  episodes=   56  mean_return=1260.000  mean_loss=68.77585  mean_foundation=  9.0/52  lifetime_outcomes={'won': 7, 'stalled': 1, 'truncated': 48, 'other': 0}  rss= 2554.1MB  (557s)
step    55000/1200000  eps=0.766  episodes=   57  mean_return=7043.800  mean_loss=68.79662  mean_foundation= 52.0/52  lifetime_outcomes={'won': 8, 'stalled': 1, 'truncated': 48, 'other': 0}  rss= 2558.1MB  (560s)
step    56000/1200000  eps=0.762  episodes=   58  mean_return=1220.000  mean_loss=67.40201  mean_foundation= 10.0/52  lifetime_outcomes={'won': 8, 'stalled': 1, 'truncated': 49, 'other': 0}  rss= 2562.1MB  (563s)
step    57000/1200000  eps=0.758  episodes=   59  mean_return=1910.000  mean_loss=67.97829  mean_foundation= 37.0/52  lifetime_outcomes={'won': 8, 'stalled': 1, 'truncated': 50, 'other': 0}  rss= 2566.1MB  (566s)
step    58000/1200000  eps=0.754  episodes=   60  mean_return=7040.190  mean_loss=68.79132  mean_foundation= 52.0/52  lifetime_outcomes={'won': 9, 'stalled': 1, 'truncated': 50, 'other': 0}  rss= 2570.2MB  (570s)
step    59000/1200000  eps=0.749  episodes=   62  mean_return=4541.130  mean_loss=66.08693  mean_foundation= 48.0/52  lifetime_outcomes={'won': 10, 'stalled': 1, 'truncated': 51, 'other': 0}  rss= 2574.2MB  (573s)
step    60000/1200000  eps=0.745  episodes=   63  mean_return=7044.750  mean_loss=67.64947  mean_foundation= 52.0/52  lifetime_outcomes={'won': 11, 'stalled': 1, 'truncated': 51, 'other': 0}  rss= 2576.2MB  (576s)
  EVAL  step    60000  win_rate=20.00%  mean_return=2171.897  mean_foundation= 19.6/52  mean_length=930.3  (greedy, 100 fixed deals)
step    61000/1200000  eps=0.741  episodes=   64  mean_return=7042.220  mean_loss=65.69071  mean_foundation= 52.0/52  lifetime_outcomes={'won': 12, 'stalled': 1, 'truncated': 51, 'other': 0}  rss= 2582.2MB  (666s)
step    62000/1200000  eps=0.736  episodes=   66  mean_return=3756.610  mean_loss=67.06650  mean_foundation= 30.0/52  lifetime_outcomes={'won': 13, 'stalled': 1, 'truncated': 52, 'other': 0}  rss= 2586.3MB  (669s)
step    63000/1200000  eps=0.732  episodes=   67  mean_return=7042.610  mean_loss=62.46630  mean_foundation= 52.0/52  lifetime_outcomes={'won': 14, 'stalled': 1, 'truncated': 52, 'other': 0}  rss= 2590.3MB  (672s)
step    64000/1200000  eps=0.728  episodes=   68  mean_return=450.000  mean_loss=65.43207  mean_foundation=  2.0/52  lifetime_outcomes={'won': 14, 'stalled': 1, 'truncated': 53, 'other': 0}  rss= 2594.3MB  (675s)
step    65000/1200000  eps=0.724  episodes=   69  mean_return=1040.000  mean_loss=64.11617  mean_foundation= 12.0/52  lifetime_outcomes={'won': 14, 'stalled': 1, 'truncated': 54, 'other': 0}  rss= 2596.3MB  (679s)
step    66000/1200000  eps=0.720  episodes=   70  mean_return=1410.000  mean_loss=64.57893  mean_foundation= 25.0/52  lifetime_outcomes={'won': 14, 'stalled': 1, 'truncated': 55, 'other': 0}  rss= 2602.4MB  (682s)
step    67000/1200000  eps=0.715  episodes=   71  mean_return=7044.230  mean_loss=62.77606  mean_foundation= 52.0/52  lifetime_outcomes={'won': 15, 'stalled': 1, 'truncated': 55, 'other': 0}  rss= 2604.4MB  (685s)
step    68000/1200000  eps=0.711  episodes=   73  mean_return=4260.580  mean_loss=62.41068  mean_foundation= 33.0/52  lifetime_outcomes={'won': 16, 'stalled': 1, 'truncated': 56, 'other': 0}  rss= 2610.4MB  (688s)
step    69000/1200000  eps=0.707  episodes=   74  mean_return=400.000  mean_loss=63.66443  mean_foundation=  1.0/52  lifetime_outcomes={'won': 16, 'stalled': 1, 'truncated': 57, 'other': 0}  rss= 2612.4MB  (691s)
step    70000/1200000  eps=0.703  episodes=   75  mean_return=7046.750  mean_loss=65.23820  mean_foundation= 52.0/52  lifetime_outcomes={'won': 17, 'stalled': 1, 'truncated': 57, 'other': 0}  rss= 2616.4MB  (695s)
  EVAL  step    70000  win_rate=31.00%  mean_return=2774.076  mean_foundation= 22.2/52  mean_length=872.4  (greedy, 100 fixed deals)
step    71000/1200000  eps=0.698  episodes=   76  mean_return=370.000  mean_loss=63.59267  mean_foundation=  0.0/52  lifetime_outcomes={'won': 17, 'stalled': 1, 'truncated': 58, 'other': 0}  rss= 2627.8MB  (779s)
step    72000/1200000  eps=0.694  episodes=   77  mean_return=1110.000  mean_loss=62.99145  mean_foundation=  3.0/52  lifetime_outcomes={'won': 17, 'stalled': 1, 'truncated': 59, 'other': 0}  rss= 2629.8MB  (782s)
step    73000/1200000  eps=0.690  episodes=   78  mean_return=1860.000  mean_loss=61.04661  mean_foundation= 33.0/52  lifetime_outcomes={'won': 17, 'stalled': 1, 'truncated': 60, 'other': 0}  rss= 2635.9MB  (785s)
step    74000/1200000  eps=0.685  episodes=   79  mean_return=1020.000  mean_loss=62.25008  mean_foundation=  5.0/52  lifetime_outcomes={'won': 17, 'stalled': 1, 'truncated': 61, 'other': 0}  rss= 2638.0MB  (788s)
step    75000/1200000  eps=0.681  episodes=   81  mean_return=3892.790  mean_loss=60.12390  mean_foundation= 31.5/52  lifetime_outcomes={'won': 18, 'stalled': 1, 'truncated': 62, 'other': 0}  rss= 2644.1MB  (791s)
step    76000/1200000  eps=0.677  episodes=   82  mean_return=1130.000  mean_loss=61.84981  mean_foundation= 13.0/52  lifetime_outcomes={'won': 18, 'stalled': 1, 'truncated': 63, 'other': 0}  rss= 2646.1MB  (794s)
step    77000/1200000  eps=0.673  episodes=   83  mean_return=1830.000  mean_loss=61.44427  mean_foundation= 31.0/52  lifetime_outcomes={'won': 18, 'stalled': 1, 'truncated': 64, 'other': 0}  rss= 2650.1MB  (797s)
step    78000/1200000  eps=0.668  episodes=   84  mean_return=570.000  mean_loss=61.25120  mean_foundation=  8.0/52  lifetime_outcomes={'won': 18, 'stalled': 1, 'truncated': 65, 'other': 0}  rss= 2654.1MB  (800s)
step    79000/1200000  eps=0.664  episodes=   85  mean_return=870.000  mean_loss=60.51752  mean_foundation=  4.0/52  lifetime_outcomes={'won': 18, 'stalled': 1, 'truncated': 66, 'other': 0}  rss= 2658.1MB  (803s)
step    80000/1200000  eps=0.660  episodes=   86  mean_return=970.000  mean_loss=61.50259  mean_foundation=  9.0/52  lifetime_outcomes={'won': 18, 'stalled': 1, 'truncated': 67, 'other': 0}  rss= 2662.2MB  (806s)
  EVAL  step    80000  win_rate=20.00%  mean_return=2084.672  mean_foundation= 18.3/52  mean_length=872.8  (greedy, 100 fixed deals)
step    81000/1200000  eps=0.656  episodes=   87  mean_return=690.000  mean_loss=62.34591  mean_foundation=  7.0/52  lifetime_outcomes={'won': 18, 'stalled': 1, 'truncated': 68, 'other': 0}  rss= 2666.2MB  (895s)
step    82000/1200000  eps=0.651  episodes=   88  mean_return=1360.000  mean_loss=62.00810  mean_foundation= 18.0/52  lifetime_outcomes={'won': 18, 'stalled': 1, 'truncated': 69, 'other': 0}  rss= 2670.2MB  (898s)
step    83000/1200000  eps=0.647  episodes=   89  mean_return=710.000  mean_loss=59.90107  mean_foundation=  2.0/52  lifetime_outcomes={'won': 18, 'stalled': 1, 'truncated': 70, 'other': 0}  rss= 2674.2MB  (901s)
step    84000/1200000  eps=0.643  episodes=   90  mean_return=7046.100  mean_loss=60.21858  mean_foundation= 52.0/52  lifetime_outcomes={'won': 19, 'stalled': 1, 'truncated': 70, 'other': 0}  rss= 2678.2MB  (904s)
step    85000/1200000  eps=0.639  episodes=   91  mean_return=940.000  mean_loss=60.36270  mean_foundation=  6.0/52  lifetime_outcomes={'won': 19, 'stalled': 1, 'truncated': 71, 'other': 0}  rss= 2682.3MB  (908s)
step    86000/1200000  eps=0.635  episodes=   92  mean_return=960.000  mean_loss=60.64606  mean_foundation= 19.0/52  lifetime_outcomes={'won': 19, 'stalled': 1, 'truncated': 72, 'other': 0}  rss= 2686.3MB  (911s)
step    87000/1200000  eps=0.630  episodes=   93  mean_return=7040.920  mean_loss=59.71341  mean_foundation= 52.0/52  lifetime_outcomes={'won': 20, 'stalled': 1, 'truncated': 72, 'other': 0}  rss= 2690.3MB  (914s)
step    88000/1200000  eps=0.626  episodes=   95  mean_return=3816.945  mean_loss=59.78648  mean_foundation= 28.5/52  lifetime_outcomes={'won': 21, 'stalled': 1, 'truncated': 73, 'other': 0}  rss= 2694.4MB  (917s)
step    89000/1200000  eps=0.622  episodes=   96  mean_return=440.000  mean_loss=58.85553  mean_foundation=  2.0/52  lifetime_outcomes={'won': 21, 'stalled': 1, 'truncated': 74, 'other': 0}  rss= 2698.4MB  (921s)
step    90000/1200000  eps=0.617  episodes=   97  mean_return=340.000  mean_loss=60.15549  mean_foundation=  0.0/52  lifetime_outcomes={'won': 21, 'stalled': 1, 'truncated': 75, 'other': 0}  rss= 2702.4MB  (924s)
  EVAL  step    90000  win_rate=22.00%  mean_return=2194.629  mean_foundation= 18.2/52  mean_length=857.1  (greedy, 100 fixed deals)
step    91000/1200000  eps=0.613  episodes=   98  mean_return=7041.980  mean_loss=59.48004  mean_foundation= 52.0/52  lifetime_outcomes={'won': 22, 'stalled': 1, 'truncated': 75, 'other': 0}  rss= 2708.4MB  (1008s)
step    92000/1200000  eps=0.609  episodes=   99  mean_return=1190.000  mean_loss=58.30935  mean_foundation= 13.0/52  lifetime_outcomes={'won': 22, 'stalled': 1, 'truncated': 76, 'other': 0}  rss= 2708.4MB  (1011s)
step    93000/1200000  eps=0.605  episodes=  100  mean_return=1130.000  mean_loss=57.31430  mean_foundation= 15.0/52  lifetime_outcomes={'won': 22, 'stalled': 1, 'truncated': 77, 'other': 0}  rss= 2708.4MB  (1013s)
step    94000/1200000  eps=0.601  episodes=  101  mean_return=1010.000  mean_loss=58.48326  mean_foundation=  6.0/52  lifetime_outcomes={'won': 22, 'stalled': 1, 'truncated': 78, 'other': 0}  rss= 2708.4MB  (1017s)
step    95000/1200000  eps=0.596  episodes=  102  mean_return=860.000  mean_loss=57.36812  mean_foundation=  0.0/52  lifetime_outcomes={'won': 22, 'stalled': 1, 'truncated': 79, 'other': 0}  rss= 2711.0MB  (1020s)
step    96000/1200000  eps=0.592  episodes=  104  mean_return=7044.085  mean_loss=58.66003  mean_foundation= 52.0/52  lifetime_outcomes={'won': 24, 'stalled': 1, 'truncated': 79, 'other': 0}  rss= 2715.0MB  (1023s)
step    97000/1200000  eps=0.588  episodes=  105  mean_return=7044.790  mean_loss=59.57960  mean_foundation= 52.0/52  lifetime_outcomes={'won': 25, 'stalled': 1, 'truncated': 79, 'other': 0}  rss= 2723.1MB  (1026s)
step    98000/1200000  eps=0.584  episodes=  106  mean_return=380.000  mean_loss=57.37011  mean_foundation=  5.0/52  lifetime_outcomes={'won': 25, 'stalled': 1, 'truncated': 80, 'other': 0}  rss= 2729.2MB  (1029s)
step    99000/1200000  eps=0.579  episodes=  108  mean_return=3838.155  mean_loss=57.91170  mean_foundation= 30.0/52  lifetime_outcomes={'won': 26, 'stalled': 1, 'truncated': 81, 'other': 0}  rss= 2731.2MB  (1032s)
step   100000/1200000  eps=0.575  episodes=  109  mean_return=7043.620  mean_loss=58.82255  mean_foundation= 52.0/52  lifetime_outcomes={'won': 27, 'stalled': 1, 'truncated': 81, 'other': 0}  rss= 2737.2MB  (1035s)
  EVAL  step   100000  win_rate=22.00%  mean_return=2253.937  mean_foundation= 19.4/52  mean_length=886.3  (greedy, 100 fixed deals)
step   101000/1200000  eps=0.571  episodes=  110  mean_return=1010.000  mean_loss=56.31332  mean_foundation=  6.0/52  lifetime_outcomes={'won': 27, 'stalled': 1, 'truncated': 82, 'other': 0}  rss= 2741.3MB  (1124s)
step   102000/1200000  eps=0.567  episodes=  111  mean_return=860.000  mean_loss=58.42639  mean_foundation=  6.0/52  lifetime_outcomes={'won': 27, 'stalled': 1, 'truncated': 83, 'other': 0}  rss= 2745.3MB  (1128s)
step   103000/1200000  eps=0.562  episodes=  112  mean_return=1250.000  mean_loss=58.63639  mean_foundation=  3.0/52  lifetime_outcomes={'won': 27, 'stalled': 1, 'truncated': 84, 'other': 0}  rss= 2749.3MB  (1131s)
step   104000/1200000  eps=0.558  episodes=  114  mean_return=3717.555  mean_loss=56.16110  mean_foundation= 29.0/52  lifetime_outcomes={'won': 28, 'stalled': 1, 'truncated': 85, 'other': 0}  rss= 2751.3MB  (1134s)
step   105000/1200000  eps=0.554  episodes=  115  mean_return=860.000  mean_loss=56.44806  mean_foundation= 11.0/52  lifetime_outcomes={'won': 28, 'stalled': 1, 'truncated': 86, 'other': 0}  rss= 2757.4MB  (1137s)
step   106000/1200000  eps=0.549  episodes=  116  mean_return=1250.000  mean_loss=57.09438  mean_foundation= 12.0/52  lifetime_outcomes={'won': 28, 'stalled': 1, 'truncated': 87, 'other': 0}  rss= 2759.4MB  (1141s)
step   107000/1200000  eps=0.545  episodes=  117  mean_return=1500.000  mean_loss=55.99939  mean_foundation= 16.0/52  lifetime_outcomes={'won': 28, 'stalled': 1, 'truncated': 88, 'other': 0}  rss= 2763.4MB  (1144s)
step   108000/1200000  eps=0.541  episodes=  118  mean_return=440.000  mean_loss=57.76713  mean_foundation=  6.0/52  lifetime_outcomes={'won': 28, 'stalled': 1, 'truncated': 89, 'other': 0}  rss= 2767.4MB  (1147s)
step   109000/1200000  eps=0.537  episodes=  119  mean_return=7041.260  mean_loss=56.17845  mean_foundation= 52.0/52  lifetime_outcomes={'won': 29, 'stalled': 1, 'truncated': 89, 'other': 0}  rss= 2771.4MB  (1150s)
step   110000/1200000  eps=0.532  episodes=  120  mean_return=440.000  mean_loss=56.70210  mean_foundation=  4.0/52  lifetime_outcomes={'won': 29, 'stalled': 1, 'truncated': 90, 'other': 0}  rss= 2775.5MB  (1153s)
  EVAL  step   110000  win_rate=25.00%  mean_return=2484.363  mean_foundation= 22.0/52  mean_length=883.7  (greedy, 100 fixed deals)
step   111000/1200000  eps=0.528  episodes=  121  mean_return=7042.620  mean_loss=55.19986  mean_foundation= 52.0/52  lifetime_outcomes={'won': 30, 'stalled': 1, 'truncated': 90, 'other': 0}  rss= 2784.9MB  (1240s)
step   112000/1200000  eps=0.524  episodes=  122  mean_return=460.000  mean_loss=56.42739  mean_foundation=  5.0/52  lifetime_outcomes={'won': 30, 'stalled': 1, 'truncated': 91, 'other': 0}  rss= 2791.0MB  (1243s)
step   113000/1200000  eps=0.520  episodes=  124  mean_return=4497.655  mean_loss=56.61114  mean_foundation= 46.5/52  lifetime_outcomes={'won': 31, 'stalled': 1, 'truncated': 92, 'other': 0}  rss= 2793.0MB  (1246s)
step   114000/1200000  eps=0.516  episodes=  125  mean_return=7043.190  mean_loss=56.64406  mean_foundation= 52.0/52  lifetime_outcomes={'won': 32, 'stalled': 1, 'truncated': 92, 'other': 0}  rss= 2797.0MB  (1249s)
step   115000/1200000  eps=0.511  episodes=  126  mean_return=7042.810  mean_loss=56.16209  mean_foundation= 52.0/52  lifetime_outcomes={'won': 33, 'stalled': 1, 'truncated': 92, 'other': 0}  rss= 2801.0MB  (1252s)
step   116000/1200000  eps=0.507  episodes=  127  mean_return=500.000  mean_loss=55.34938  mean_foundation=  6.0/52  lifetime_outcomes={'won': 33, 'stalled': 1, 'truncated': 93, 'other': 0}  rss= 2805.0MB  (1255s)
step   117000/1200000  eps=0.503  episodes=  128  mean_return=200.000  mean_loss=55.44403  mean_foundation=  0.0/52  lifetime_outcomes={'won': 33, 'stalled': 1, 'truncated': 94, 'other': 0}  rss= 2809.1MB  (1259s)
step   118000/1200000  eps=0.499  episodes=  129  mean_return=680.000  mean_loss=56.01236  mean_foundation=  2.0/52  lifetime_outcomes={'won': 33, 'stalled': 1, 'truncated': 95, 'other': 0}  rss= 2813.1MB  (1262s)
step   119000/1200000  eps=0.494  episodes=  130  mean_return=1120.000  mean_loss=57.00098  mean_foundation= 13.0/52  lifetime_outcomes={'won': 33, 'stalled': 1, 'truncated': 96, 'other': 0}  rss= 2817.1MB  (1265s)
step   120000/1200000  eps=0.490  episodes=  131  mean_return=1110.000  mean_loss=54.69592  mean_foundation=  8.0/52  lifetime_outcomes={'won': 33, 'stalled': 1, 'truncated': 97, 'other': 0}  rss= 2821.1MB  (1268s)
  EVAL  step   120000  win_rate=25.00%  mean_return=2435.567  mean_foundation= 21.0/52  mean_length=893.3  (greedy, 100 fixed deals)
step   121000/1200000  eps=0.486  episodes=  133  mean_return=4203.085  mean_loss=56.31394  mean_foundation= 32.5/52  lifetime_outcomes={'won': 34, 'stalled': 1, 'truncated': 98, 'other': 0}  rss= 2825.2MB  (1357s)
step   122000/1200000  eps=0.482  episodes=  134  mean_return=7041.920  mean_loss=54.97565  mean_foundation= 52.0/52  lifetime_outcomes={'won': 35, 'stalled': 1, 'truncated': 98, 'other': 0}  rss= 2829.2MB  (1360s)
step   123000/1200000  eps=0.477  episodes=  135  mean_return=820.000  mean_loss=55.52742  mean_foundation=  6.0/52  lifetime_outcomes={'won': 35, 'stalled': 1, 'truncated': 99, 'other': 0}  rss= 2833.2MB  (1363s)
step   124000/1200000  eps=0.473  episodes=  136  mean_return=880.000  mean_loss=55.55112  mean_foundation=  5.0/52  lifetime_outcomes={'won': 35, 'stalled': 1, 'truncated': 100, 'other': 0}  rss= 2835.2MB  (1366s)
step   125000/1200000  eps=0.469  episodes=  137  mean_return=1020.000  mean_loss=55.83910  mean_foundation=  6.0/52  lifetime_outcomes={'won': 35, 'stalled': 1, 'truncated': 101, 'other': 0}  rss= 2841.3MB  (1370s)
step   126000/1200000  eps=0.465  episodes=  138  mean_return=1410.000  mean_loss=57.02867  mean_foundation=  8.0/52  lifetime_outcomes={'won': 35, 'stalled': 1, 'truncated': 102, 'other': 0}  rss= 2845.3MB  (1373s)
step   127000/1200000  eps=0.460  episodes=  139  mean_return=860.000  mean_loss=53.86170  mean_foundation= 12.0/52  lifetime_outcomes={'won': 35, 'stalled': 1, 'truncated': 103, 'other': 0}  rss= 2849.3MB  (1376s)
step   128000/1200000  eps=0.456  episodes=  140  mean_return=320.000  mean_loss=55.09688  mean_foundation=  4.0/52  lifetime_outcomes={'won': 35, 'stalled': 1, 'truncated': 104, 'other': 0}  rss= 2853.4MB  (1380s)
step   129000/1200000  eps=0.452  episodes=  141  mean_return=490.000  mean_loss=53.68785  mean_foundation= 12.0/52  lifetime_outcomes={'won': 35, 'stalled': 1, 'truncated': 105, 'other': 0}  rss= 2857.4MB  (1383s)
step   130000/1200000  eps=0.448  episodes=  142  mean_return=1440.000  mean_loss=53.01338  mean_foundation= 10.0/52  lifetime_outcomes={'won': 35, 'stalled': 1, 'truncated': 106, 'other': 0}  rss= 2861.4MB  (1387s)
  EVAL  step   130000  win_rate=20.00%  mean_return=2101.530  mean_foundation= 18.1/52  mean_length=897.0  (greedy, 100 fixed deals)
step   131000/1200000  eps=0.443  episodes=  144  mean_return=3682.185  mean_loss=54.56941  mean_foundation= 30.0/52  lifetime_outcomes={'won': 36, 'stalled': 1, 'truncated': 107, 'other': 0}  rss= 2863.4MB  (1476s)
step   132000/1200000  eps=0.439  episodes=  145  mean_return=760.000  mean_loss=51.81936  mean_foundation=  7.0/52  lifetime_outcomes={'won': 36, 'stalled': 1, 'truncated': 108, 'other': 0}  rss= 2869.5MB  (1479s)
step   133000/1200000  eps=0.435  episodes=  146  mean_return=330.000  mean_loss=56.58348  mean_foundation=  0.0/52  lifetime_outcomes={'won': 36, 'stalled': 1, 'truncated': 109, 'other': 0}  rss= 2873.5MB  (1482s)
step   134000/1200000  eps=0.430  episodes=  147  mean_return=1070.000  mean_loss=55.31011  mean_foundation= 10.0/52  lifetime_outcomes={'won': 36, 'stalled': 1, 'truncated': 110, 'other': 0}  rss= 2877.5MB  (1485s)
step   135000/1200000  eps=0.426  episodes=  149  mean_return=7045.565  mean_loss=54.99768  mean_foundation= 52.0/52  lifetime_outcomes={'won': 38, 'stalled': 1, 'truncated': 110, 'other': 0}  rss= 2881.6MB  (1489s)
step   136000/1200000  eps=0.422  episodes=  151  mean_return=7046.360  mean_loss=54.58989  mean_foundation= 52.0/52  lifetime_outcomes={'won': 40, 'stalled': 1, 'truncated': 110, 'other': 0}  rss= 2883.6MB  (1492s)
step   137000/1200000  eps=0.418  episodes=  153  mean_return=7044.810  mean_loss=54.20725  mean_foundation= 52.0/52  lifetime_outcomes={'won': 42, 'stalled': 1, 'truncated': 110, 'other': 0}  rss= 2889.6MB  (1495s)
step   138000/1200000  eps=0.414  episodes=  154  mean_return=680.000  mean_loss=54.62837  mean_foundation=  5.0/52  lifetime_outcomes={'won': 42, 'stalled': 1, 'truncated': 111, 'other': 0}  rss= 2891.6MB  (1498s)
step   139000/1200000  eps=0.409  episodes=  155  mean_return=7042.970  mean_loss=53.72828  mean_foundation= 52.0/52  lifetime_outcomes={'won': 43, 'stalled': 1, 'truncated': 111, 'other': 0}  rss= 2897.7MB  (1501s)
step   140000/1200000  eps=0.405  episodes=  156  mean_return=790.000  mean_loss=55.35953  mean_foundation=  7.0/52  lifetime_outcomes={'won': 43, 'stalled': 1, 'truncated': 112, 'other': 0}  rss= 2899.7MB  (1505s)
  EVAL  step   140000  win_rate=20.00%  mean_return=2173.309  mean_foundation= 19.4/52  mean_length=939.1  (greedy, 100 fixed deals)
step   141000/1200000  eps=0.401  episodes=  157  mean_return=770.000  mean_loss=54.31770  mean_foundation=  9.0/52  lifetime_outcomes={'won': 43, 'stalled': 1, 'truncated': 113, 'other': 0}  rss= 2903.7MB  (1599s)
step   142000/1200000  eps=0.397  episodes=  159  mean_return=3927.355  mean_loss=55.59325  mean_foundation= 27.0/52  lifetime_outcomes={'won': 44, 'stalled': 1, 'truncated': 114, 'other': 0}  rss= 2907.7MB  (1602s)
step   143000/1200000  eps=0.392  episodes=  160  mean_return=1230.000  mean_loss=53.15587  mean_foundation=  6.0/52  lifetime_outcomes={'won': 44, 'stalled': 1, 'truncated': 115, 'other': 0}  rss= 2911.7MB  (1606s)
step   144000/1200000  eps=0.388  episodes=  161  mean_return=680.000  mean_loss=53.49773  mean_foundation=  9.0/52  lifetime_outcomes={'won': 44, 'stalled': 1, 'truncated': 116, 'other': 0}  rss= 2917.8MB  (1609s)
step   145000/1200000  eps=0.384  episodes=  162  mean_return=920.000  mean_loss=52.90229  mean_foundation= 12.0/52  lifetime_outcomes={'won': 44, 'stalled': 1, 'truncated': 117, 'other': 0}  rss= 2919.8MB  (1613s)
step   146000/1200000  eps=0.380  episodes=  163  mean_return=1070.000  mean_loss=52.72912  mean_foundation=  9.0/52  lifetime_outcomes={'won': 44, 'stalled': 1, 'truncated': 118, 'other': 0}  rss= 2923.8MB  (1616s)
step   147000/1200000  eps=0.375  episodes=  164  mean_return=1380.000  mean_loss=52.75201  mean_foundation= 11.0/52  lifetime_outcomes={'won': 44, 'stalled': 1, 'truncated': 119, 'other': 0}  rss= 2927.8MB  (1620s)
step   148000/1200000  eps=0.371  episodes=  165  mean_return=450.000  mean_loss=52.17715  mean_foundation=  7.0/52  lifetime_outcomes={'won': 44, 'stalled': 1, 'truncated': 120, 'other': 0}  rss= 2931.9MB  (1623s)
step   149000/1200000  eps=0.367  episodes=  166  mean_return=7044.260  mean_loss=51.30753  mean_foundation= 52.0/52  lifetime_outcomes={'won': 45, 'stalled': 1, 'truncated': 120, 'other': 0}  rss= 2935.9MB  (1626s)
step   150000/1200000  eps=0.363  episodes=  167  mean_return=980.000  mean_loss=52.01695  mean_foundation= 18.0/52  lifetime_outcomes={'won': 45, 'stalled': 1, 'truncated': 121, 'other': 0}  rss= 2939.9MB  (1630s)
  EVAL  step   150000  win_rate=28.00%  mean_return=2562.860  mean_foundation= 20.6/52  mean_length=844.0  (greedy, 100 fixed deals)
step   151000/1200000  eps=0.358  episodes=  168  mean_return=7042.150  mean_loss=51.48723  mean_foundation= 52.0/52  lifetime_outcomes={'won': 46, 'stalled': 1, 'truncated': 121, 'other': 0}  rss= 2945.9MB  (1713s)
step   152000/1200000  eps=0.354  episodes=  171  mean_return=2701.983  mean_loss=52.45518  mean_foundation= 23.7/52  lifetime_outcomes={'won': 47, 'stalled': 2, 'truncated': 122, 'other': 0}  rss= 2945.9MB  (1716s)
step   153000/1200000  eps=0.350  episodes=  173  mean_return=4263.465  mean_loss=52.31634  mean_foundation= 34.0/52  lifetime_outcomes={'won': 48, 'stalled': 2, 'truncated': 123, 'other': 0}  rss= 2945.9MB  (1720s)
step   154000/1200000  eps=0.346  episodes=  174  mean_return=7042.680  mean_loss=51.56348  mean_foundation= 52.0/52  lifetime_outcomes={'won': 49, 'stalled': 2, 'truncated': 123, 'other': 0}  rss= 2945.9MB  (1723s)
step   155000/1200000  eps=0.341  episodes=  175  mean_return=850.000  mean_loss=53.08551  mean_foundation= 10.0/52  lifetime_outcomes={'won': 49, 'stalled': 2, 'truncated': 124, 'other': 0}  rss= 2948.5MB  (1726s)
step   156000/1200000  eps=0.337  episodes=  176  mean_return=1200.000  mean_loss=51.74770  mean_foundation= 12.0/52  lifetime_outcomes={'won': 49, 'stalled': 2, 'truncated': 125, 'other': 0}  rss= 2952.6MB  (1730s)
step   157000/1200000  eps=0.333  episodes=  177  mean_return=7044.320  mean_loss=52.66703  mean_foundation= 52.0/52  lifetime_outcomes={'won': 50, 'stalled': 2, 'truncated': 125, 'other': 0}  rss= 2956.6MB  (1733s)
step   158000/1200000  eps=0.329  episodes=  179  mean_return=4246.975  mean_loss=52.67150  mean_foundation= 34.5/52  lifetime_outcomes={'won': 51, 'stalled': 2, 'truncated': 126, 'other': 0}  rss= 2966.6MB  (1736s)
step   159000/1200000  eps=0.324  episodes=  180  mean_return=500.000  mean_loss=51.36154  mean_foundation=  8.0/52  lifetime_outcomes={'won': 51, 'stalled': 2, 'truncated': 127, 'other': 0}  rss= 2970.8MB  (1739s)
step   160000/1200000  eps=0.320  episodes=  182  mean_return=7045.345  mean_loss=49.99320  mean_foundation= 52.0/52  lifetime_outcomes={'won': 53, 'stalled': 2, 'truncated': 127, 'other': 0}  rss= 2974.8MB  (1743s)
  EVAL  step   160000  win_rate=32.00%  mean_return=2915.097  mean_foundation= 25.1/52  mean_length=840.3  (greedy, 100 fixed deals)
step   161000/1200000  eps=0.316  episodes=  183  mean_return=1010.000  mean_loss=51.77809  mean_foundation=  6.0/52  lifetime_outcomes={'won': 53, 'stalled': 2, 'truncated': 128, 'other': 0}  rss= 2984.2MB  (1826s)
step   162000/1200000  eps=0.311  episodes=  184  mean_return=7046.510  mean_loss=50.10373  mean_foundation= 52.0/52  lifetime_outcomes={'won': 54, 'stalled': 2, 'truncated': 128, 'other': 0}  rss= 2988.3MB  (1830s)
step   163000/1200000  eps=0.307  episodes=  186  mean_return=7040.935  mean_loss=50.70152  mean_foundation= 52.0/52  lifetime_outcomes={'won': 56, 'stalled': 2, 'truncated': 128, 'other': 0}  rss= 2990.3MB  (1833s)
step   164000/1200000  eps=0.303  episodes=  187  mean_return=980.000  mean_loss=52.96611  mean_foundation=  9.0/52  lifetime_outcomes={'won': 56, 'stalled': 2, 'truncated': 129, 'other': 0}  rss= 2996.3MB  (1837s)
step   165000/1200000  eps=0.299  episodes=  188  mean_return=7005.250  mean_loss=50.23951  mean_foundation= 52.0/52  lifetime_outcomes={'won': 57, 'stalled': 2, 'truncated': 129, 'other': 0}  rss= 3000.4MB  (1840s)
step   166000/1200000  eps=0.295  episodes=  189  mean_return=1230.000  mean_loss=49.06809  mean_foundation=  7.0/52  lifetime_outcomes={'won': 57, 'stalled': 2, 'truncated': 130, 'other': 0}  rss= 3004.4MB  (1843s)
step   167000/1200000  eps=0.290  episodes=  191  mean_return=7042.895  mean_loss=51.36500  mean_foundation= 52.0/52  lifetime_outcomes={'won': 59, 'stalled': 2, 'truncated': 130, 'other': 0}  rss= 3008.4MB  (1847s)
step   168000/1200000  eps=0.286  episodes=  192  mean_return=7043.920  mean_loss=48.85508  mean_foundation= 52.0/52  lifetime_outcomes={'won': 60, 'stalled': 2, 'truncated': 130, 'other': 0}  rss= 3010.4MB  (1850s)
step   169000/1200000  eps=0.282  episodes=  193  mean_return=760.000  mean_loss=50.36395  mean_foundation=  7.0/52  lifetime_outcomes={'won': 60, 'stalled': 2, 'truncated': 131, 'other': 0}  rss= 3016.5MB  (1854s)
step   170000/1200000  eps=0.278  episodes=  194  mean_return=730.000  mean_loss=50.14235  mean_foundation=  7.0/52  lifetime_outcomes={'won': 60, 'stalled': 2, 'truncated': 132, 'other': 0}  rss= 3018.5MB  (1857s)
  EVAL  step   170000  win_rate=22.00%  mean_return=2237.524  mean_foundation= 20.2/52  mean_length=857.6  (greedy, 100 fixed deals)
step   171000/1200000  eps=0.273  episodes=  195  mean_return=7042.890  mean_loss=51.12387  mean_foundation= 52.0/52  lifetime_outcomes={'won': 61, 'stalled': 2, 'truncated': 132, 'other': 0}  rss= 3024.5MB  (1947s)
step   172000/1200000  eps=0.269  episodes=  197  mean_return=3972.355  mean_loss=50.49434  mean_foundation= 31.0/52  lifetime_outcomes={'won': 62, 'stalled': 2, 'truncated': 133, 'other': 0}  rss= 3026.5MB  (1950s)
step   173000/1200000  eps=0.265  episodes=  198  mean_return=1520.000  mean_loss=50.97994  mean_foundation= 10.0/52  lifetime_outcomes={'won': 62, 'stalled': 2, 'truncated': 134, 'other': 0}  rss= 3030.5MB  (1954s)
step   174000/1200000  eps=0.261  episodes=  199  mean_return=7045.480  mean_loss=50.56124  mean_foundation= 52.0/52  lifetime_outcomes={'won': 63, 'stalled': 2, 'truncated': 134, 'other': 0}  rss= 3034.6MB  (1957s)
step   175000/1200000  eps=0.256  episodes=  201  mean_return=3822.535  mean_loss=50.92474  mean_foundation= 29.5/52  lifetime_outcomes={'won': 64, 'stalled': 2, 'truncated': 135, 'other': 0}  rss= 3038.6MB  (1961s)
step   176000/1200000  eps=0.252  episodes=  203  mean_return=539.460  mean_loss=49.15366  mean_foundation=  9.5/52  lifetime_outcomes={'won': 64, 'stalled': 3, 'truncated': 136, 'other': 0}  rss= 3044.6MB  (1964s)
step   177000/1200000  eps=0.248  episodes=  204  mean_return=1360.000  mean_loss=47.86483  mean_foundation= 14.0/52  lifetime_outcomes={'won': 64, 'stalled': 3, 'truncated': 137, 'other': 0}  rss= 3046.7MB  (1967s)
step   178000/1200000  eps=0.244  episodes=  205  mean_return=560.000  mean_loss=48.58029  mean_foundation=  6.0/52  lifetime_outcomes={'won': 64, 'stalled': 3, 'truncated': 138, 'other': 0}  rss= 3050.7MB  (1971s)
step   179000/1200000  eps=0.239  episodes=  206  mean_return=970.000  mean_loss=48.51956  mean_foundation=  7.0/52  lifetime_outcomes={'won': 64, 'stalled': 3, 'truncated': 139, 'other': 0}  rss= 3054.7MB  (1974s)
step   180000/1200000  eps=0.235  episodes=  207  mean_return=7043.590  mean_loss=49.62052  mean_foundation= 52.0/52  lifetime_outcomes={'won': 65, 'stalled': 3, 'truncated': 139, 'other': 0}  rss= 3058.7MB  (1977s)
  EVAL  step   180000  win_rate=21.00%  mean_return=2293.877  mean_foundation= 21.6/52  mean_length=902.3  (greedy, 100 fixed deals)
step   181000/1200000  eps=0.231  episodes=  208  mean_return=1530.000  mean_loss=48.11316  mean_foundation= 20.0/52  lifetime_outcomes={'won': 65, 'stalled': 3, 'truncated': 140, 'other': 0}  rss= 3064.7MB  (2067s)
step   182000/1200000  eps=0.227  episodes=  209  mean_return=360.000  mean_loss=48.06957  mean_foundation=  5.0/52  lifetime_outcomes={'won': 65, 'stalled': 3, 'truncated': 141, 'other': 0}  rss= 3064.7MB  (2071s)
step   183000/1200000  eps=0.222  episodes=  211  mean_return=3933.385  mean_loss=48.70986  mean_foundation= 31.5/52  lifetime_outcomes={'won': 66, 'stalled': 3, 'truncated': 142, 'other': 0}  rss= 3064.7MB  (2074s)
step   184000/1200000  eps=0.218  episodes=  212  mean_return=1520.000  mean_loss=49.61346  mean_foundation= 29.0/52  lifetime_outcomes={'won': 66, 'stalled': 3, 'truncated': 143, 'other': 0}  rss= 3064.7MB  (2077s)
step   185000/1200000  eps=0.214  episodes=  214  mean_return=7045.575  mean_loss=49.40350  mean_foundation= 52.0/52  lifetime_outcomes={'won': 68, 'stalled': 3, 'truncated': 143, 'other': 0}  rss= 3067.2MB  (2081s)
step   186000/1200000  eps=0.210  episodes=  215  mean_return=1460.000  mean_loss=49.31906  mean_foundation= 19.0/52  lifetime_outcomes={'won': 68, 'stalled': 3, 'truncated': 144, 'other': 0}  rss= 3071.3MB  (2084s)
step   187000/1200000  eps=0.205  episodes=  216  mean_return=410.000  mean_loss=48.98121  mean_foundation= 11.0/52  lifetime_outcomes={'won': 68, 'stalled': 3, 'truncated': 145, 'other': 0}  rss= 3081.3MB  (2088s)
step   188000/1200000  eps=0.201  episodes=  217  mean_return=1350.000  mean_loss=46.44660  mean_foundation= 12.0/52  lifetime_outcomes={'won': 68, 'stalled': 3, 'truncated': 146, 'other': 0}  rss= 3085.3MB  (2092s)
step   189000/1200000  eps=0.197  episodes=  218  mean_return=1260.000  mean_loss=49.61009  mean_foundation=  9.0/52  lifetime_outcomes={'won': 68, 'stalled': 3, 'truncated': 147, 'other': 0}  rss= 3089.4MB  (2095s)
step   190000/1200000  eps=0.193  episodes=  219  mean_return=660.000  mean_loss=48.18097  mean_foundation=  2.0/52  lifetime_outcomes={'won': 68, 'stalled': 3, 'truncated': 148, 'other': 0}  rss= 3093.4MB  (2099s)
  EVAL  step   190000  win_rate=29.00%  mean_return=2684.985  mean_foundation= 23.4/52  mean_length=841.5  (greedy, 100 fixed deals)
step   191000/1200000  eps=0.188  episodes=  222  mean_return=2755.393  mean_loss=47.31381  mean_foundation= 24.3/52  lifetime_outcomes={'won': 69, 'stalled': 4, 'truncated': 149, 'other': 0}  rss= 3097.4MB  (2183s)
step   192000/1200000  eps=0.184  episodes=  223  mean_return=350.000  mean_loss=48.84798  mean_foundation=  8.0/52  lifetime_outcomes={'won': 69, 'stalled': 4, 'truncated': 150, 'other': 0}  rss= 3101.4MB  (2187s)
step   193000/1200000  eps=0.180  episodes=  224  mean_return=150.000  mean_loss=48.28030  mean_foundation=  3.0/52  lifetime_outcomes={'won': 69, 'stalled': 4, 'truncated': 151, 'other': 0}  rss= 3105.5MB  (2190s)
step   194000/1200000  eps=0.175  episodes=  225  mean_return=1650.000  mean_loss=46.94633  mean_foundation= 29.0/52  lifetime_outcomes={'won': 69, 'stalled': 4, 'truncated': 152, 'other': 0}  rss= 3109.5MB  (2193s)
step   195000/1200000  eps=0.171  episodes=  226  mean_return=720.000  mean_loss=49.13739  mean_foundation= 10.0/52  lifetime_outcomes={'won': 69, 'stalled': 4, 'truncated': 153, 'other': 0}  rss= 3111.5MB  (2197s)
step   196000/1200000  eps=0.167  episodes=  228  mean_return=7045.905  mean_loss=47.67813  mean_foundation= 52.0/52  lifetime_outcomes={'won': 71, 'stalled': 4, 'truncated': 153, 'other': 0}  rss= 3117.5MB  (2200s)
step   197000/1200000  eps=0.163  episodes=  230  mean_return=3888.780  mean_loss=49.62687  mean_foundation= 31.5/52  lifetime_outcomes={'won': 72, 'stalled': 4, 'truncated': 154, 'other': 0}  rss= 3119.5MB  (2204s)
step   198000/1200000  eps=0.158  episodes=  231  mean_return=1030.000  mean_loss=47.90474  mean_foundation=  5.0/52  lifetime_outcomes={'won': 72, 'stalled': 4, 'truncated': 155, 'other': 0}  rss= 3124.0MB  (2207s)
step   199000/1200000  eps=0.154  episodes=  233  mean_return=7045.530  mean_loss=48.11783  mean_foundation= 52.0/52  lifetime_outcomes={'won': 74, 'stalled': 4, 'truncated': 155, 'other': 0}  rss= 3126.6MB  (2210s)
step   200000/1200000  eps=0.150  episodes=  234  mean_return=7045.380  mean_loss=48.58313  mean_foundation= 52.0/52  lifetime_outcomes={'won': 75, 'stalled': 4, 'truncated': 155, 'other': 0}  rss= 3128.7MB  (2214s)
  EVAL  step   200000  win_rate=36.00%  mean_return=3108.970  mean_foundation= 26.5/52  mean_length=793.0  (greedy, 100 fixed deals)
step   201000/1200000  eps=0.150  episodes=  235  mean_return=1350.000  mean_loss=46.58050  mean_foundation= 23.0/52  lifetime_outcomes={'won': 75, 'stalled': 4, 'truncated': 156, 'other': 0}  rss= 3134.0MB  (2292s)
step   202000/1200000  eps=0.150  episodes=  236  mean_return=640.000  mean_loss=46.56274  mean_foundation=  3.0/52  lifetime_outcomes={'won': 75, 'stalled': 4, 'truncated': 157, 'other': 0}  rss= 3134.0MB  (2296s)
step   203000/1200000  eps=0.150  episodes=  237  mean_return=920.000  mean_loss=46.94129  mean_foundation=  7.0/52  lifetime_outcomes={'won': 75, 'stalled': 4, 'truncated': 158, 'other': 0}  rss= 3134.0MB  (2299s)
step   204000/1200000  eps=0.150  episodes=  239  mean_return=3917.535  mean_loss=47.89409  mean_foundation= 29.5/52  lifetime_outcomes={'won': 76, 'stalled': 4, 'truncated': 159, 'other': 0}  rss= 3134.0MB  (2303s)
step   205000/1200000  eps=0.150  episodes=  241  mean_return=7044.340  mean_loss=49.42137  mean_foundation= 52.0/52  lifetime_outcomes={'won': 78, 'stalled': 4, 'truncated': 159, 'other': 0}  rss= 3134.0MB  (2306s)
step   206000/1200000  eps=0.150  episodes=  242  mean_return=900.000  mean_loss=48.41077  mean_foundation=  3.0/52  lifetime_outcomes={'won': 78, 'stalled': 4, 'truncated': 160, 'other': 0}  rss= 3134.0MB  (2310s)
step   207000/1200000  eps=0.150  episodes=  243  mean_return=400.000  mean_loss=46.14640  mean_foundation=  4.0/52  lifetime_outcomes={'won': 78, 'stalled': 4, 'truncated': 161, 'other': 0}  rss= 3134.0MB  (2314s)
step   208000/1200000  eps=0.150  episodes=  244  mean_return=840.000  mean_loss=47.10184  mean_foundation=  6.0/52  lifetime_outcomes={'won': 78, 'stalled': 4, 'truncated': 162, 'other': 0}  rss= 3134.0MB  (2317s)
step   209000/1200000  eps=0.150  episodes=  245  mean_return=7044.670  mean_loss=46.01738  mean_foundation= 52.0/52  lifetime_outcomes={'won': 79, 'stalled': 4, 'truncated': 162, 'other': 0}  rss= 3134.0MB  (2321s)
step   210000/1200000  eps=0.150  episodes=  247  mean_return=7042.505  mean_loss=46.74078  mean_foundation= 52.0/52  lifetime_outcomes={'won': 81, 'stalled': 4, 'truncated': 162, 'other': 0}  rss= 3134.0MB  (2324s)
  EVAL  step   210000  win_rate=25.00%  mean_return=2452.852  mean_foundation= 22.1/52  mean_length=894.9  (greedy, 100 fixed deals)
step   211000/1200000  eps=0.150  episodes=  248  mean_return=7043.800  mean_loss=46.40964  mean_foundation= 52.0/52  lifetime_outcomes={'won': 82, 'stalled': 4, 'truncated': 162, 'other': 0}  rss= 3140.2MB  (2417s)
step   212000/1200000  eps=0.150  episodes=  249  mean_return=550.000  mean_loss=46.69639  mean_foundation=  3.0/52  lifetime_outcomes={'won': 82, 'stalled': 4, 'truncated': 163, 'other': 0}  rss= 3140.2MB  (2421s)
step   213000/1200000  eps=0.150  episodes=  250  mean_return=600.000  mean_loss=47.04069  mean_foundation= 11.0/52  lifetime_outcomes={'won': 82, 'stalled': 4, 'truncated': 164, 'other': 0}  rss= 3140.2MB  (2424s)
step   214000/1200000  eps=0.150  episodes=  251  mean_return=7042.630  mean_loss=44.40198  mean_foundation= 52.0/52  lifetime_outcomes={'won': 83, 'stalled': 4, 'truncated': 164, 'other': 0}  rss= 3140.2MB  (2427s)
step   215000/1200000  eps=0.150  episodes=  252  mean_return=1260.000  mean_loss=47.63988  mean_foundation= 21.0/52  lifetime_outcomes={'won': 83, 'stalled': 4, 'truncated': 165, 'other': 0}  rss= 3140.2MB  (2431s)
step   216000/1200000  eps=0.150  episodes=  254  mean_return=4167.420  mean_loss=44.85009  mean_foundation= 34.0/52  lifetime_outcomes={'won': 84, 'stalled': 4, 'truncated': 166, 'other': 0}  rss= 3140.2MB  (2434s)
step   217000/1200000  eps=0.150  episodes=  255  mean_return=7042.750  mean_loss=45.42427  mean_foundation= 52.0/52  lifetime_outcomes={'won': 85, 'stalled': 4, 'truncated': 166, 'other': 0}  rss= 3140.2MB  (2437s)
step   218000/1200000  eps=0.150  episodes=  256  mean_return=900.000  mean_loss=45.05917  mean_foundation= 11.0/52  lifetime_outcomes={'won': 85, 'stalled': 4, 'truncated': 167, 'other': 0}  rss= 3140.2MB  (2441s)
step   219000/1200000  eps=0.150  episodes=  257  mean_return=770.000  mean_loss=46.12959  mean_foundation=  3.0/52  lifetime_outcomes={'won': 85, 'stalled': 4, 'truncated': 168, 'other': 0}  rss= 3140.2MB  (2444s)
step   220000/1200000  eps=0.150  episodes=  258  mean_return=440.000  mean_loss=45.59482  mean_foundation=  4.0/52  lifetime_outcomes={'won': 85, 'stalled': 4, 'truncated': 169, 'other': 0}  rss= 3140.2MB  (2448s)
  EVAL  step   220000  win_rate=30.00%  mean_return=2754.646  mean_foundation= 23.9/52  mean_length=845.4  (greedy, 100 fixed deals)
step   221000/1200000  eps=0.150  episodes=  259  mean_return=930.000  mean_loss=43.96572  mean_foundation=  6.0/52  lifetime_outcomes={'won': 85, 'stalled': 4, 'truncated': 170, 'other': 0}  rss= 3140.2MB  (2533s)
step   222000/1200000  eps=0.150  episodes=  260  mean_return=290.000  mean_loss=46.34074  mean_foundation=  4.0/52  lifetime_outcomes={'won': 85, 'stalled': 4, 'truncated': 171, 'other': 0}  rss= 3140.2MB  (2536s)
step   223000/1200000  eps=0.150  episodes=  261  mean_return=520.000  mean_loss=44.26313  mean_foundation=  4.0/52  lifetime_outcomes={'won': 85, 'stalled': 4, 'truncated': 172, 'other': 0}  rss= 3140.2MB  (2540s)
step   224000/1200000  eps=0.150  episodes=  262  mean_return=1130.000  mean_loss=46.22305  mean_foundation= 11.0/52  lifetime_outcomes={'won': 85, 'stalled': 4, 'truncated': 173, 'other': 0}  rss= 3140.2MB  (2543s)
step   225000/1200000  eps=0.150  episodes=  263  mean_return=390.000  mean_loss=45.54898  mean_foundation=  5.0/52  lifetime_outcomes={'won': 85, 'stalled': 4, 'truncated': 174, 'other': 0}  rss= 3140.2MB  (2547s)
step   226000/1200000  eps=0.150  episodes=  265  mean_return=7044.520  mean_loss=45.26365  mean_foundation= 52.0/52  lifetime_outcomes={'won': 87, 'stalled': 4, 'truncated': 174, 'other': 0}  rss= 3140.2MB  (2550s)
step   227000/1200000  eps=0.150  episodes=  266  mean_return=1110.000  mean_loss=45.14595  mean_foundation= 16.0/52  lifetime_outcomes={'won': 87, 'stalled': 4, 'truncated': 175, 'other': 0}  rss= 3140.2MB  (2554s)
step   228000/1200000  eps=0.150  episodes=  267  mean_return=620.000  mean_loss=44.73236  mean_foundation=  5.0/52  lifetime_outcomes={'won': 87, 'stalled': 4, 'truncated': 176, 'other': 0}  rss= 3140.2MB  (2557s)
step   229000/1200000  eps=0.150  episodes=  268  mean_return=7046.390  mean_loss=44.09534  mean_foundation= 52.0/52  lifetime_outcomes={'won': 88, 'stalled': 4, 'truncated': 176, 'other': 0}  rss= 3140.2MB  (2561s)
step   230000/1200000  eps=0.150  episodes=  269  mean_return=580.000  mean_loss=43.25981  mean_foundation=  5.0/52  lifetime_outcomes={'won': 88, 'stalled': 4, 'truncated': 177, 'other': 0}  rss= 3140.2MB  (2564s)
  EVAL  step   230000  win_rate=30.00%  mean_return=2720.755  mean_foundation= 23.9/52  mean_length=844.5  (greedy, 100 fixed deals)
step   231000/1200000  eps=0.150  episodes=  270  mean_return=1300.000  mean_loss=46.37445  mean_foundation= 13.0/52  lifetime_outcomes={'won': 88, 'stalled': 4, 'truncated': 178, 'other': 0}  rss= 3140.2MB  (2651s)
step   232000/1200000  eps=0.150  episodes=  271  mean_return=620.000  mean_loss=44.35246  mean_foundation=  9.0/52  lifetime_outcomes={'won': 88, 'stalled': 4, 'truncated': 179, 'other': 0}  rss= 3140.2MB  (2654s)
step   233000/1200000  eps=0.150  episodes=  272  mean_return=140.000  mean_loss=43.95077  mean_foundation=  5.0/52  lifetime_outcomes={'won': 88, 'stalled': 4, 'truncated': 180, 'other': 0}  rss= 3140.2MB  (2658s)
step   234000/1200000  eps=0.150  episodes=  273  mean_return=560.000  mean_loss=43.05447  mean_foundation=  2.0/52  lifetime_outcomes={'won': 88, 'stalled': 4, 'truncated': 181, 'other': 0}  rss= 3140.2MB  (2661s)
step   235000/1200000  eps=0.150  episodes=  274  mean_return=1410.000  mean_loss=42.99605  mean_foundation=  9.0/52  lifetime_outcomes={'won': 88, 'stalled': 4, 'truncated': 182, 'other': 0}  rss= 3140.2MB  (2665s)
step   236000/1200000  eps=0.150  episodes=  275  mean_return=1580.000  mean_loss=45.06686  mean_foundation= 29.0/52  lifetime_outcomes={'won': 88, 'stalled': 4, 'truncated': 183, 'other': 0}  rss= 3140.2MB  (2668s)
step   237000/1200000  eps=0.150  episodes=  276  mean_return=690.000  mean_loss=44.91528  mean_foundation=  7.0/52  lifetime_outcomes={'won': 88, 'stalled': 4, 'truncated': 184, 'other': 0}  rss= 3140.2MB  (2671s)
step   238000/1200000  eps=0.150  episodes=  279  mean_return=4857.023  mean_loss=41.35684  mean_foundation= 36.0/52  lifetime_outcomes={'won': 90, 'stalled': 4, 'truncated': 185, 'other': 0}  rss= 3140.2MB  (2675s)
step   239000/1200000  eps=0.150  episodes=  280  mean_return=7047.680  mean_loss=43.83945  mean_foundation= 52.0/52  lifetime_outcomes={'won': 91, 'stalled': 4, 'truncated': 185, 'other': 0}  rss= 3140.2MB  (2678s)
step   240000/1200000  eps=0.150  episodes=  281  mean_return=600.000  mean_loss=43.50140  mean_foundation= 10.0/52  lifetime_outcomes={'won': 91, 'stalled': 4, 'truncated': 186, 'other': 0}  rss= 3140.2MB  (2682s)
  EVAL  step   240000  win_rate=20.00%  mean_return=2145.942  mean_foundation= 19.9/52  mean_length=895.8  (greedy, 100 fixed deals)
step   241000/1200000  eps=0.150  episodes=  282  mean_return=950.000  mean_loss=42.25090  mean_foundation= 14.0/52  lifetime_outcomes={'won': 91, 'stalled': 4, 'truncated': 187, 'other': 0}  rss= 3140.2MB  (2772s)
step   242000/1200000  eps=0.150  episodes=  283  mean_return=810.000  mean_loss=43.85511  mean_foundation= 19.0/52  lifetime_outcomes={'won': 91, 'stalled': 4, 'truncated': 188, 'other': 0}  rss= 3140.2MB  (2776s)
step   243000/1200000  eps=0.150  episodes=  284  mean_return=1150.000  mean_loss=42.37182  mean_foundation= 13.0/52  lifetime_outcomes={'won': 91, 'stalled': 4, 'truncated': 189, 'other': 0}  rss= 3140.2MB  (2779s)
step   244000/1200000  eps=0.150  episodes=  285  mean_return=1270.000  mean_loss=43.95306  mean_foundation= 13.0/52  lifetime_outcomes={'won': 91, 'stalled': 4, 'truncated': 190, 'other': 0}  rss= 3140.2MB  (2783s)
step   245000/1200000  eps=0.150  episodes=  288  mean_return=5010.553  mean_loss=43.29680  mean_foundation= 39.0/52  lifetime_outcomes={'won': 93, 'stalled': 4, 'truncated': 191, 'other': 0}  rss= 3140.2MB  (2787s)
step   246000/1200000  eps=0.150  episodes=  289  mean_return= 70.000  mean_loss=43.63713  mean_foundation=  2.0/52  lifetime_outcomes={'won': 93, 'stalled': 4, 'truncated': 192, 'other': 0}  rss= 3140.2MB  (2790s)
step   247000/1200000  eps=0.150  episodes=  291  mean_return=7044.960  mean_loss=44.21753  mean_foundation= 52.0/52  lifetime_outcomes={'won': 95, 'stalled': 4, 'truncated': 192, 'other': 0}  rss= 3140.2MB  (2793s)
step   248000/1200000  eps=0.150  episodes=  292  mean_return=230.000  mean_loss=45.31486  mean_foundation=  1.0/52  lifetime_outcomes={'won': 95, 'stalled': 4, 'truncated': 193, 'other': 0}  rss= 3140.2MB  (2797s)
step   249000/1200000  eps=0.150  episodes=  293  mean_return=830.000  mean_loss=44.12095  mean_foundation=  5.0/52  lifetime_outcomes={'won': 95, 'stalled': 4, 'truncated': 194, 'other': 0}  rss= 3140.2MB  (2801s)
step   250000/1200000  eps=0.150  episodes=  294  mean_return=460.000  mean_loss=43.22718  mean_foundation=  8.0/52  lifetime_outcomes={'won': 95, 'stalled': 4, 'truncated': 195, 'other': 0}  rss= 3140.2MB  (2804s)
  EVAL  step   250000  win_rate=30.00%  mean_return=2778.307  mean_foundation= 25.1/52  mean_length=859.3  (greedy, 100 fixed deals)
step   251000/1200000  eps=0.150  episodes=  295  mean_return=270.000  mean_loss=44.04729  mean_foundation=  8.0/52  lifetime_outcomes={'won': 95, 'stalled': 4, 'truncated': 196, 'other': 0}  rss= 3140.2MB  (2890s)
step   252000/1200000  eps=0.150  episodes=  296  mean_return=1500.000  mean_loss=41.79588  mean_foundation= 17.0/52  lifetime_outcomes={'won': 95, 'stalled': 4, 'truncated': 197, 'other': 0}  rss= 3140.2MB  (2894s)
step   253000/1200000  eps=0.150  episodes=  297  mean_return=630.000  mean_loss=41.73895  mean_foundation=  3.0/52  lifetime_outcomes={'won': 95, 'stalled': 4, 'truncated': 198, 'other': 0}  rss= 3140.2MB  (2897s)
step   254000/1200000  eps=0.150  episodes=  298  mean_return=760.000  mean_loss=42.47239  mean_foundation=  5.0/52  lifetime_outcomes={'won': 95, 'stalled': 4, 'truncated': 199, 'other': 0}  rss= 3140.2MB  (2901s)
step   255000/1200000  eps=0.150  episodes=  300  mean_return=7045.900  mean_loss=41.58827  mean_foundation= 52.0/52  lifetime_outcomes={'won': 97, 'stalled': 4, 'truncated': 199, 'other': 0}  rss= 3140.2MB  (2904s)
step   256000/1200000  eps=0.150  episodes=  301  mean_return=7045.410  mean_loss=40.80200  mean_foundation= 52.0/52  lifetime_outcomes={'won': 98, 'stalled': 4, 'truncated': 199, 'other': 0}  rss= 3140.2MB  (2908s)
step   257000/1200000  eps=0.150  episodes=  302  mean_return=1510.000  mean_loss=41.20861  mean_foundation= 16.0/52  lifetime_outcomes={'won': 98, 'stalled': 4, 'truncated': 200, 'other': 0}  rss= 3140.2MB  (2911s)
step   258000/1200000  eps=0.150  episodes=  304  mean_return=3987.975  mean_loss=39.75617  mean_foundation= 29.0/52  lifetime_outcomes={'won': 99, 'stalled': 4, 'truncated': 201, 'other': 0}  rss= 3140.2MB  (2915s)
step   259000/1200000  eps=0.150  episodes=  305  mean_return=1750.000  mean_loss=40.65743  mean_foundation= 32.0/52  lifetime_outcomes={'won': 99, 'stalled': 4, 'truncated': 202, 'other': 0}  rss= 3140.2MB  (2918s)
step   260000/1200000  eps=0.150  episodes=  306  mean_return=820.000  mean_loss=37.55426  mean_foundation= 16.0/52  lifetime_outcomes={'won': 99, 'stalled': 4, 'truncated': 203, 'other': 0}  rss= 3140.2MB  (2921s)
  EVAL  step   260000  win_rate=26.00%  mean_return=2529.979  mean_foundation= 23.5/52  mean_length=832.1  (greedy, 100 fixed deals)
step   261000/1200000  eps=0.150  episodes=  307  mean_return=760.000  mean_loss=38.67251  mean_foundation=  0.0/52  lifetime_outcomes={'won': 99, 'stalled': 4, 'truncated': 204, 'other': 0}  rss= 3140.2MB  (3005s)
step   262000/1200000  eps=0.150  episodes=  308  mean_return=420.000  mean_loss=36.41535  mean_foundation=  6.0/52  lifetime_outcomes={'won': 99, 'stalled': 4, 'truncated': 205, 'other': 0}  rss= 3140.2MB  (3008s)
step   263000/1200000  eps=0.150  episodes=  309  mean_return=1120.000  mean_loss=37.01188  mean_foundation= 10.0/52  lifetime_outcomes={'won': 99, 'stalled': 4, 'truncated': 206, 'other': 0}  rss= 3140.2MB  (3012s)
step   264000/1200000  eps=0.150  episodes=  311  mean_return=7043.400  mean_loss=37.46996  mean_foundation= 52.0/52  lifetime_outcomes={'won': 101, 'stalled': 4, 'truncated': 206, 'other': 0}  rss= 3140.2MB  (3015s)
step   265000/1200000  eps=0.150  episodes=  312  mean_return=850.000  mean_loss=39.27374  mean_foundation=  6.0/52  lifetime_outcomes={'won': 101, 'stalled': 4, 'truncated': 207, 'other': 0}  rss= 3140.2MB  (3019s)
step   266000/1200000  eps=0.150  episodes=  313  mean_return=660.000  mean_loss=36.36074  mean_foundation= 12.0/52  lifetime_outcomes={'won': 101, 'stalled': 4, 'truncated': 208, 'other': 0}  rss= 3140.2MB  (3022s)
step   267000/1200000  eps=0.150  episodes=  314  mean_return=7045.150  mean_loss=37.15207  mean_foundation= 52.0/52  lifetime_outcomes={'won': 102, 'stalled': 4, 'truncated': 208, 'other': 0}  rss= 3140.2MB  (3026s)
step   268000/1200000  eps=0.150  episodes=  316  mean_return=3863.135  mean_loss=38.13718  mean_foundation= 27.0/52  lifetime_outcomes={'won': 103, 'stalled': 4, 'truncated': 209, 'other': 0}  rss= 3140.2MB  (3030s)
step   269000/1200000  eps=0.150  episodes=  317  mean_return=1380.000  mean_loss=37.10613  mean_foundation= 18.0/52  lifetime_outcomes={'won': 103, 'stalled': 4, 'truncated': 210, 'other': 0}  rss= 3140.2MB  (3033s)
step   270000/1200000  eps=0.150  episodes=  318  mean_return=590.000  mean_loss=35.94682  mean_foundation=  4.0/52  lifetime_outcomes={'won': 103, 'stalled': 4, 'truncated': 211, 'other': 0}  rss= 3140.2MB  (3037s)
  EVAL  step   270000  win_rate=27.00%  mean_return=2557.638  mean_foundation= 22.8/52  mean_length=866.2  (greedy, 100 fixed deals)
step   271000/1200000  eps=0.150  episodes=  319  mean_return=1440.000  mean_loss=36.22647  mean_foundation= 17.0/52  lifetime_outcomes={'won': 103, 'stalled': 4, 'truncated': 212, 'other': 0}  rss= 3140.2MB  (3125s)
step   272000/1200000  eps=0.150  episodes=  320  mean_return=1150.000  mean_loss=34.86841  mean_foundation= 11.0/52  lifetime_outcomes={'won': 103, 'stalled': 4, 'truncated': 213, 'other': 0}  rss= 3140.2MB  (3129s)
step   273000/1200000  eps=0.150  episodes=  321  mean_return=1360.000  mean_loss=35.21120  mean_foundation= 14.0/52  lifetime_outcomes={'won': 103, 'stalled': 4, 'truncated': 214, 'other': 0}  rss= 3140.2MB  (3132s)
step   274000/1200000  eps=0.150  episodes=  322  mean_return=300.000  mean_loss=33.97581  mean_foundation=  2.0/52  lifetime_outcomes={'won': 103, 'stalled': 4, 'truncated': 215, 'other': 0}  rss= 3140.2MB  (3136s)
step   275000/1200000  eps=0.150  episodes=  323  mean_return=1220.000  mean_loss=35.90485  mean_foundation= 19.0/52  lifetime_outcomes={'won': 103, 'stalled': 4, 'truncated': 216, 'other': 0}  rss= 3140.2MB  (3139s)
step   276000/1200000  eps=0.150  episodes=  324  mean_return=1580.000  mean_loss=34.76856  mean_foundation= 24.0/52  lifetime_outcomes={'won': 103, 'stalled': 4, 'truncated': 217, 'other': 0}  rss= 3140.2MB  (3142s)
step   277000/1200000  eps=0.150  episodes=  325  mean_return=930.000  mean_loss=35.46760  mean_foundation= 15.0/52  lifetime_outcomes={'won': 103, 'stalled': 4, 'truncated': 218, 'other': 0}  rss= 3140.2MB  (3146s)
step   278000/1200000  eps=0.150  episodes=  326  mean_return=800.000  mean_loss=34.54465  mean_foundation= 12.0/52  lifetime_outcomes={'won': 103, 'stalled': 4, 'truncated': 219, 'other': 0}  rss= 3140.2MB  (3149s)
step   279000/1200000  eps=0.150  episodes=  327  mean_return=660.000  mean_loss=34.81764  mean_foundation=  7.0/52  lifetime_outcomes={'won': 103, 'stalled': 4, 'truncated': 220, 'other': 0}  rss= 3140.2MB  (3153s)
step   280000/1200000  eps=0.150  episodes=  328  mean_return=700.000  mean_loss=34.85130  mean_foundation=  3.0/52  lifetime_outcomes={'won': 103, 'stalled': 4, 'truncated': 221, 'other': 0}  rss= 3140.2MB  (3156s)
  EVAL  step   280000  win_rate=27.00%  mean_return=2601.015  mean_foundation= 22.8/52  mean_length=888.5  (greedy, 100 fixed deals)
step   281000/1200000  eps=0.150  episodes=  329  mean_return=850.000  mean_loss=32.94228  mean_foundation=  7.0/52  lifetime_outcomes={'won': 103, 'stalled': 4, 'truncated': 222, 'other': 0}  rss= 3140.2MB  (3244s)
step   282000/1200000  eps=0.150  episodes=  330  mean_return=590.000  mean_loss=34.22113  mean_foundation= 10.0/52  lifetime_outcomes={'won': 103, 'stalled': 4, 'truncated': 223, 'other': 0}  rss= 3140.2MB  (3247s)
step   283000/1200000  eps=0.150  episodes=  331  mean_return=7046.810  mean_loss=33.41807  mean_foundation= 52.0/52  lifetime_outcomes={'won': 104, 'stalled': 4, 'truncated': 223, 'other': 0}  rss= 3140.2MB  (3251s)
step   284000/1200000  eps=0.150  episodes=  333  mean_return=4097.435  mean_loss=33.85137  mean_foundation= 32.0/52  lifetime_outcomes={'won': 105, 'stalled': 4, 'truncated': 224, 'other': 0}  rss= 3140.2MB  (3254s)
step   285000/1200000  eps=0.150  episodes=  335  mean_return=7045.470  mean_loss=34.58734  mean_foundation= 52.0/52  lifetime_outcomes={'won': 107, 'stalled': 4, 'truncated': 224, 'other': 0}  rss= 3140.2MB  (3258s)
step   286000/1200000  eps=0.150  episodes=  336  mean_return=7045.330  mean_loss=34.61917  mean_foundation= 52.0/52  lifetime_outcomes={'won': 108, 'stalled': 4, 'truncated': 224, 'other': 0}  rss= 3140.2MB  (3262s)
step   287000/1200000  eps=0.150  episodes=  337  mean_return=1370.000  mean_loss=33.03127  mean_foundation= 15.0/52  lifetime_outcomes={'won': 108, 'stalled': 4, 'truncated': 225, 'other': 0}  rss= 3140.2MB  (3265s)
step   288000/1200000  eps=0.150  episodes=  338  mean_return=1440.000  mean_loss=33.84906  mean_foundation= 18.0/52  lifetime_outcomes={'won': 108, 'stalled': 4, 'truncated': 226, 'other': 0}  rss= 3140.2MB  (3269s)
step   289000/1200000  eps=0.150  episodes=  339  mean_return=300.000  mean_loss=33.34404  mean_foundation=  2.0/52  lifetime_outcomes={'won': 108, 'stalled': 4, 'truncated': 227, 'other': 0}  rss= 3140.2MB  (3272s)
step   290000/1200000  eps=0.150  episodes=  340  mean_return=1320.000  mean_loss=34.44017  mean_foundation=  9.0/52  lifetime_outcomes={'won': 108, 'stalled': 4, 'truncated': 228, 'other': 0}  rss= 3140.2MB  (3275s)
  EVAL  step   290000  win_rate=29.00%  mean_return=2676.523  mean_foundation= 23.3/52  mean_length=857.7  (greedy, 100 fixed deals)
step   291000/1200000  eps=0.150  episodes=  341  mean_return=1220.000  mean_loss=32.36531  mean_foundation= 16.0/52  lifetime_outcomes={'won': 108, 'stalled': 4, 'truncated': 229, 'other': 0}  rss= 3140.2MB  (3362s)
step   292000/1200000  eps=0.150  episodes=  342  mean_return=650.000  mean_loss=33.82959  mean_foundation=  5.0/52  lifetime_outcomes={'won': 108, 'stalled': 4, 'truncated': 230, 'other': 0}  rss= 3140.2MB  (3365s)
step   293000/1200000  eps=0.150  episodes=  343  mean_return=1340.000  mean_loss=32.16702  mean_foundation= 17.0/52  lifetime_outcomes={'won': 108, 'stalled': 4, 'truncated': 231, 'other': 0}  rss= 3140.2MB  (3369s)
step   294000/1200000  eps=0.150  episodes=  344  mean_return=1290.000  mean_loss=32.70184  mean_foundation= 10.0/52  lifetime_outcomes={'won': 108, 'stalled': 4, 'truncated': 232, 'other': 0}  rss= 3140.2MB  (3372s)
step   295000/1200000  eps=0.150  episodes=  346  mean_return=4192.805  mean_loss=32.18431  mean_foundation= 34.5/52  lifetime_outcomes={'won': 109, 'stalled': 4, 'truncated': 233, 'other': 0}  rss= 3140.2MB  (3376s)
step   296000/1200000  eps=0.150  episodes=  348  mean_return=7046.155  mean_loss=31.70573  mean_foundation= 52.0/52  lifetime_outcomes={'won': 111, 'stalled': 4, 'truncated': 233, 'other': 0}  rss= 3140.2MB  (3379s)
step   297000/1200000  eps=0.150  episodes=  350  mean_return=4223.925  mean_loss=31.57681  mean_foundation= 32.5/52  lifetime_outcomes={'won': 112, 'stalled': 4, 'truncated': 234, 'other': 0}  rss= 3140.2MB  (3383s)
step   298000/1200000  eps=0.150  episodes=  351  mean_return=1000.000  mean_loss=31.55656  mean_foundation=  3.0/52  lifetime_outcomes={'won': 112, 'stalled': 4, 'truncated': 235, 'other': 0}  rss= 3140.2MB  (3386s)
step   299000/1200000  eps=0.150  episodes=  352  mean_return=660.000  mean_loss=32.99345  mean_foundation=  7.0/52  lifetime_outcomes={'won': 112, 'stalled': 4, 'truncated': 236, 'other': 0}  rss= 3140.2MB  (3390s)
step   300000/1200000  eps=0.150  episodes=  354  mean_return=4068.775  mean_loss=31.59271  mean_foundation= 28.5/52  lifetime_outcomes={'won': 113, 'stalled': 4, 'truncated': 237, 'other': 0}  rss= 3140.2MB  (3393s)
  EVAL  step   300000  win_rate=32.00%  mean_return=2808.904  mean_foundation= 23.4/52  mean_length=809.6  (greedy, 100 fixed deals)
step   301000/1200000  eps=0.150  episodes=  355  mean_return=7045.860  mean_loss=30.74064  mean_foundation= 52.0/52  lifetime_outcomes={'won': 114, 'stalled': 4, 'truncated': 237, 'other': 0}  rss= 3140.2MB  (3474s)
step   302000/1200000  eps=0.150  episodes=  357  mean_return=4017.970  mean_loss=29.71277  mean_foundation= 30.0/52  lifetime_outcomes={'won': 115, 'stalled': 4, 'truncated': 238, 'other': 0}  rss= 3140.2MB  (3478s)
step   303000/1200000  eps=0.150  episodes=  358  mean_return=1070.000  mean_loss=31.47287  mean_foundation=  7.0/52  lifetime_outcomes={'won': 115, 'stalled': 4, 'truncated': 239, 'other': 0}  rss= 3140.2MB  (3481s)
step   304000/1200000  eps=0.150  episodes=  360  mean_return=3927.900  mean_loss=32.40396  mean_foundation= 29.0/52  lifetime_outcomes={'won': 116, 'stalled': 4, 'truncated': 240, 'other': 0}  rss= 3140.2MB  (3485s)
step   305000/1200000  eps=0.150  episodes=  361  mean_return=820.000  mean_loss=31.28410  mean_foundation= 10.0/52  lifetime_outcomes={'won': 116, 'stalled': 4, 'truncated': 241, 'other': 0}  rss= 3140.2MB  (3488s)
step   306000/1200000  eps=0.150  episodes=  362  mean_return=1730.000  mean_loss=30.54039  mean_foundation= 35.0/52  lifetime_outcomes={'won': 116, 'stalled': 4, 'truncated': 242, 'other': 0}  rss= 3140.2MB  (3492s)
step   307000/1200000  eps=0.150  episodes=  363  mean_return=1500.000  mean_loss=32.63965  mean_foundation= 19.0/52  lifetime_outcomes={'won': 116, 'stalled': 4, 'truncated': 243, 'other': 0}  rss= 3140.2MB  (3496s)
step   308000/1200000  eps=0.150  episodes=  364  mean_return=7002.970  mean_loss=30.35649  mean_foundation= 52.0/52  lifetime_outcomes={'won': 117, 'stalled': 4, 'truncated': 243, 'other': 0}  rss= 3140.2MB  (3499s)
step   309000/1200000  eps=0.150  episodes=  365  mean_return=480.000  mean_loss=29.40036  mean_foundation=  9.0/52  lifetime_outcomes={'won': 117, 'stalled': 4, 'truncated': 244, 'other': 0}  rss= 3140.2MB  (3503s)
step   310000/1200000  eps=0.150  episodes=  366  mean_return=730.000  mean_loss=30.22307  mean_foundation=  4.0/52  lifetime_outcomes={'won': 117, 'stalled': 4, 'truncated': 245, 'other': 0}  rss= 3140.2MB  (3507s)
  EVAL  step   310000  win_rate=30.00%  mean_return=2729.219  mean_foundation= 23.9/52  mean_length=808.1  (greedy, 100 fixed deals)
step   311000/1200000  eps=0.150  episodes=  367  mean_return=7046.080  mean_loss=31.29086  mean_foundation= 52.0/52  lifetime_outcomes={'won': 118, 'stalled': 4, 'truncated': 245, 'other': 0}  rss= 3140.2MB  (3590s)
step   312000/1200000  eps=0.150  episodes=  368  mean_return=1550.000  mean_loss=31.15100  mean_foundation= 17.0/52  lifetime_outcomes={'won': 118, 'stalled': 4, 'truncated': 246, 'other': 0}  rss= 3140.2MB  (3594s)
step   313000/1200000  eps=0.150  episodes=  370  mean_return=4106.405  mean_loss=29.31004  mean_foundation= 33.0/52  lifetime_outcomes={'won': 119, 'stalled': 4, 'truncated': 247, 'other': 0}  rss= 3140.2MB  (3598s)
step   314000/1200000  eps=0.150  episodes=  372  mean_return=344.590  mean_loss=30.26905  mean_foundation=  5.5/52  lifetime_outcomes={'won': 119, 'stalled': 5, 'truncated': 248, 'other': 0}  rss= 3140.2MB  (3601s)
step   315000/1200000  eps=0.150  episodes=  374  mean_return=7045.910  mean_loss=29.72634  mean_foundation= 52.0/52  lifetime_outcomes={'won': 121, 'stalled': 5, 'truncated': 248, 'other': 0}  rss= 3140.2MB  (3604s)
step   316000/1200000  eps=0.150  episodes=  375  mean_return=1270.000  mean_loss=29.80630  mean_foundation= 19.0/52  lifetime_outcomes={'won': 121, 'stalled': 5, 'truncated': 249, 'other': 0}  rss= 3140.2MB  (3608s)
step   317000/1200000  eps=0.150  episodes=  376  mean_return=1320.000  mean_loss=30.55300  mean_foundation= 10.0/52  lifetime_outcomes={'won': 121, 'stalled': 5, 'truncated': 250, 'other': 0}  rss= 3140.2MB  (3612s)
step   318000/1200000  eps=0.150  episodes=  377  mean_return=1350.000  mean_loss=29.97379  mean_foundation= 16.0/52  lifetime_outcomes={'won': 121, 'stalled': 5, 'truncated': 251, 'other': 0}  rss= 3140.2MB  (3615s)
step   319000/1200000  eps=0.150  episodes=  378  mean_return=7005.340  mean_loss=28.15796  mean_foundation= 52.0/52  lifetime_outcomes={'won': 122, 'stalled': 5, 'truncated': 251, 'other': 0}  rss= 3140.2MB  (3619s)
step   320000/1200000  eps=0.150  episodes=  379  mean_return=370.000  mean_loss=29.29462  mean_foundation=  9.0/52  lifetime_outcomes={'won': 122, 'stalled': 5, 'truncated': 252, 'other': 0}  rss= 3140.2MB  (3622s)
  EVAL  step   320000  win_rate=15.00%  mean_return=1945.596  mean_foundation= 18.9/52  mean_length=950.4  (greedy, 100 fixed deals)
step   321000/1200000  eps=0.150  episodes=  381  mean_return=3846.595  mean_loss=28.95897  mean_foundation= 29.0/52  lifetime_outcomes={'won': 123, 'stalled': 5, 'truncated': 253, 'other': 0}  rss= 3140.2MB  (3716s)
step   322000/1200000  eps=0.150  episodes=  382  mean_return=1250.000  mean_loss=28.33093  mean_foundation= 13.0/52  lifetime_outcomes={'won': 123, 'stalled': 5, 'truncated': 254, 'other': 0}  rss= 3140.2MB  (3720s)
step   323000/1200000  eps=0.150  episodes=  383  mean_return=7040.380  mean_loss=29.76449  mean_foundation= 52.0/52  lifetime_outcomes={'won': 124, 'stalled': 5, 'truncated': 254, 'other': 0}  rss= 3140.2MB  (3723s)
step   324000/1200000  eps=0.150  episodes=  384  mean_return=1060.000  mean_loss=29.17446  mean_foundation= 12.0/52  lifetime_outcomes={'won': 124, 'stalled': 5, 'truncated': 255, 'other': 0}  rss= 3140.2MB  (3727s)
step   325000/1200000  eps=0.150  episodes=  385  mean_return=7006.120  mean_loss=30.85233  mean_foundation= 52.0/52  lifetime_outcomes={'won': 125, 'stalled': 5, 'truncated': 255, 'other': 0}  rss= 3140.2MB  (3730s)
step   326000/1200000  eps=0.150  episodes=  386  mean_return=690.000  mean_loss=29.22038  mean_foundation=  8.0/52  lifetime_outcomes={'won': 125, 'stalled': 5, 'truncated': 256, 'other': 0}  rss= 3140.2MB  (3734s)
step   327000/1200000  eps=0.150  episodes=  387  mean_return=1230.000  mean_loss=30.10652  mean_foundation= 20.0/52  lifetime_outcomes={'won': 125, 'stalled': 5, 'truncated': 257, 'other': 0}  rss= 3140.2MB  (3737s)
step   328000/1200000  eps=0.150  episodes=  389  mean_return=4277.755  mean_loss=31.05520  mean_foundation= 32.5/52  lifetime_outcomes={'won': 126, 'stalled': 5, 'truncated': 258, 'other': 0}  rss= 3140.2MB  (3741s)
step   329000/1200000  eps=0.150  episodes=  391  mean_return=3743.145  mean_loss=29.28293  mean_foundation= 29.0/52  lifetime_outcomes={'won': 127, 'stalled': 5, 'truncated': 259, 'other': 0}  rss= 3140.2MB  (3744s)
step   330000/1200000  eps=0.150  episodes=  392  mean_return=280.000  mean_loss=30.90498  mean_foundation=  8.0/52  lifetime_outcomes={'won': 127, 'stalled': 5, 'truncated': 260, 'other': 0}  rss= 3140.2MB  (3747s)
  EVAL  step   330000  win_rate=29.00%  mean_return=2698.514  mean_foundation= 24.3/52  mean_length=828.6  (greedy, 100 fixed deals)
step   331000/1200000  eps=0.150  episodes=  393  mean_return=1640.000  mean_loss=30.08005  mean_foundation= 36.0/52  lifetime_outcomes={'won': 127, 'stalled': 5, 'truncated': 261, 'other': 0}  rss= 3140.2MB  (3832s)
step   332000/1200000  eps=0.150  episodes=  394  mean_return=1160.000  mean_loss=28.77312  mean_foundation=  9.0/52  lifetime_outcomes={'won': 127, 'stalled': 5, 'truncated': 262, 'other': 0}  rss= 3140.2MB  (3836s)
step   333000/1200000  eps=0.150  episodes=  396  mean_return=7045.605  mean_loss=30.09972  mean_foundation= 52.0/52  lifetime_outcomes={'won': 129, 'stalled': 5, 'truncated': 262, 'other': 0}  rss= 3140.2MB  (3839s)
step   334000/1200000  eps=0.150  episodes=  397  mean_return=1770.000  mean_loss=28.56498  mean_foundation= 35.0/52  lifetime_outcomes={'won': 129, 'stalled': 5, 'truncated': 263, 'other': 0}  rss= 3140.2MB  (3843s)
step   335000/1200000  eps=0.150  episodes=  399  mean_return=7044.930  mean_loss=28.91908  mean_foundation= 52.0/52  lifetime_outcomes={'won': 131, 'stalled': 5, 'truncated': 263, 'other': 0}  rss= 3140.2MB  (3846s)
step   336000/1200000  eps=0.150  episodes=  400  mean_return=1820.000  mean_loss=28.12620  mean_foundation= 30.0/52  lifetime_outcomes={'won': 131, 'stalled': 5, 'truncated': 264, 'other': 0}  rss= 3140.2MB  (3850s)
step   337000/1200000  eps=0.150  episodes=  401  mean_return=530.000  mean_loss=28.23330  mean_foundation= 13.0/52  lifetime_outcomes={'won': 131, 'stalled': 5, 'truncated': 265, 'other': 0}  rss= 3140.2MB  (3853s)
step   338000/1200000  eps=0.150  episodes=  402  mean_return=340.000  mean_loss=28.04532  mean_foundation= 10.0/52  lifetime_outcomes={'won': 131, 'stalled': 5, 'truncated': 266, 'other': 0}  rss= 3140.2MB  (3857s)
step   339000/1200000  eps=0.150  episodes=  403  mean_return=420.000  mean_loss=28.18655  mean_foundation=  8.0/52  lifetime_outcomes={'won': 131, 'stalled': 5, 'truncated': 267, 'other': 0}  rss= 3140.2MB  (3860s)
step   340000/1200000  eps=0.150  episodes=  404  mean_return=7045.790  mean_loss=27.56655  mean_foundation= 52.0/52  lifetime_outcomes={'won': 132, 'stalled': 5, 'truncated': 267, 'other': 0}  rss= 3140.2MB  (3863s)
  EVAL  step   340000  win_rate=22.00%  mean_return=2251.886  mean_foundation= 21.4/52  mean_length=841.4  (greedy, 100 fixed deals)
step   341000/1200000  eps=0.150  episodes=  406  mean_return=3743.495  mean_loss=27.90025  mean_foundation= 28.5/52  lifetime_outcomes={'won': 133, 'stalled': 5, 'truncated': 268, 'other': 0}  rss= 3140.2MB  (3949s)
step   342000/1200000  eps=0.150  episodes=  408  mean_return=3938.195  mean_loss=26.74905  mean_foundation= 29.0/52  lifetime_outcomes={'won': 134, 'stalled': 5, 'truncated': 269, 'other': 0}  rss= 3140.2MB  (3953s)
step   343000/1200000  eps=0.150  episodes=  410  mean_return=7045.865  mean_loss=27.52914  mean_foundation= 52.0/52  lifetime_outcomes={'won': 136, 'stalled': 5, 'truncated': 269, 'other': 0}  rss= 3140.2MB  (3957s)
step   344000/1200000  eps=0.150  episodes=  411  mean_return=7046.620  mean_loss=27.77423  mean_foundation= 52.0/52  lifetime_outcomes={'won': 137, 'stalled': 5, 'truncated': 269, 'other': 0}  rss= 3140.2MB  (3960s)
step   345000/1200000  eps=0.150  episodes=  412  mean_return=630.000  mean_loss=27.08639  mean_foundation=  5.0/52  lifetime_outcomes={'won': 137, 'stalled': 5, 'truncated': 270, 'other': 0}  rss= 3140.2MB  (3964s)
step   346000/1200000  eps=0.150  episodes=  413  mean_return=300.000  mean_loss=26.26150  mean_foundation=  3.0/52  lifetime_outcomes={'won': 137, 'stalled': 5, 'truncated': 271, 'other': 0}  rss= 3140.2MB  (3967s)
step   347000/1200000  eps=0.150  episodes=  416  mean_return=5094.017  mean_loss=28.33049  mean_foundation= 39.0/52  lifetime_outcomes={'won': 139, 'stalled': 5, 'truncated': 272, 'other': 0}  rss= 3140.2MB  (3971s)
step   348000/1200000  eps=0.150  episodes=  417  mean_return=660.000  mean_loss=27.10806  mean_foundation=  2.0/52  lifetime_outcomes={'won': 139, 'stalled': 5, 'truncated': 273, 'other': 0}  rss= 3140.2MB  (3974s)
step   349000/1200000  eps=0.150  episodes=  418  mean_return=7044.080  mean_loss=27.40213  mean_foundation= 52.0/52  lifetime_outcomes={'won': 140, 'stalled': 5, 'truncated': 273, 'other': 0}  rss= 3140.2MB  (3978s)
step   350000/1200000  eps=0.150  episodes=  419  mean_return=330.000  mean_loss=26.52758  mean_foundation=  1.0/52  lifetime_outcomes={'won': 140, 'stalled': 5, 'truncated': 274, 'other': 0}  rss= 3140.2MB  (3982s)
  EVAL  step   350000  win_rate=33.00%  mean_return=2912.712  mean_foundation= 25.0/52  mean_length=808.8  (greedy, 100 fixed deals)
step   351000/1200000  eps=0.150  episodes=  420  mean_return=850.000  mean_loss=27.21080  mean_foundation=  7.0/52  lifetime_outcomes={'won': 140, 'stalled': 5, 'truncated': 275, 'other': 0}  rss= 3140.2MB  (4066s)
step   352000/1200000  eps=0.150  episodes=  422  mean_return=7043.170  mean_loss=27.53594  mean_foundation= 52.0/52  lifetime_outcomes={'won': 142, 'stalled': 5, 'truncated': 275, 'other': 0}  rss= 3140.2MB  (4069s)
step   353000/1200000  eps=0.150  episodes=  423  mean_return=7046.270  mean_loss=26.43994  mean_foundation= 52.0/52  lifetime_outcomes={'won': 143, 'stalled': 5, 'truncated': 275, 'other': 0}  rss= 3140.2MB  (4073s)
step   354000/1200000  eps=0.150  episodes=  425  mean_return=3658.875  mean_loss=26.95509  mean_foundation= 26.0/52  lifetime_outcomes={'won': 144, 'stalled': 5, 'truncated': 276, 'other': 0}  rss= 3140.2MB  (4077s)
step   355000/1200000  eps=0.150  episodes=  427  mean_return=4008.440  mean_loss=27.78982  mean_foundation= 30.5/52  lifetime_outcomes={'won': 145, 'stalled': 5, 'truncated': 277, 'other': 0}  rss= 3140.2MB  (4080s)
step   356000/1200000  eps=0.150  episodes=  428  mean_return=890.000  mean_loss=27.18331  mean_foundation=  7.0/52  lifetime_outcomes={'won': 145, 'stalled': 5, 'truncated': 278, 'other': 0}  rss= 3140.2MB  (4083s)
step   357000/1200000  eps=0.150  episodes=  429  mean_return=7044.620  mean_loss=26.31873  mean_foundation= 52.0/52  lifetime_outcomes={'won': 146, 'stalled': 5, 'truncated': 278, 'other': 0}  rss= 3140.2MB  (4087s)
step   358000/1200000  eps=0.150  episodes=  430  mean_return=890.000  mean_loss=25.85634  mean_foundation= 12.0/52  lifetime_outcomes={'won': 146, 'stalled': 5, 'truncated': 279, 'other': 0}  rss= 3140.2MB  (4090s)
step   359000/1200000  eps=0.150  episodes=  431  mean_return=520.000  mean_loss=26.50717  mean_foundation=  8.0/52  lifetime_outcomes={'won': 146, 'stalled': 5, 'truncated': 280, 'other': 0}  rss= 3140.2MB  (4094s)
step   360000/1200000  eps=0.150  episodes=  434  mean_return=2825.457  mean_loss=26.17985  mean_foundation= 22.7/52  lifetime_outcomes={'won': 147, 'stalled': 6, 'truncated': 281, 'other': 0}  rss= 3140.2MB  (4097s)
  EVAL  step   360000  win_rate=30.00%  mean_return=2731.482  mean_foundation= 23.8/52  mean_length=831.8  (greedy, 100 fixed deals)
step   361000/1200000  eps=0.150  episodes=  435  mean_return=450.000  mean_loss=26.05261  mean_foundation=  5.0/52  lifetime_outcomes={'won': 147, 'stalled': 6, 'truncated': 282, 'other': 0}  rss= 3140.2MB  (4179s)
step   362000/1200000  eps=0.150  episodes=  436  mean_return=720.000  mean_loss=26.34853  mean_foundation=  2.0/52  lifetime_outcomes={'won': 147, 'stalled': 6, 'truncated': 283, 'other': 0}  rss= 3140.2MB  (4183s)
step   363000/1200000  eps=0.150  episodes=  437  mean_return=7045.990  mean_loss=25.82308  mean_foundation= 52.0/52  lifetime_outcomes={'won': 148, 'stalled': 6, 'truncated': 283, 'other': 0}  rss= 3140.2MB  (4187s)
step   364000/1200000  eps=0.150  episodes=  438  mean_return=1170.000  mean_loss=25.17518  mean_foundation= 10.0/52  lifetime_outcomes={'won': 148, 'stalled': 6, 'truncated': 284, 'other': 0}  rss= 3140.2MB  (4190s)
step   365000/1200000  eps=0.150  episodes=  439  mean_return=1580.000  mean_loss=26.40162  mean_foundation= 21.0/52  lifetime_outcomes={'won': 148, 'stalled': 6, 'truncated': 285, 'other': 0}  rss= 3140.2MB  (4194s)
step   366000/1200000  eps=0.150  episodes=  440  mean_return=260.000  mean_loss=25.18986  mean_foundation=  7.0/52  lifetime_outcomes={'won': 148, 'stalled': 6, 'truncated': 286, 'other': 0}  rss= 3140.2MB  (4198s)
step   367000/1200000  eps=0.150  episodes=  441  mean_return=340.000  mean_loss=25.35677  mean_foundation=  6.0/52  lifetime_outcomes={'won': 148, 'stalled': 6, 'truncated': 287, 'other': 0}  rss= 3140.2MB  (4201s)
step   368000/1200000  eps=0.150  episodes=  442  mean_return=1480.000  mean_loss=25.06801  mean_foundation= 10.0/52  lifetime_outcomes={'won': 148, 'stalled': 6, 'truncated': 288, 'other': 0}  rss= 3140.2MB  (4205s)
step   369000/1200000  eps=0.150  episodes=  444  mean_return=3573.155  mean_loss=26.21027  mean_foundation= 29.0/52  lifetime_outcomes={'won': 149, 'stalled': 6, 'truncated': 289, 'other': 0}  rss= 3140.2MB  (4208s)
step   370000/1200000  eps=0.150  episodes=  445  mean_return=380.000  mean_loss=24.80098  mean_foundation=  5.0/52  lifetime_outcomes={'won': 149, 'stalled': 6, 'truncated': 290, 'other': 0}  rss= 3140.2MB  (4212s)
  EVAL  step   370000  win_rate=18.00%  mean_return=2126.100  mean_foundation= 19.8/52  mean_length=940.0  (greedy, 100 fixed deals)
step   371000/1200000  eps=0.150  episodes=  446  mean_return=840.000  mean_loss=24.18574  mean_foundation=  4.0/52  lifetime_outcomes={'won': 149, 'stalled': 6, 'truncated': 291, 'other': 0}  rss= 3140.2MB  (4306s)
step   372000/1200000  eps=0.150  episodes=  447  mean_return=530.000  mean_loss=24.91006  mean_foundation=  4.0/52  lifetime_outcomes={'won': 149, 'stalled': 6, 'truncated': 292, 'other': 0}  rss= 3140.2MB  (4310s)
step   373000/1200000  eps=0.150  episodes=  448  mean_return=620.000  mean_loss=25.26794  mean_foundation= 10.0/52  lifetime_outcomes={'won': 149, 'stalled': 6, 'truncated': 293, 'other': 0}  rss= 3140.2MB  (4313s)
step   374000/1200000  eps=0.150  episodes=  449  mean_return=650.000  mean_loss=24.78978  mean_foundation=  7.0/52  lifetime_outcomes={'won': 149, 'stalled': 6, 'truncated': 294, 'other': 0}  rss= 3140.2MB  (4316s)
step   375000/1200000  eps=0.150  episodes=  450  mean_return=1180.000  mean_loss=25.14101  mean_foundation= 23.0/52  lifetime_outcomes={'won': 149, 'stalled': 6, 'truncated': 295, 'other': 0}  rss= 3140.2MB  (4320s)
step   376000/1200000  eps=0.150  episodes=  452  mean_return=3627.805  mean_loss=23.32561  mean_foundation= 26.5/52  lifetime_outcomes={'won': 150, 'stalled': 6, 'truncated': 296, 'other': 0}  rss= 3140.2MB  (4323s)
step   377000/1200000  eps=0.150  episodes=  453  mean_return=7042.550  mean_loss=25.25245  mean_foundation= 52.0/52  lifetime_outcomes={'won': 151, 'stalled': 6, 'truncated': 296, 'other': 0}  rss= 3140.2MB  (4327s)
step   378000/1200000  eps=0.150  episodes=  456  mean_return=7032.497  mean_loss=25.87515  mean_foundation= 52.0/52  lifetime_outcomes={'won': 154, 'stalled': 6, 'truncated': 296, 'other': 0}  rss= 3140.2MB  (4330s)
step   379000/1200000  eps=0.150  episodes=  457  mean_return=1310.000  mean_loss=24.12746  mean_foundation= 11.0/52  lifetime_outcomes={'won': 154, 'stalled': 6, 'truncated': 297, 'other': 0}  rss= 3140.2MB  (4334s)
step   380000/1200000  eps=0.150  episodes=  458  mean_return=7047.030  mean_loss=24.64671  mean_foundation= 52.0/52  lifetime_outcomes={'won': 155, 'stalled': 6, 'truncated': 297, 'other': 0}  rss= 3140.2MB  (4338s)
  EVAL  step   380000  win_rate=34.00%  mean_return=3007.866  mean_foundation= 26.1/52  mean_length=803.4  (greedy, 100 fixed deals)
step   381000/1200000  eps=0.150  episodes=  459  mean_return=1300.000  mean_loss=24.97888  mean_foundation=  8.0/52  lifetime_outcomes={'won': 155, 'stalled': 6, 'truncated': 298, 'other': 0}  rss= 3140.2MB  (4416s)
step   382000/1200000  eps=0.150  episodes=  461  mean_return=4022.940  mean_loss=23.87542  mean_foundation= 30.0/52  lifetime_outcomes={'won': 156, 'stalled': 6, 'truncated': 299, 'other': 0}  rss= 3140.2MB  (4420s)
step   383000/1200000  eps=0.150  episodes=  462  mean_return=700.000  mean_loss=23.58297  mean_foundation= 12.0/52  lifetime_outcomes={'won': 156, 'stalled': 6, 'truncated': 300, 'other': 0}  rss= 3140.2MB  (4424s)
step   384000/1200000  eps=0.150  episodes=  463  mean_return=7040.050  mean_loss=26.25314  mean_foundation= 52.0/52  lifetime_outcomes={'won': 157, 'stalled': 6, 'truncated': 300, 'other': 0}  rss= 3140.2MB  (4427s)
step   385000/1200000  eps=0.150  episodes=  464  mean_return=220.000  mean_loss=23.20415  mean_foundation=  3.0/52  lifetime_outcomes={'won': 157, 'stalled': 6, 'truncated': 301, 'other': 0}  rss= 3140.2MB  (4431s)
step   386000/1200000  eps=0.150  episodes=  465  mean_return=1260.000  mean_loss=23.20027  mean_foundation= 26.0/52  lifetime_outcomes={'won': 157, 'stalled': 6, 'truncated': 302, 'other': 0}  rss= 3140.2MB  (4434s)
step   387000/1200000  eps=0.150  episodes=  466  mean_return=500.000  mean_loss=24.33271  mean_foundation=  5.0/52  lifetime_outcomes={'won': 157, 'stalled': 6, 'truncated': 303, 'other': 0}  rss= 3140.2MB  (4438s)
step   388000/1200000  eps=0.150  episodes=  468  mean_return=4358.520  mean_loss=23.17911  mean_foundation= 41.0/52  lifetime_outcomes={'won': 158, 'stalled': 6, 'truncated': 304, 'other': 0}  rss= 3140.2MB  (4441s)
step   389000/1200000  eps=0.150  episodes=  469  mean_return=1100.000  mean_loss=24.83832  mean_foundation=  7.0/52  lifetime_outcomes={'won': 158, 'stalled': 6, 'truncated': 305, 'other': 0}  rss= 3140.2MB  (4445s)
step   390000/1200000  eps=0.150  episodes=  470  mean_return=7046.740  mean_loss=23.61344  mean_foundation= 52.0/52  lifetime_outcomes={'won': 159, 'stalled': 6, 'truncated': 305, 'other': 0}  rss= 3140.2MB  (4448s)
  EVAL  step   390000  win_rate=28.00%  mean_return=2681.566  mean_foundation= 24.0/52  mean_length=873.4  (greedy, 100 fixed deals)
step   391000/1200000  eps=0.150  episodes=  472  mean_return=3803.185  mean_loss=23.03447  mean_foundation= 28.5/52  lifetime_outcomes={'won': 160, 'stalled': 6, 'truncated': 306, 'other': 0}  rss= 3140.2MB  (4538s)
step   392000/1200000  eps=0.150  episodes=  473  mean_return=7045.250  mean_loss=24.28702  mean_foundation= 52.0/52  lifetime_outcomes={'won': 161, 'stalled': 6, 'truncated': 306, 'other': 0}  rss= 3140.2MB  (4542s)
step   393000/1200000  eps=0.150  episodes=  474  mean_return=1050.000  mean_loss=23.07984  mean_foundation= 12.0/52  lifetime_outcomes={'won': 161, 'stalled': 6, 'truncated': 307, 'other': 0}  rss= 3140.2MB  (4546s)
step   394000/1200000  eps=0.150  episodes=  475  mean_return=1420.000  mean_loss=24.21488  mean_foundation= 24.0/52  lifetime_outcomes={'won': 161, 'stalled': 6, 'truncated': 308, 'other': 0}  rss= 3140.2MB  (4549s)
step   395000/1200000  eps=0.150  episodes=  477  mean_return=4328.340  mean_loss=24.65669  mean_foundation= 40.5/52  lifetime_outcomes={'won': 162, 'stalled': 6, 'truncated': 309, 'other': 0}  rss= 3140.2MB  (4553s)
step   396000/1200000  eps=0.150  episodes=  478  mean_return=680.000  mean_loss=23.88138  mean_foundation=  6.0/52  lifetime_outcomes={'won': 162, 'stalled': 6, 'truncated': 310, 'other': 0}  rss= 3140.2MB  (4557s)
step   397000/1200000  eps=0.150  episodes=  479  mean_return=970.000  mean_loss=23.70966  mean_foundation= 10.0/52  lifetime_outcomes={'won': 162, 'stalled': 6, 'truncated': 311, 'other': 0}  rss= 3140.2MB  (4560s)
step   398000/1200000  eps=0.150  episodes=  481  mean_return=7044.095  mean_loss=24.04889  mean_foundation= 52.0/52  lifetime_outcomes={'won': 164, 'stalled': 6, 'truncated': 311, 'other': 0}  rss= 3140.2MB  (4564s)
step   399000/1200000  eps=0.150  episodes=  482  mean_return=980.000  mean_loss=23.47923  mean_foundation=  9.0/52  lifetime_outcomes={'won': 164, 'stalled': 6, 'truncated': 312, 'other': 0}  rss= 3140.2MB  (4567s)
step   400000/1200000  eps=0.150  episodes=  483  mean_return=460.000  mean_loss=22.73184  mean_foundation=  2.0/52  lifetime_outcomes={'won': 164, 'stalled': 6, 'truncated': 313, 'other': 0}  rss= 3140.2MB  (4571s)
  EVAL  step   400000  win_rate=27.00%  mean_return=2592.599  mean_foundation= 23.1/52  mean_length=900.1  (greedy, 100 fixed deals)
step   401000/1200000  eps=0.150  episodes=  484  mean_return=940.000  mean_loss=24.03799  mean_foundation= 10.0/52  lifetime_outcomes={'won': 164, 'stalled': 6, 'truncated': 314, 'other': 0}  rss= 3140.2MB  (4658s)
step   402000/1200000  eps=0.150  episodes=  485  mean_return=1340.000  mean_loss=23.40331  mean_foundation= 13.0/52  lifetime_outcomes={'won': 164, 'stalled': 6, 'truncated': 315, 'other': 0}  rss= 3140.2MB  (4662s)
step   403000/1200000  eps=0.150  episodes=  486  mean_return=1830.000  mean_loss=23.01638  mean_foundation= 40.0/52  lifetime_outcomes={'won': 164, 'stalled': 6, 'truncated': 316, 'other': 0}  rss= 3140.2MB  (4665s)
step   404000/1200000  eps=0.150  episodes=  487  mean_return=7044.940  mean_loss=24.12523  mean_foundation= 52.0/52  lifetime_outcomes={'won': 165, 'stalled': 6, 'truncated': 316, 'other': 0}  rss= 3140.2MB  (4669s)
step   405000/1200000  eps=0.150  episodes=  488  mean_return=1430.000  mean_loss=22.99496  mean_foundation= 19.0/52  lifetime_outcomes={'won': 165, 'stalled': 6, 'truncated': 317, 'other': 0}  rss= 3140.2MB  (4673s)
step   406000/1200000  eps=0.150  episodes=  491  mean_return=4850.363  mean_loss=23.33676  mean_foundation= 36.3/52  lifetime_outcomes={'won': 167, 'stalled': 6, 'truncated': 318, 'other': 0}  rss= 3140.2MB  (4676s)
step   407000/1200000  eps=0.150  episodes=  492  mean_return=390.000  mean_loss=24.18851  mean_foundation=  9.0/52  lifetime_outcomes={'won': 167, 'stalled': 6, 'truncated': 319, 'other': 0}  rss= 3140.2MB  (4680s)
step   408000/1200000  eps=0.150  episodes=  493  mean_return=7040.920  mean_loss=22.18548  mean_foundation= 52.0/52  lifetime_outcomes={'won': 168, 'stalled': 6, 'truncated': 319, 'other': 0}  rss= 3140.2MB  (4683s)
step   409000/1200000  eps=0.150  episodes=  494  mean_return=530.000  mean_loss=22.49253  mean_foundation=  3.0/52  lifetime_outcomes={'won': 168, 'stalled': 6, 'truncated': 320, 'other': 0}  rss= 3140.2MB  (4687s)
step   410000/1200000  eps=0.150  episodes=  495  mean_return=1390.000  mean_loss=22.70806  mean_foundation= 22.0/52  lifetime_outcomes={'won': 168, 'stalled': 6, 'truncated': 321, 'other': 0}  rss= 3140.2MB  (4691s)
  EVAL  step   410000  win_rate=24.00%  mean_return=2465.459  mean_foundation= 23.1/52  mean_length=924.1  (greedy, 100 fixed deals)
step   411000/1200000  eps=0.150  episodes=  496  mean_return=920.000  mean_loss=21.59446  mean_foundation=  2.0/52  lifetime_outcomes={'won': 168, 'stalled': 6, 'truncated': 322, 'other': 0}  rss= 3140.2MB  (4785s)
step   412000/1200000  eps=0.150  episodes=  498  mean_return=7045.785  mean_loss=23.30142  mean_foundation= 52.0/52  lifetime_outcomes={'won': 170, 'stalled': 6, 'truncated': 322, 'other': 0}  rss= 3140.2MB  (4788s)
step   413000/1200000  eps=0.150  episodes=  499  mean_return=7005.730  mean_loss=22.25605  mean_foundation= 52.0/52  lifetime_outcomes={'won': 171, 'stalled': 6, 'truncated': 322, 'other': 0}  rss= 3140.2MB  (4792s)
step   414000/1200000  eps=0.150  episodes=  501  mean_return=3997.220  mean_loss=22.42371  mean_foundation= 30.5/52  lifetime_outcomes={'won': 172, 'stalled': 6, 'truncated': 323, 'other': 0}  rss= 3140.2MB  (4795s)
step   415000/1200000  eps=0.150  episodes=  502  mean_return=1550.000  mean_loss=23.65547  mean_foundation= 18.0/52  lifetime_outcomes={'won': 172, 'stalled': 6, 'truncated': 324, 'other': 0}  rss= 3140.2MB  (4799s)
step   416000/1200000  eps=0.150  episodes=  503  mean_return=7001.030  mean_loss=23.33619  mean_foundation= 52.0/52  lifetime_outcomes={'won': 173, 'stalled': 6, 'truncated': 324, 'other': 0}  rss= 3140.2MB  (4802s)
step   417000/1200000  eps=0.150  episodes=  504  mean_return=7045.080  mean_loss=23.11210  mean_foundation= 52.0/52  lifetime_outcomes={'won': 174, 'stalled': 6, 'truncated': 324, 'other': 0}  rss= 3140.2MB  (4805s)
step   418000/1200000  eps=0.150  episodes=  506  mean_return=4176.990  mean_loss=21.73603  mean_foundation= 30.0/52  lifetime_outcomes={'won': 175, 'stalled': 6, 'truncated': 325, 'other': 0}  rss= 3140.2MB  (4809s)
step   419000/1200000  eps=0.150  episodes=  507  mean_return=840.000  mean_loss=21.76770  mean_foundation=  6.0/52  lifetime_outcomes={'won': 175, 'stalled': 6, 'truncated': 326, 'other': 0}  rss= 3140.2MB  (4812s)
step   420000/1200000  eps=0.150  episodes=  508  mean_return=7044.270  mean_loss=22.79104  mean_foundation= 52.0/52  lifetime_outcomes={'won': 176, 'stalled': 6, 'truncated': 326, 'other': 0}  rss= 3140.2MB  (4816s)
  EVAL  step   420000  win_rate=26.00%  mean_return=2529.499  mean_foundation= 21.9/52  mean_length=860.1  (greedy, 100 fixed deals)
step   421000/1200000  eps=0.150  episodes=  510  mean_return=4237.680  mean_loss=21.87147  mean_foundation= 35.5/52  lifetime_outcomes={'won': 177, 'stalled': 6, 'truncated': 327, 'other': 0}  rss= 3140.2MB  (4900s)
step   422000/1200000  eps=0.150  episodes=  511  mean_return=7044.610  mean_loss=21.73575  mean_foundation= 52.0/52  lifetime_outcomes={'won': 178, 'stalled': 6, 'truncated': 327, 'other': 0}  rss= 3140.2MB  (4904s)
step   423000/1200000  eps=0.150  episodes=  513  mean_return=3697.060  mean_loss=22.94559  mean_foundation= 26.5/52  lifetime_outcomes={'won': 179, 'stalled': 6, 'truncated': 328, 'other': 0}  rss= 3140.2MB  (4907s)
step   424000/1200000  eps=0.150  episodes=  515  mean_return=7045.375  mean_loss=23.27679  mean_foundation= 52.0/52  lifetime_outcomes={'won': 181, 'stalled': 6, 'truncated': 328, 'other': 0}  rss= 3140.2MB  (4911s)
step   425000/1200000  eps=0.150  episodes=  516  mean_return=180.000  mean_loss=23.11670  mean_foundation=  4.0/52  lifetime_outcomes={'won': 181, 'stalled': 6, 'truncated': 329, 'other': 0}  rss= 3140.2MB  (4914s)
step   426000/1200000  eps=0.150  episodes=  517  mean_return=710.000  mean_loss=21.59182  mean_foundation=  7.0/52  lifetime_outcomes={'won': 181, 'stalled': 6, 'truncated': 330, 'other': 0}  rss= 3140.2MB  (4918s)
step   427000/1200000  eps=0.150  episodes=  518  mean_return=7042.090  mean_loss=21.84402  mean_foundation= 52.0/52  lifetime_outcomes={'won': 182, 'stalled': 6, 'truncated': 330, 'other': 0}  rss= 3140.2MB  (4921s)
step   428000/1200000  eps=0.150  episodes=  519  mean_return=1580.000  mean_loss=22.56689  mean_foundation= 23.0/52  lifetime_outcomes={'won': 182, 'stalled': 6, 'truncated': 331, 'other': 0}  rss= 3140.2MB  (4925s)
step   429000/1200000  eps=0.150  episodes=  521  mean_return=3788.520  mean_loss=21.79790  mean_foundation= 27.0/52  lifetime_outcomes={'won': 183, 'stalled': 6, 'truncated': 332, 'other': 0}  rss= 3140.2MB  (4929s)
step   430000/1200000  eps=0.150  episodes=  522  mean_return=7042.510  mean_loss=22.38875  mean_foundation= 52.0/52  lifetime_outcomes={'won': 184, 'stalled': 6, 'truncated': 332, 'other': 0}  rss= 3140.2MB  (4932s)
  EVAL  step   430000  win_rate=27.00%  mean_return=2599.009  mean_foundation= 23.1/52  mean_length=879.1  (greedy, 100 fixed deals)
step   431000/1200000  eps=0.150  episodes=  523  mean_return=870.000  mean_loss=22.34037  mean_foundation=  8.0/52  lifetime_outcomes={'won': 184, 'stalled': 6, 'truncated': 333, 'other': 0}  rss= 3140.2MB  (5022s)
step   432000/1200000  eps=0.150  episodes=  524  mean_return=890.000  mean_loss=21.63502  mean_foundation= 15.0/52  lifetime_outcomes={'won': 184, 'stalled': 6, 'truncated': 334, 'other': 0}  rss= 3140.2MB  (5026s)
step   433000/1200000  eps=0.150  episodes=  525  mean_return=1700.000  mean_loss=22.08232  mean_foundation= 35.0/52  lifetime_outcomes={'won': 184, 'stalled': 6, 'truncated': 335, 'other': 0}  rss= 3140.2MB  (5029s)
step   434000/1200000  eps=0.150  episodes=  527  mean_return=7044.795  mean_loss=22.35397  mean_foundation= 52.0/52  lifetime_outcomes={'won': 186, 'stalled': 6, 'truncated': 335, 'other': 0}  rss= 3140.2MB  (5033s)
step   435000/1200000  eps=0.150  episodes=  528  mean_return=7043.390  mean_loss=21.05565  mean_foundation= 52.0/52  lifetime_outcomes={'won': 187, 'stalled': 6, 'truncated': 335, 'other': 0}  rss= 3140.2MB  (5036s)
step   436000/1200000  eps=0.150  episodes=  529  mean_return=1560.000  mean_loss=22.52707  mean_foundation= 24.0/52  lifetime_outcomes={'won': 187, 'stalled': 6, 'truncated': 336, 'other': 0}  rss= 3140.2MB  (5040s)
step   437000/1200000  eps=0.150  episodes=  531  mean_return=4152.790  mean_loss=22.44713  mean_foundation= 33.0/52  lifetime_outcomes={'won': 188, 'stalled': 6, 'truncated': 337, 'other': 0}  rss= 3140.2MB  (5043s)
step   438000/1200000  eps=0.150  episodes=  532  mean_return=890.000  mean_loss=22.44670  mean_foundation=  5.0/52  lifetime_outcomes={'won': 188, 'stalled': 6, 'truncated': 338, 'other': 0}  rss= 3140.2MB  (5047s)
step   439000/1200000  eps=0.150  episodes=  533  mean_return=900.000  mean_loss=22.08360  mean_foundation=  2.0/52  lifetime_outcomes={'won': 188, 'stalled': 6, 'truncated': 339, 'other': 0}  rss= 3140.2MB  (5050s)
step   440000/1200000  eps=0.150  episodes=  534  mean_return=7041.180  mean_loss=22.13674  mean_foundation= 52.0/52  lifetime_outcomes={'won': 189, 'stalled': 6, 'truncated': 339, 'other': 0}  rss= 3140.2MB  (5053s)
  EVAL  step   440000  win_rate=31.00%  mean_return=2835.636  mean_foundation= 24.7/52  mean_length=886.4  (greedy, 100 fixed deals)
step   441000/1200000  eps=0.150  episodes=  535  mean_return=7002.000  mean_loss=23.05950  mean_foundation= 52.0/52  lifetime_outcomes={'won': 190, 'stalled': 6, 'truncated': 339, 'other': 0}  rss= 3140.2MB  (5141s)
step   442000/1200000  eps=0.150  episodes=  536  mean_return=900.000  mean_loss=21.80232  mean_foundation=  8.0/52  lifetime_outcomes={'won': 190, 'stalled': 6, 'truncated': 340, 'other': 0}  rss= 3140.2MB  (5144s)
step   443000/1200000  eps=0.150  episodes=  537  mean_return=1180.000  mean_loss=21.85478  mean_foundation= 15.0/52  lifetime_outcomes={'won': 190, 'stalled': 6, 'truncated': 341, 'other': 0}  rss= 3140.2MB  (5148s)
step   444000/1200000  eps=0.150  episodes=  538  mean_return=950.000  mean_loss=21.73391  mean_foundation= 16.0/52  lifetime_outcomes={'won': 190, 'stalled': 6, 'truncated': 342, 'other': 0}  rss= 3140.2MB  (5152s)
step   445000/1200000  eps=0.150  episodes=  539  mean_return=940.000  mean_loss=21.28989  mean_foundation=  8.0/52  lifetime_outcomes={'won': 190, 'stalled': 6, 'truncated': 343, 'other': 0}  rss= 3140.2MB  (5155s)
step   446000/1200000  eps=0.150  episodes=  540  mean_return=260.000  mean_loss=21.24092  mean_foundation=  8.0/52  lifetime_outcomes={'won': 190, 'stalled': 6, 'truncated': 344, 'other': 0}  rss= 3140.2MB  (5159s)
step   447000/1200000  eps=0.150  episodes=  542  mean_return=3802.605  mean_loss=19.90003  mean_foundation= 30.0/52  lifetime_outcomes={'won': 191, 'stalled': 6, 'truncated': 345, 'other': 0}  rss= 3140.2MB  (5162s)
step   448000/1200000  eps=0.150  episodes=  543  mean_return=1200.000  mean_loss=21.65967  mean_foundation= 18.0/52  lifetime_outcomes={'won': 191, 'stalled': 6, 'truncated': 346, 'other': 0}  rss= 3140.2MB  (5166s)
step   449000/1200000  eps=0.150  episodes=  544  mean_return=7046.330  mean_loss=21.22924  mean_foundation= 52.0/52  lifetime_outcomes={'won': 192, 'stalled': 6, 'truncated': 346, 'other': 0}  rss= 3140.2MB  (5170s)
step   450000/1200000  eps=0.150  episodes=  545  mean_return=560.000  mean_loss=20.99956  mean_foundation=  9.0/52  lifetime_outcomes={'won': 192, 'stalled': 6, 'truncated': 347, 'other': 0}  rss= 3140.2MB  (5173s)
  EVAL  step   450000  win_rate=23.00%  mean_return=2295.649  mean_foundation= 21.2/52  mean_length=855.1  (greedy, 100 fixed deals)
step   451000/1200000  eps=0.150  episodes=  547  mean_return=4147.705  mean_loss=21.26947  mean_foundation= 34.5/52  lifetime_outcomes={'won': 193, 'stalled': 6, 'truncated': 348, 'other': 0}  rss= 3140.2MB  (5261s)
step   452000/1200000  eps=0.150  episodes=  548  mean_return=7046.160  mean_loss=20.27774  mean_foundation= 52.0/52  lifetime_outcomes={'won': 194, 'stalled': 6, 'truncated': 348, 'other': 0}  rss= 3140.2MB  (5265s)
step   453000/1200000  eps=0.150  episodes=  549  mean_return=810.000  mean_loss=21.56500  mean_foundation=  8.0/52  lifetime_outcomes={'won': 194, 'stalled': 6, 'truncated': 349, 'other': 0}  rss= 3140.2MB  (5269s)
step   454000/1200000  eps=0.150  episodes=  551  mean_return=4131.630  mean_loss=21.93168  mean_foundation= 33.0/52  lifetime_outcomes={'won': 195, 'stalled': 6, 'truncated': 350, 'other': 0}  rss= 3140.2MB  (5272s)
step   455000/1200000  eps=0.150  episodes=  552  mean_return=1320.000  mean_loss=21.45613  mean_foundation= 20.0/52  lifetime_outcomes={'won': 195, 'stalled': 6, 'truncated': 351, 'other': 0}  rss= 3140.2MB  (5275s)
step   456000/1200000  eps=0.150  episodes=  553  mean_return=7046.580  mean_loss=22.15792  mean_foundation= 52.0/52  lifetime_outcomes={'won': 196, 'stalled': 6, 'truncated': 351, 'other': 0}  rss= 3140.2MB  (5279s)
step   457000/1200000  eps=0.150  episodes=  554  mean_return=1230.000  mean_loss=21.37106  mean_foundation= 11.0/52  lifetime_outcomes={'won': 196, 'stalled': 6, 'truncated': 352, 'other': 0}  rss= 3140.2MB  (5282s)
step   458000/1200000  eps=0.150  episodes=  555  mean_return=1480.000  mean_loss=20.94083  mean_foundation= 16.0/52  lifetime_outcomes={'won': 196, 'stalled': 6, 'truncated': 353, 'other': 0}  rss= 3140.2MB  (5286s)
step   459000/1200000  eps=0.150  episodes=  556  mean_return=410.000  mean_loss=20.54943  mean_foundation=  7.0/52  lifetime_outcomes={'won': 196, 'stalled': 6, 'truncated': 354, 'other': 0}  rss= 3140.2MB  (5289s)
step   460000/1200000  eps=0.150  episodes=  557  mean_return=720.000  mean_loss=20.95330  mean_foundation= 12.0/52  lifetime_outcomes={'won': 196, 'stalled': 6, 'truncated': 355, 'other': 0}  rss= 3140.2MB  (5292s)
  EVAL  step   460000  win_rate=25.00%  mean_return=2412.135  mean_foundation= 21.6/52  mean_length=866.5  (greedy, 100 fixed deals)
step   461000/1200000  eps=0.150  episodes=  558  mean_return= 90.000  mean_loss=22.13410  mean_foundation=  2.0/52  lifetime_outcomes={'won': 196, 'stalled': 6, 'truncated': 356, 'other': 0}  rss= 3140.2MB  (5377s)
step   462000/1200000  eps=0.150  episodes=  559  mean_return=1560.000  mean_loss=21.46170  mean_foundation= 24.0/52  lifetime_outcomes={'won': 196, 'stalled': 6, 'truncated': 357, 'other': 0}  rss= 3140.2MB  (5381s)
step   463000/1200000  eps=0.150  episodes=  560  mean_return=390.000  mean_loss=21.92854  mean_foundation=  7.0/52  lifetime_outcomes={'won': 196, 'stalled': 6, 'truncated': 358, 'other': 0}  rss= 3140.2MB  (5385s)
step   464000/1200000  eps=0.150  episodes=  561  mean_return=1250.000  mean_loss=22.01106  mean_foundation= 11.0/52  lifetime_outcomes={'won': 196, 'stalled': 6, 'truncated': 359, 'other': 0}  rss= 3140.2MB  (5388s)
step   465000/1200000  eps=0.150  episodes=  562  mean_return=1230.000  mean_loss=21.70307  mean_foundation= 15.0/52  lifetime_outcomes={'won': 196, 'stalled': 6, 'truncated': 360, 'other': 0}  rss= 3140.2MB  (5392s)
step   466000/1200000  eps=0.150  episodes=  563  mean_return=1430.000  mean_loss=20.23110  mean_foundation=  9.0/52  lifetime_outcomes={'won': 196, 'stalled': 6, 'truncated': 361, 'other': 0}  rss= 3140.2MB  (5395s)
step   467000/1200000  eps=0.150  episodes=  565  mean_return=3827.705  mean_loss=21.48633  mean_foundation= 28.5/52  lifetime_outcomes={'won': 197, 'stalled': 6, 'truncated': 362, 'other': 0}  rss= 3140.2MB  (5399s)
step   468000/1200000  eps=0.150  episodes=  566  mean_return=7044.770  mean_loss=19.68801  mean_foundation= 52.0/52  lifetime_outcomes={'won': 198, 'stalled': 6, 'truncated': 362, 'other': 0}  rss= 3140.2MB  (5402s)
step   469000/1200000  eps=0.150  episodes=  567  mean_return=650.000  mean_loss=20.60176  mean_foundation=  3.0/52  lifetime_outcomes={'won': 198, 'stalled': 6, 'truncated': 363, 'other': 0}  rss= 3140.2MB  (5406s)
step   470000/1200000  eps=0.150  episodes=  570  mean_return=2731.290  mean_loss=20.38512  mean_foundation= 22.0/52  lifetime_outcomes={'won': 199, 'stalled': 7, 'truncated': 364, 'other': 0}  rss= 3140.2MB  (5409s)
  EVAL  step   470000  win_rate=37.00%  mean_return=3218.043  mean_foundation= 27.3/52  mean_length=805.7  (greedy, 100 fixed deals)
step   471000/1200000  eps=0.150  episodes=  571  mean_return=1200.000  mean_loss=22.19444  mean_foundation= 12.0/52  lifetime_outcomes={'won': 199, 'stalled': 7, 'truncated': 365, 'other': 0}  rss= 3140.2MB  (5492s)
step   472000/1200000  eps=0.150  episodes=  572  mean_return=1360.000  mean_loss=19.59818  mean_foundation= 13.0/52  lifetime_outcomes={'won': 199, 'stalled': 7, 'truncated': 366, 'other': 0}  rss= 3140.2MB  (5495s)
step   473000/1200000  eps=0.150  episodes=  573  mean_return=7042.730  mean_loss=20.55951  mean_foundation= 52.0/52  lifetime_outcomes={'won': 200, 'stalled': 7, 'truncated': 366, 'other': 0}  rss= 3140.2MB  (5499s)
step   474000/1200000  eps=0.150  episodes=  574  mean_return=720.000  mean_loss=19.56688  mean_foundation=  5.0/52  lifetime_outcomes={'won': 200, 'stalled': 7, 'truncated': 367, 'other': 0}  rss= 3140.2MB  (5502s)
step   475000/1200000  eps=0.150  episodes=  576  mean_return=4032.810  mean_loss=19.76043  mean_foundation= 30.0/52  lifetime_outcomes={'won': 201, 'stalled': 7, 'truncated': 368, 'other': 0}  rss= 3140.2MB  (5506s)
step   476000/1200000  eps=0.150  episodes=  577  mean_return=320.000  mean_loss=20.67883  mean_foundation=  3.0/52  lifetime_outcomes={'won': 201, 'stalled': 7, 'truncated': 369, 'other': 0}  rss= 3140.2MB  (5509s)
step   477000/1200000  eps=0.150  episodes=  578  mean_return=7047.760  mean_loss=20.10205  mean_foundation= 52.0/52  lifetime_outcomes={'won': 202, 'stalled': 7, 'truncated': 369, 'other': 0}  rss= 3140.2MB  (5513s)
step   478000/1200000  eps=0.150  episodes=  579  mean_return=720.000  mean_loss=21.56760  mean_foundation=  8.0/52  lifetime_outcomes={'won': 202, 'stalled': 7, 'truncated': 370, 'other': 0}  rss= 3140.2MB  (5516s)
step   479000/1200000  eps=0.150  episodes=  581  mean_return=3933.245  mean_loss=19.90203  mean_foundation= 34.0/52  lifetime_outcomes={'won': 203, 'stalled': 7, 'truncated': 371, 'other': 0}  rss= 3140.2MB  (5520s)
step   480000/1200000  eps=0.150  episodes=  583  mean_return=4163.740  mean_loss=20.13164  mean_foundation= 32.5/52  lifetime_outcomes={'won': 204, 'stalled': 7, 'truncated': 372, 'other': 0}  rss= 3140.2MB  (5523s)
  EVAL  step   480000  win_rate=27.00%  mean_return=2587.971  mean_foundation= 22.3/52  mean_length=892.9  (greedy, 100 fixed deals)
step   481000/1200000  eps=0.150  episodes=  584  mean_return=570.000  mean_loss=19.54969  mean_foundation=  8.0/52  lifetime_outcomes={'won': 204, 'stalled': 7, 'truncated': 373, 'other': 0}  rss= 3140.2MB  (5610s)
step   482000/1200000  eps=0.150  episodes=  585  mean_return=1270.000  mean_loss=19.50252  mean_foundation= 14.0/52  lifetime_outcomes={'won': 204, 'stalled': 7, 'truncated': 374, 'other': 0}  rss= 3140.2MB  (5614s)
step   483000/1200000  eps=0.150  episodes=  586  mean_return=160.000  mean_loss=21.44602  mean_foundation=  2.0/52  lifetime_outcomes={'won': 204, 'stalled': 7, 'truncated': 375, 'other': 0}  rss= 3140.2MB  (5617s)
step   484000/1200000  eps=0.150  episodes=  587  mean_return=890.000  mean_loss=19.71757  mean_foundation=  8.0/52  lifetime_outcomes={'won': 204, 'stalled': 7, 'truncated': 376, 'other': 0}  rss= 3140.2MB  (5621s)
step   485000/1200000  eps=0.150  episodes=  588  mean_return=640.000  mean_loss=19.36533  mean_foundation=  2.0/52  lifetime_outcomes={'won': 204, 'stalled': 7, 'truncated': 377, 'other': 0}  rss= 3140.2MB  (5625s)
step   486000/1200000  eps=0.150  episodes=  590  mean_return=7044.345  mean_loss=20.40255  mean_foundation= 52.0/52  lifetime_outcomes={'won': 206, 'stalled': 7, 'truncated': 377, 'other': 0}  rss= 3140.2MB  (5628s)
step   487000/1200000  eps=0.150  episodes=  591  mean_return=1340.000  mean_loss=19.51085  mean_foundation= 17.0/52  lifetime_outcomes={'won': 206, 'stalled': 7, 'truncated': 378, 'other': 0}  rss= 3140.2MB  (5631s)
step   488000/1200000  eps=0.150  episodes=  592  mean_return=7046.680  mean_loss=19.93489  mean_foundation= 52.0/52  lifetime_outcomes={'won': 207, 'stalled': 7, 'truncated': 378, 'other': 0}  rss= 3140.2MB  (5635s)
step   489000/1200000  eps=0.150  episodes=  593  mean_return=1620.000  mean_loss=20.49065  mean_foundation= 28.0/52  lifetime_outcomes={'won': 207, 'stalled': 7, 'truncated': 379, 'other': 0}  rss= 3140.2MB  (5638s)
step   490000/1200000  eps=0.150  episodes=  594  mean_return=1310.000  mean_loss=20.83276  mean_foundation= 19.0/52  lifetime_outcomes={'won': 207, 'stalled': 7, 'truncated': 380, 'other': 0}  rss= 3140.2MB  (5642s)
  EVAL  step   490000  win_rate=35.00%  mean_return=3038.295  mean_foundation= 25.4/52  mean_length=800.5  (greedy, 100 fixed deals)
step   491000/1200000  eps=0.150  episodes=  595  mean_return=890.000  mean_loss=20.14895  mean_foundation=  6.0/52  lifetime_outcomes={'won': 207, 'stalled': 7, 'truncated': 381, 'other': 0}  rss= 3140.2MB  (5725s)
step   492000/1200000  eps=0.150  episodes=  597  mean_return=4237.035  mean_loss=20.83232  mean_foundation= 32.0/52  lifetime_outcomes={'won': 208, 'stalled': 7, 'truncated': 382, 'other': 0}  rss= 3140.2MB  (5729s)
step   493000/1200000  eps=0.150  episodes=  598  mean_return=1250.000  mean_loss=20.32500  mean_foundation=  8.0/52  lifetime_outcomes={'won': 208, 'stalled': 7, 'truncated': 383, 'other': 0}  rss= 3140.2MB  (5732s)
step   494000/1200000  eps=0.150  episodes=  599  mean_return=440.000  mean_loss=20.79617  mean_foundation=  6.0/52  lifetime_outcomes={'won': 208, 'stalled': 7, 'truncated': 384, 'other': 0}  rss= 3140.2MB  (5736s)
step   495000/1200000  eps=0.150  episodes=  600  mean_return=700.000  mean_loss=20.47147  mean_foundation=  8.0/52  lifetime_outcomes={'won': 208, 'stalled': 7, 'truncated': 385, 'other': 0}  rss= 3140.2MB  (5739s)
step   496000/1200000  eps=0.150  episodes=  601  mean_return=190.000  mean_loss=19.40971  mean_foundation=  1.0/52  lifetime_outcomes={'won': 208, 'stalled': 7, 'truncated': 386, 'other': 0}  rss= 3140.2MB  (5743s)
step   497000/1200000  eps=0.150  episodes=  602  mean_return=250.000  mean_loss=20.01036  mean_foundation=  5.0/52  lifetime_outcomes={'won': 208, 'stalled': 7, 'truncated': 387, 'other': 0}  rss= 3140.2MB  (5746s)
step   498000/1200000  eps=0.150  episodes=  603  mean_return=810.000  mean_loss=18.45057  mean_foundation=  8.0/52  lifetime_outcomes={'won': 208, 'stalled': 7, 'truncated': 388, 'other': 0}  rss= 3140.2MB  (5750s)
step   499000/1200000  eps=0.150  episodes=  604  mean_return=790.000  mean_loss=18.01361  mean_foundation= 11.0/52  lifetime_outcomes={'won': 208, 'stalled': 7, 'truncated': 389, 'other': 0}  rss= 3140.2MB  (5753s)
step   500000/1200000  eps=0.150  episodes=  605  mean_return=1100.000  mean_loss=18.97530  mean_foundation= 13.0/52  lifetime_outcomes={'won': 208, 'stalled': 7, 'truncated': 390, 'other': 0}  rss= 3140.2MB  (5757s)
  EVAL  step   500000  win_rate=32.00%  mean_return=2852.244  mean_foundation= 24.5/52  mean_length=815.6  (greedy, 100 fixed deals)
step   501000/1200000  eps=0.150  episodes=  606  mean_return=1490.000  mean_loss=18.33408  mean_foundation= 27.0/52  lifetime_outcomes={'won': 208, 'stalled': 7, 'truncated': 391, 'other': 0}  rss= 3140.6MB  (5836s)
step   502000/1200000  eps=0.150  episodes=  607  mean_return=1580.000  mean_loss=19.58342  mean_foundation= 21.0/52  lifetime_outcomes={'won': 208, 'stalled': 7, 'truncated': 392, 'other': 0}  rss= 3140.6MB  (5840s)
step   503000/1200000  eps=0.150  episodes=  608  mean_return=1190.000  mean_loss=18.69318  mean_foundation= 12.0/52  lifetime_outcomes={'won': 208, 'stalled': 7, 'truncated': 393, 'other': 0}  rss= 3140.6MB  (5843s)
step   504000/1200000  eps=0.150  episodes=  609  mean_return=1590.000  mean_loss=19.13760  mean_foundation= 31.0/52  lifetime_outcomes={'won': 208, 'stalled': 7, 'truncated': 394, 'other': 0}  rss= 3140.6MB  (5847s)
step   505000/1200000  eps=0.150  episodes=  610  mean_return=7047.060  mean_loss=18.21494  mean_foundation= 52.0/52  lifetime_outcomes={'won': 209, 'stalled': 7, 'truncated': 394, 'other': 0}  rss= 3140.6MB  (5851s)
step   506000/1200000  eps=0.150  episodes=  612  mean_return=4057.030  mean_loss=17.50676  mean_foundation= 32.0/52  lifetime_outcomes={'won': 210, 'stalled': 7, 'truncated': 395, 'other': 0}  rss= 3140.6MB  (5854s)
step   507000/1200000  eps=0.150  episodes=  613  mean_return=1330.000  mean_loss=18.46622  mean_foundation= 15.0/52  lifetime_outcomes={'won': 210, 'stalled': 7, 'truncated': 396, 'other': 0}  rss= 3140.6MB  (5858s)
step   508000/1200000  eps=0.150  episodes=  615  mean_return=7045.830  mean_loss=18.86603  mean_foundation= 52.0/52  lifetime_outcomes={'won': 212, 'stalled': 7, 'truncated': 396, 'other': 0}  rss= 3140.6MB  (5862s)
step   509000/1200000  eps=0.150  episodes=  617  mean_return=4138.070  mean_loss=20.18570  mean_foundation= 32.5/52  lifetime_outcomes={'won': 213, 'stalled': 7, 'truncated': 397, 'other': 0}  rss= 3140.6MB  (5865s)
step   510000/1200000  eps=0.150  episodes=  618  mean_return=7004.540  mean_loss=19.50582  mean_foundation= 52.0/52  lifetime_outcomes={'won': 214, 'stalled': 7, 'truncated': 397, 'other': 0}  rss= 3140.6MB  (5869s)
  EVAL  step   510000  win_rate=34.00%  mean_return=3019.714  mean_foundation= 25.8/52  mean_length=838.6  (greedy, 100 fixed deals)
step   511000/1200000  eps=0.150  episodes=  619  mean_return=1220.000  mean_loss=19.75552  mean_foundation= 14.0/52  lifetime_outcomes={'won': 214, 'stalled': 7, 'truncated': 398, 'other': 0}  rss= 3140.6MB  (5955s)
step   512000/1200000  eps=0.150  episodes=  621  mean_return=7044.695  mean_loss=18.95894  mean_foundation= 52.0/52  lifetime_outcomes={'won': 216, 'stalled': 7, 'truncated': 398, 'other': 0}  rss= 3140.6MB  (5959s)
step   513000/1200000  eps=0.150  episodes=  622  mean_return=1690.000  mean_loss=18.73868  mean_foundation= 32.0/52  lifetime_outcomes={'won': 216, 'stalled': 7, 'truncated': 399, 'other': 0}  rss= 3140.6MB  (5962s)
step   514000/1200000  eps=0.150  episodes=  624  mean_return=3713.165  mean_loss=18.18010  mean_foundation= 27.5/52  lifetime_outcomes={'won': 217, 'stalled': 7, 'truncated': 400, 'other': 0}  rss= 3140.6MB  (5966s)
step   515000/1200000  eps=0.150  episodes=  625  mean_return=7046.760  mean_loss=19.37599  mean_foundation= 52.0/52  lifetime_outcomes={'won': 218, 'stalled': 7, 'truncated': 400, 'other': 0}  rss= 3140.6MB  (5969s)
step   516000/1200000  eps=0.150  episodes=  626  mean_return=7040.220  mean_loss=19.11347  mean_foundation= 52.0/52  lifetime_outcomes={'won': 219, 'stalled': 7, 'truncated': 400, 'other': 0}  rss= 3140.6MB  (5973s)
step   517000/1200000  eps=0.150  episodes=  627  mean_return=1250.000  mean_loss=19.27030  mean_foundation= 27.0/52  lifetime_outcomes={'won': 219, 'stalled': 7, 'truncated': 401, 'other': 0}  rss= 3140.6MB  (5977s)
step   518000/1200000  eps=0.150  episodes=  629  mean_return=4187.185  mean_loss=19.17590  mean_foundation= 32.5/52  lifetime_outcomes={'won': 220, 'stalled': 7, 'truncated': 402, 'other': 0}  rss= 3140.6MB  (5980s)
step   519000/1200000  eps=0.150  episodes=  630  mean_return=430.000  mean_loss=18.67291  mean_foundation=  7.0/52  lifetime_outcomes={'won': 220, 'stalled': 7, 'truncated': 403, 'other': 0}  rss= 3140.6MB  (5984s)
step   520000/1200000  eps=0.150  episodes=  632  mean_return=7046.565  mean_loss=18.91528  mean_foundation= 52.0/52  lifetime_outcomes={'won': 222, 'stalled': 7, 'truncated': 403, 'other': 0}  rss= 3140.6MB  (5987s)
  EVAL  step   520000  win_rate=33.00%  mean_return=2979.240  mean_foundation= 25.8/52  mean_length=826.0  (greedy, 100 fixed deals)
step   521000/1200000  eps=0.150  episodes=  633  mean_return=680.000  mean_loss=18.86071  mean_foundation=  4.0/52  lifetime_outcomes={'won': 222, 'stalled': 7, 'truncated': 404, 'other': 0}  rss= 3140.6MB  (6066s)
step   522000/1200000  eps=0.150  episodes=  634  mean_return=490.000  mean_loss=20.42573  mean_foundation=  6.0/52  lifetime_outcomes={'won': 222, 'stalled': 7, 'truncated': 405, 'other': 0}  rss= 3140.6MB  (6070s)
step   523000/1200000  eps=0.150  episodes=  635  mean_return=1510.000  mean_loss=18.57485  mean_foundation= 18.0/52  lifetime_outcomes={'won': 222, 'stalled': 7, 'truncated': 406, 'other': 0}  rss= 3140.6MB  (6073s)
step   524000/1200000  eps=0.150  episodes=  636  mean_return=990.000  mean_loss=18.01133  mean_foundation= 13.0/52  lifetime_outcomes={'won': 222, 'stalled': 7, 'truncated': 407, 'other': 0}  rss= 3140.6MB  (6076s)
step   525000/1200000  eps=0.150  episodes=  637  mean_return=1260.000  mean_loss=19.38803  mean_foundation= 11.0/52  lifetime_outcomes={'won': 222, 'stalled': 7, 'truncated': 408, 'other': 0}  rss= 3140.6MB  (6080s)
step   526000/1200000  eps=0.150  episodes=  638  mean_return=300.000  mean_loss=18.45155  mean_foundation=  2.0/52  lifetime_outcomes={'won': 222, 'stalled': 7, 'truncated': 409, 'other': 0}  rss= 3140.6MB  (6083s)
step   527000/1200000  eps=0.150  episodes=  639  mean_return=1270.000  mean_loss=18.71557  mean_foundation= 15.0/52  lifetime_outcomes={'won': 222, 'stalled': 7, 'truncated': 410, 'other': 0}  rss= 3140.6MB  (6087s)
step   528000/1200000  eps=0.150  episodes=  641  mean_return=3728.520  mean_loss=17.82972  mean_foundation= 29.5/52  lifetime_outcomes={'won': 223, 'stalled': 7, 'truncated': 411, 'other': 0}  rss= 3140.6MB  (6091s)
step   529000/1200000  eps=0.150  episodes=  642  mean_return=350.000  mean_loss=18.23978  mean_foundation=  1.0/52  lifetime_outcomes={'won': 223, 'stalled': 7, 'truncated': 412, 'other': 0}  rss= 3140.6MB  (6094s)
step   530000/1200000  eps=0.150  episodes=  643  mean_return=7046.460  mean_loss=18.63383  mean_foundation= 52.0/52  lifetime_outcomes={'won': 224, 'stalled': 7, 'truncated': 412, 'other': 0}  rss= 3140.6MB  (6098s)
  EVAL  step   530000  win_rate=35.00%  mean_return=3084.077  mean_foundation= 26.6/52  mean_length=832.4  (greedy, 100 fixed deals)
step   531000/1200000  eps=0.150  episodes=  644  mean_return=1440.000  mean_loss=18.41976  mean_foundation= 23.0/52  lifetime_outcomes={'won': 224, 'stalled': 7, 'truncated': 413, 'other': 0}  rss= 3141.4MB  (6182s)
step   532000/1200000  eps=0.150  episodes=  645  mean_return=1460.000  mean_loss=17.90434  mean_foundation= 24.0/52  lifetime_outcomes={'won': 224, 'stalled': 7, 'truncated': 414, 'other': 0}  rss= 3141.4MB  (6186s)
step   533000/1200000  eps=0.150  episodes=  646  mean_return=1830.000  mean_loss=16.76821  mean_foundation= 41.0/52  lifetime_outcomes={'won': 224, 'stalled': 7, 'truncated': 415, 'other': 0}  rss= 3141.4MB  (6189s)
step   534000/1200000  eps=0.150  episodes=  647  mean_return=900.000  mean_loss=18.71147  mean_foundation=  9.0/52  lifetime_outcomes={'won': 224, 'stalled': 7, 'truncated': 416, 'other': 0}  rss= 3141.4MB  (6193s)
step   535000/1200000  eps=0.150  episodes=  648  mean_return=1300.000  mean_loss=17.59091  mean_foundation= 16.0/52  lifetime_outcomes={'won': 224, 'stalled': 7, 'truncated': 417, 'other': 0}  rss= 3141.4MB  (6196s)
step   536000/1200000  eps=0.150  episodes=  649  mean_return=1070.000  mean_loss=18.35418  mean_foundation=  5.0/52  lifetime_outcomes={'won': 224, 'stalled': 7, 'truncated': 418, 'other': 0}  rss= 3141.4MB  (6200s)
step   537000/1200000  eps=0.150  episodes=  650  mean_return=1160.000  mean_loss=18.87692  mean_foundation= 19.0/52  lifetime_outcomes={'won': 224, 'stalled': 7, 'truncated': 419, 'other': 0}  rss= 3141.4MB  (6204s)
step   538000/1200000  eps=0.150  episodes=  651  mean_return=860.000  mean_loss=16.85639  mean_foundation=  5.0/52  lifetime_outcomes={'won': 224, 'stalled': 7, 'truncated': 420, 'other': 0}  rss= 3141.4MB  (6207s)
step   539000/1200000  eps=0.150  episodes=  652  mean_return=1110.000  mean_loss=18.19569  mean_foundation= 12.0/52  lifetime_outcomes={'won': 224, 'stalled': 7, 'truncated': 421, 'other': 0}  rss= 3141.4MB  (6211s)
step   540000/1200000  eps=0.150  episodes=  653  mean_return=950.000  mean_loss=18.57811  mean_foundation= 12.0/52  lifetime_outcomes={'won': 224, 'stalled': 7, 'truncated': 422, 'other': 0}  rss= 3141.4MB  (6215s)
  EVAL  step   540000  win_rate=33.00%  mean_return=2929.229  mean_foundation= 25.2/52  mean_length=817.1  (greedy, 100 fixed deals)
step   541000/1200000  eps=0.150  episodes=  654  mean_return=870.000  mean_loss=17.79462  mean_foundation= 11.0/52  lifetime_outcomes={'won': 224, 'stalled': 7, 'truncated': 423, 'other': 0}  rss= 3141.4MB  (6295s)
step   542000/1200000  eps=0.150  episodes=  656  mean_return=3900.450  mean_loss=18.41332  mean_foundation= 32.0/52  lifetime_outcomes={'won': 225, 'stalled': 7, 'truncated': 424, 'other': 0}  rss= 3141.4MB  (6298s)
step   543000/1200000  eps=0.150  episodes=  657  mean_return=970.000  mean_loss=16.77159  mean_foundation= 12.0/52  lifetime_outcomes={'won': 225, 'stalled': 7, 'truncated': 425, 'other': 0}  rss= 3141.4MB  (6301s)
step   544000/1200000  eps=0.150  episodes=  658  mean_return=430.000  mean_loss=17.03627  mean_foundation=  4.0/52  lifetime_outcomes={'won': 225, 'stalled': 7, 'truncated': 426, 'other': 0}  rss= 3141.4MB  (6305s)
step   545000/1200000  eps=0.150  episodes=  659  mean_return=1250.000  mean_loss=17.12523  mean_foundation=  8.0/52  lifetime_outcomes={'won': 225, 'stalled': 7, 'truncated': 427, 'other': 0}  rss= 3141.4MB  (6308s)
step   546000/1200000  eps=0.150  episodes=  661  mean_return=7046.785  mean_loss=17.78893  mean_foundation= 52.0/52  lifetime_outcomes={'won': 227, 'stalled': 7, 'truncated': 427, 'other': 0}  rss= 3141.4MB  (6311s)
step   547000/1200000  eps=0.150  episodes=  662  mean_return=1440.000  mean_loss=17.65704  mean_foundation= 12.0/52  lifetime_outcomes={'won': 227, 'stalled': 7, 'truncated': 428, 'other': 0}  rss= 3141.4MB  (6315s)
step   548000/1200000  eps=0.150  episodes=  663  mean_return=7045.420  mean_loss=18.05930  mean_foundation= 52.0/52  lifetime_outcomes={'won': 228, 'stalled': 7, 'truncated': 428, 'other': 0}  rss= 3141.4MB  (6318s)
step   549000/1200000  eps=0.150  episodes=  664  mean_return=1130.000  mean_loss=18.07697  mean_foundation=  9.0/52  lifetime_outcomes={'won': 228, 'stalled': 7, 'truncated': 429, 'other': 0}  rss= 3141.4MB  (6322s)
step   550000/1200000  eps=0.150  episodes=  666  mean_return=4275.845  mean_loss=18.20553  mean_foundation= 36.5/52  lifetime_outcomes={'won': 229, 'stalled': 7, 'truncated': 430, 'other': 0}  rss= 3141.4MB  (6325s)
  EVAL  step   550000  win_rate=34.00%  mean_return=2954.382  mean_foundation= 25.0/52  mean_length=801.8  (greedy, 100 fixed deals)
step   551000/1200000  eps=0.150  episodes=  667  mean_return=7045.920  mean_loss=16.68672  mean_foundation= 52.0/52  lifetime_outcomes={'won': 230, 'stalled': 7, 'truncated': 430, 'other': 0}  rss= 3141.4MB  (6409s)
step   552000/1200000  eps=0.150  episodes=  668  mean_return=400.000  mean_loss=17.69164  mean_foundation=  4.0/52  lifetime_outcomes={'won': 230, 'stalled': 7, 'truncated': 431, 'other': 0}  rss= 3141.4MB  (6413s)
step   553000/1200000  eps=0.150  episodes=  670  mean_return=3978.270  mean_loss=16.40117  mean_foundation= 35.5/52  lifetime_outcomes={'won': 231, 'stalled': 7, 'truncated': 432, 'other': 0}  rss= 3141.4MB  (6416s)
step   554000/1200000  eps=0.150  episodes=  671  mean_return=560.000  mean_loss=17.37607  mean_foundation=  3.0/52  lifetime_outcomes={'won': 231, 'stalled': 7, 'truncated': 433, 'other': 0}  rss= 3141.4MB  (6420s)
step   555000/1200000  eps=0.150  episodes=  672  mean_return=380.000  mean_loss=17.69517  mean_foundation=  4.0/52  lifetime_outcomes={'won': 231, 'stalled': 7, 'truncated': 434, 'other': 0}  rss= 3141.4MB  (6423s)
step   556000/1200000  eps=0.150  episodes=  673  mean_return=920.000  mean_loss=18.39383  mean_foundation= 11.0/52  lifetime_outcomes={'won': 231, 'stalled': 7, 'truncated': 435, 'other': 0}  rss= 3141.4MB  (6427s)
step   557000/1200000  eps=0.150  episodes=  674  mean_return=7044.660  mean_loss=17.03407  mean_foundation= 52.0/52  lifetime_outcomes={'won': 232, 'stalled': 7, 'truncated': 435, 'other': 0}  rss= 3141.4MB  (6430s)
step   558000/1200000  eps=0.150  episodes=  677  mean_return=5054.357  mean_loss=16.63998  mean_foundation= 41.7/52  lifetime_outcomes={'won': 234, 'stalled': 7, 'truncated': 436, 'other': 0}  rss= 3141.4MB  (6434s)
step   559000/1200000  eps=0.150  episodes=  678  mean_return=720.000  mean_loss=18.25237  mean_foundation=  7.0/52  lifetime_outcomes={'won': 234, 'stalled': 7, 'truncated': 437, 'other': 0}  rss= 3141.4MB  (6438s)
step   560000/1200000  eps=0.150  episodes=  679  mean_return=7046.800  mean_loss=16.36804  mean_foundation= 52.0/52  lifetime_outcomes={'won': 235, 'stalled': 7, 'truncated': 437, 'other': 0}  rss= 3141.4MB  (6441s)
  EVAL  step   560000  win_rate=28.00%  mean_return=2653.459  mean_foundation= 23.4/52  mean_length=834.1  (greedy, 100 fixed deals)
step   561000/1200000  eps=0.150  episodes=  680  mean_return=800.000  mean_loss=16.46244  mean_foundation=  3.0/52  lifetime_outcomes={'won': 235, 'stalled': 7, 'truncated': 438, 'other': 0}  rss= 3141.4MB  (6524s)
step   562000/1200000  eps=0.150  episodes=  681  mean_return=1430.000  mean_loss=18.42258  mean_foundation= 21.0/52  lifetime_outcomes={'won': 235, 'stalled': 7, 'truncated': 439, 'other': 0}  rss= 3141.4MB  (6528s)
step   563000/1200000  eps=0.150  episodes=  683  mean_return=4117.285  mean_loss=16.77518  mean_foundation= 32.0/52  lifetime_outcomes={'won': 236, 'stalled': 7, 'truncated': 440, 'other': 0}  rss= 3141.4MB  (6531s)
step   564000/1200000  eps=0.150  episodes=  684  mean_return=540.000  mean_loss=16.37673  mean_foundation=  5.0/52  lifetime_outcomes={'won': 236, 'stalled': 7, 'truncated': 441, 'other': 0}  rss= 3141.4MB  (6534s)
step   565000/1200000  eps=0.150  episodes=  686  mean_return=4398.980  mean_loss=15.80242  mean_foundation= 47.0/52  lifetime_outcomes={'won': 237, 'stalled': 7, 'truncated': 442, 'other': 0}  rss= 3141.4MB  (6538s)
step   566000/1200000  eps=0.150  episodes=  687  mean_return=1370.000  mean_loss=16.00203  mean_foundation= 29.0/52  lifetime_outcomes={'won': 237, 'stalled': 7, 'truncated': 443, 'other': 0}  rss= 3141.4MB  (6541s)
step   567000/1200000  eps=0.150  episodes=  688  mean_return=7045.290  mean_loss=17.55706  mean_foundation= 52.0/52  lifetime_outcomes={'won': 238, 'stalled': 7, 'truncated': 443, 'other': 0}  rss= 3141.4MB  (6544s)
step   568000/1200000  eps=0.150  episodes=  689  mean_return=7044.090  mean_loss=17.32415  mean_foundation= 52.0/52  lifetime_outcomes={'won': 239, 'stalled': 7, 'truncated': 443, 'other': 0}  rss= 3141.4MB  (6547s)
step   569000/1200000  eps=0.150  episodes=  690  mean_return=190.000  mean_loss=17.12360  mean_foundation=  5.0/52  lifetime_outcomes={'won': 239, 'stalled': 7, 'truncated': 444, 'other': 0}  rss= 3141.4MB  (6551s)
step   570000/1200000  eps=0.150  episodes=  691  mean_return=800.000  mean_loss=18.15494  mean_foundation=  7.0/52  lifetime_outcomes={'won': 239, 'stalled': 7, 'truncated': 445, 'other': 0}  rss= 3141.4MB  (6554s)
  EVAL  step   570000  win_rate=34.00%  mean_return=3048.213  mean_foundation= 27.4/52  mean_length=808.7  (greedy, 100 fixed deals)
step   571000/1200000  eps=0.150  episodes=  692  mean_return=1320.000  mean_loss=15.93179  mean_foundation= 29.0/52  lifetime_outcomes={'won': 239, 'stalled': 7, 'truncated': 446, 'other': 0}  rss= 3141.4MB  (6636s)
step   572000/1200000  eps=0.150  episodes=  693  mean_return=1600.000  mean_loss=16.78388  mean_foundation= 28.0/52  lifetime_outcomes={'won': 239, 'stalled': 7, 'truncated': 447, 'other': 0}  rss= 3141.4MB  (6639s)
step   573000/1200000  eps=0.150  episodes=  694  mean_return=940.000  mean_loss=17.20806  mean_foundation= 19.0/52  lifetime_outcomes={'won': 239, 'stalled': 7, 'truncated': 448, 'other': 0}  rss= 3141.4MB  (6643s)
step   574000/1200000  eps=0.150  episodes=  695  mean_return=1160.000  mean_loss=16.77870  mean_foundation=  9.0/52  lifetime_outcomes={'won': 239, 'stalled': 7, 'truncated': 449, 'other': 0}  rss= 3141.4MB  (6647s)
step   575000/1200000  eps=0.150  episodes=  696  mean_return=1510.000  mean_loss=17.13785  mean_foundation= 14.0/52  lifetime_outcomes={'won': 239, 'stalled': 7, 'truncated': 450, 'other': 0}  rss= 3141.4MB  (6651s)
step   576000/1200000  eps=0.150  episodes=  697  mean_return=1130.000  mean_loss=17.49522  mean_foundation=  5.0/52  lifetime_outcomes={'won': 239, 'stalled': 7, 'truncated': 451, 'other': 0}  rss= 3141.4MB  (6655s)
step   577000/1200000  eps=0.150  episodes=  699  mean_return=3933.290  mean_loss=18.16256  mean_foundation= 31.5/52  lifetime_outcomes={'won': 240, 'stalled': 7, 'truncated': 452, 'other': 0}  rss= 3141.4MB  (6658s)
step   578000/1200000  eps=0.150  episodes=  701  mean_return=3687.715  mean_loss=15.47524  mean_foundation= 28.5/52  lifetime_outcomes={'won': 241, 'stalled': 7, 'truncated': 453, 'other': 0}  rss= 3141.4MB  (6662s)
step   579000/1200000  eps=0.150  episodes=  702  mean_return=650.000  mean_loss=16.22274  mean_foundation=  9.0/52  lifetime_outcomes={'won': 241, 'stalled': 7, 'truncated': 454, 'other': 0}  rss= 3141.4MB  (6665s)
step   580000/1200000  eps=0.150  episodes=  704  mean_return=7044.725  mean_loss=16.71825  mean_foundation= 52.0/52  lifetime_outcomes={'won': 243, 'stalled': 7, 'truncated': 454, 'other': 0}  rss= 3141.4MB  (6669s)
  EVAL  step   580000  win_rate=29.00%  mean_return=2733.830  mean_foundation= 24.4/52  mean_length=857.0  (greedy, 100 fixed deals)
step   581000/1200000  eps=0.150  episodes=  705  mean_return=420.000  mean_loss=16.04513  mean_foundation=  7.0/52  lifetime_outcomes={'won': 243, 'stalled': 7, 'truncated': 455, 'other': 0}  rss= 3141.4MB  (6753s)
step   582000/1200000  eps=0.150  episodes=  706  mean_return=1470.000  mean_loss=16.24663  mean_foundation= 28.0/52  lifetime_outcomes={'won': 243, 'stalled': 7, 'truncated': 456, 'other': 0}  rss= 3141.4MB  (6756s)
step   583000/1200000  eps=0.150  episodes=  707  mean_return=740.000  mean_loss=16.74003  mean_foundation=  9.0/52  lifetime_outcomes={'won': 243, 'stalled': 7, 'truncated': 457, 'other': 0}  rss= 3141.4MB  (6760s)
step   584000/1200000  eps=0.150  episodes=  708  mean_return=690.000  mean_loss=15.56739  mean_foundation=  8.0/52  lifetime_outcomes={'won': 243, 'stalled': 7, 'truncated': 458, 'other': 0}  rss= 3141.4MB  (6763s)
step   585000/1200000  eps=0.150  episodes=  710  mean_return=7044.970  mean_loss=16.70783  mean_foundation= 52.0/52  lifetime_outcomes={'won': 245, 'stalled': 7, 'truncated': 458, 'other': 0}  rss= 3141.4MB  (6767s)
step   586000/1200000  eps=0.150  episodes=  711  mean_return=900.000  mean_loss=16.29573  mean_foundation= 11.0/52  lifetime_outcomes={'won': 245, 'stalled': 7, 'truncated': 459, 'other': 0}  rss= 3141.4MB  (6770s)
step   587000/1200000  eps=0.150  episodes=  712  mean_return=860.000  mean_loss=16.03779  mean_foundation=  5.0/52  lifetime_outcomes={'won': 245, 'stalled': 7, 'truncated': 460, 'other': 0}  rss= 3141.4MB  (6773s)
step   588000/1200000  eps=0.150  episodes=  713  mean_return=7046.660  mean_loss=16.05418  mean_foundation= 52.0/52  lifetime_outcomes={'won': 246, 'stalled': 7, 'truncated': 460, 'other': 0}  rss= 3141.4MB  (6777s)
step   589000/1200000  eps=0.150  episodes=  716  mean_return=5187.847  mean_loss=14.99373  mean_foundation= 44.3/52  lifetime_outcomes={'won': 248, 'stalled': 7, 'truncated': 461, 'other': 0}  rss= 3141.4MB  (6780s)
step   590000/1200000  eps=0.150  episodes=  718  mean_return=7045.210  mean_loss=16.37342  mean_foundation= 52.0/52  lifetime_outcomes={'won': 250, 'stalled': 7, 'truncated': 461, 'other': 0}  rss= 3141.4MB  (6783s)
  EVAL  step   590000  win_rate=32.00%  mean_return=2920.296  mean_foundation= 25.7/52  mean_length=830.4  (greedy, 100 fixed deals)
step   591000/1200000  eps=0.150  episodes=  720  mean_return=7027.495  mean_loss=15.53562  mean_foundation= 52.0/52  lifetime_outcomes={'won': 252, 'stalled': 7, 'truncated': 461, 'other': 0}  rss= 3141.4MB  (6867s)
step   592000/1200000  eps=0.150  episodes=  722  mean_return=3732.740  mean_loss=17.98122  mean_foundation= 28.0/52  lifetime_outcomes={'won': 253, 'stalled': 7, 'truncated': 462, 'other': 0}  rss= 3141.4MB  (6871s)
step   593000/1200000  eps=0.150  episodes=  723  mean_return=1510.000  mean_loss=14.97694  mean_foundation= 19.0/52  lifetime_outcomes={'won': 253, 'stalled': 7, 'truncated': 463, 'other': 0}  rss= 3141.4MB  (6874s)
step   594000/1200000  eps=0.150  episodes=  724  mean_return=1210.000  mean_loss=15.22852  mean_foundation= 18.0/52  lifetime_outcomes={'won': 253, 'stalled': 7, 'truncated': 464, 'other': 0}  rss= 3141.4MB  (6878s)
step   595000/1200000  eps=0.150  episodes=  725  mean_return=7047.400  mean_loss=16.32532  mean_foundation= 52.0/52  lifetime_outcomes={'won': 254, 'stalled': 7, 'truncated': 464, 'other': 0}  rss= 3141.4MB  (6881s)
step   596000/1200000  eps=0.150  episodes=  726  mean_return=750.000  mean_loss=15.24103  mean_foundation= 18.0/52  lifetime_outcomes={'won': 254, 'stalled': 7, 'truncated': 465, 'other': 0}  rss= 3141.4MB  (6885s)
step   597000/1200000  eps=0.150  episodes=  727  mean_return=840.000  mean_loss=17.00105  mean_foundation=  5.0/52  lifetime_outcomes={'won': 254, 'stalled': 7, 'truncated': 466, 'other': 0}  rss= 3141.4MB  (6888s)
step   598000/1200000  eps=0.150  episodes=  728  mean_return=660.000  mean_loss=16.41777  mean_foundation=  4.0/52  lifetime_outcomes={'won': 254, 'stalled': 7, 'truncated': 467, 'other': 0}  rss= 3141.4MB  (6892s)
step   599000/1200000  eps=0.150  episodes=  730  mean_return=3863.630  mean_loss=16.14692  mean_foundation= 28.5/52  lifetime_outcomes={'won': 255, 'stalled': 7, 'truncated': 468, 'other': 0}  rss= 3141.4MB  (6896s)
step   600000/1200000  eps=0.150  episodes=  732  mean_return=4297.985  mean_loss=16.79576  mean_foundation= 36.5/52  lifetime_outcomes={'won': 256, 'stalled': 7, 'truncated': 469, 'other': 0}  rss= 3141.4MB  (6899s)
  EVAL  step   600000  win_rate=30.00%  mean_return=2782.613  mean_foundation= 24.6/52  mean_length=848.7  (greedy, 100 fixed deals)
step   601000/1200000  eps=0.150  episodes=  733  mean_return=7042.100  mean_loss=14.66395  mean_foundation= 52.0/52  lifetime_outcomes={'won': 257, 'stalled': 7, 'truncated': 469, 'other': 0}  rss= 3141.4MB  (6986s)
step   602000/1200000  eps=0.150  episodes=  734  mean_return=1180.000  mean_loss=17.72052  mean_foundation= 16.0/52  lifetime_outcomes={'won': 257, 'stalled': 7, 'truncated': 470, 'other': 0}  rss= 3141.4MB  (6989s)
step   603000/1200000  eps=0.150  episodes=  735  mean_return=300.000  mean_loss=14.85401  mean_foundation=  6.0/52  lifetime_outcomes={'won': 257, 'stalled': 7, 'truncated': 471, 'other': 0}  rss= 3141.4MB  (6993s)
step   604000/1200000  eps=0.150  episodes=  736  mean_return=480.000  mean_loss=15.87282  mean_foundation=  8.0/52  lifetime_outcomes={'won': 257, 'stalled': 7, 'truncated': 472, 'other': 0}  rss= 3141.4MB  (6996s)
step   605000/1200000  eps=0.150  episodes=  737  mean_return=730.000  mean_loss=15.76465  mean_foundation=  9.0/52  lifetime_outcomes={'won': 257, 'stalled': 7, 'truncated': 473, 'other': 0}  rss= 3141.4MB  (7000s)
step   606000/1200000  eps=0.150  episodes=  738  mean_return=1060.000  mean_loss=15.56487  mean_foundation=  5.0/52  lifetime_outcomes={'won': 257, 'stalled': 7, 'truncated': 474, 'other': 0}  rss= 3141.4MB  (7003s)
step   607000/1200000  eps=0.150  episodes=  739  mean_return=390.000  mean_loss=15.10347  mean_foundation=  6.0/52  lifetime_outcomes={'won': 257, 'stalled': 7, 'truncated': 475, 'other': 0}  rss= 3141.4MB  (7006s)
step   608000/1200000  eps=0.150  episodes=  740  mean_return=7043.540  mean_loss=15.09431  mean_foundation= 52.0/52  lifetime_outcomes={'won': 258, 'stalled': 7, 'truncated': 475, 'other': 0}  rss= 3141.4MB  (7010s)
step   609000/1200000  eps=0.150  episodes=  741  mean_return=1220.000  mean_loss=15.42154  mean_foundation= 13.0/52  lifetime_outcomes={'won': 258, 'stalled': 7, 'truncated': 476, 'other': 0}  rss= 3141.4MB  (7013s)
step   610000/1200000  eps=0.150  episodes=  743  mean_return=3977.945  mean_loss=15.65600  mean_foundation= 34.5/52  lifetime_outcomes={'won': 259, 'stalled': 7, 'truncated': 477, 'other': 0}  rss= 3141.4MB  (7016s)
  EVAL  step   610000  win_rate=32.00%  mean_return=2901.983  mean_foundation= 24.7/52  mean_length=821.7  (greedy, 100 fixed deals)
step   611000/1200000  eps=0.150  episodes=  745  mean_return=464.295  mean_loss=16.07908  mean_foundation= 10.0/52  lifetime_outcomes={'won': 259, 'stalled': 8, 'truncated': 478, 'other': 0}  rss= 3145.7MB  (7105s)
step   612000/1200000  eps=0.150  episodes=  746  mean_return=740.000  mean_loss=15.77152  mean_foundation= 14.0/52  lifetime_outcomes={'won': 259, 'stalled': 8, 'truncated': 479, 'other': 0}  rss= 3145.7MB  (7109s)
step   613000/1200000  eps=0.150  episodes=  747  mean_return=670.000  mean_loss=15.09012  mean_foundation=  0.0/52  lifetime_outcomes={'won': 259, 'stalled': 8, 'truncated': 480, 'other': 0}  rss= 3145.7MB  (7112s)
step   614000/1200000  eps=0.150  episodes=  749  mean_return=7044.895  mean_loss=14.77642  mean_foundation= 52.0/52  lifetime_outcomes={'won': 261, 'stalled': 8, 'truncated': 480, 'other': 0}  rss= 3145.7MB  (7115s)
step   615000/1200000  eps=0.150  episodes=  750  mean_return=7040.860  mean_loss=13.67745  mean_foundation= 52.0/52  lifetime_outcomes={'won': 262, 'stalled': 8, 'truncated': 480, 'other': 0}  rss= 3145.7MB  (7119s)
step   616000/1200000  eps=0.150  episodes=  751  mean_return=670.000  mean_loss=16.06055  mean_foundation=  9.0/52  lifetime_outcomes={'won': 262, 'stalled': 8, 'truncated': 481, 'other': 0}  rss= 3145.7MB  (7123s)
step   617000/1200000  eps=0.150  episodes=  752  mean_return=7042.580  mean_loss=15.63194  mean_foundation= 52.0/52  lifetime_outcomes={'won': 263, 'stalled': 8, 'truncated': 481, 'other': 0}  rss= 3145.7MB  (7126s)
step   618000/1200000  eps=0.150  episodes=  753  mean_return=620.000  mean_loss=14.33015  mean_foundation=  7.0/52  lifetime_outcomes={'won': 263, 'stalled': 8, 'truncated': 482, 'other': 0}  rss= 3145.7MB  (7130s)
step   619000/1200000  eps=0.150  episodes=  755  mean_return=3718.045  mean_loss=14.61672  mean_foundation= 31.5/52  lifetime_outcomes={'won': 264, 'stalled': 8, 'truncated': 483, 'other': 0}  rss= 3145.7MB  (7133s)
step   620000/1200000  eps=0.150  episodes=  756  mean_return=7046.780  mean_loss=14.29927  mean_foundation= 52.0/52  lifetime_outcomes={'won': 265, 'stalled': 8, 'truncated': 483, 'other': 0}  rss= 3145.7MB  (7137s)
  EVAL  step   620000  win_rate=29.00%  mean_return=2749.833  mean_foundation= 24.9/52  mean_length=876.7  (greedy, 100 fixed deals)
step   621000/1200000  eps=0.150  episodes=  757  mean_return=500.000  mean_loss=16.17879  mean_foundation=  7.0/52  lifetime_outcomes={'won': 265, 'stalled': 8, 'truncated': 484, 'other': 0}  rss= 3145.9MB  (7225s)
step   622000/1200000  eps=0.150  episodes=  758  mean_return=990.000  mean_loss=13.63899  mean_foundation= 11.0/52  lifetime_outcomes={'won': 265, 'stalled': 8, 'truncated': 485, 'other': 0}  rss= 3145.9MB  (7228s)
step   623000/1200000  eps=0.150  episodes=  760  mean_return=4215.715  mean_loss=14.69061  mean_foundation= 35.5/52  lifetime_outcomes={'won': 266, 'stalled': 8, 'truncated': 486, 'other': 0}  rss= 3145.9MB  (7232s)
step   624000/1200000  eps=0.150  episodes=  761  mean_return=670.000  mean_loss=14.24044  mean_foundation=  7.0/52  lifetime_outcomes={'won': 266, 'stalled': 8, 'truncated': 487, 'other': 0}  rss= 3145.9MB  (7235s)
step   625000/1200000  eps=0.150  episodes=  762  mean_return=7045.280  mean_loss=13.78435  mean_foundation= 52.0/52  lifetime_outcomes={'won': 267, 'stalled': 8, 'truncated': 487, 'other': 0}  rss= 3145.9MB  (7238s)
step   626000/1200000  eps=0.150  episodes=  764  mean_return=3698.080  mean_loss=14.81357  mean_foundation= 27.5/52  lifetime_outcomes={'won': 268, 'stalled': 8, 'truncated': 488, 'other': 0}  rss= 3145.9MB  (7242s)
step   627000/1200000  eps=0.150  episodes=  765  mean_return=1480.000  mean_loss=14.02013  mean_foundation= 15.0/52  lifetime_outcomes={'won': 268, 'stalled': 8, 'truncated': 489, 'other': 0}  rss= 3145.9MB  (7246s)
step   628000/1200000  eps=0.150  episodes=  766  mean_return=7044.350  mean_loss=14.44986  mean_foundation= 52.0/52  lifetime_outcomes={'won': 269, 'stalled': 8, 'truncated': 489, 'other': 0}  rss= 3145.9MB  (7249s)
step   629000/1200000  eps=0.150  episodes=  767  mean_return=1000.000  mean_loss=13.88748  mean_foundation= 15.0/52  lifetime_outcomes={'won': 269, 'stalled': 8, 'truncated': 490, 'other': 0}  rss= 3145.9MB  (7252s)
step   630000/1200000  eps=0.150  episodes=  770  mean_return=2731.337  mean_loss=14.15317  mean_foundation= 23.7/52  lifetime_outcomes={'won': 270, 'stalled': 9, 'truncated': 491, 'other': 0}  rss= 3145.9MB  (7256s)
  EVAL  step   630000  win_rate=34.00%  mean_return=2958.707  mean_foundation= 25.3/52  mean_length=829.3  (greedy, 100 fixed deals)
step   631000/1200000  eps=0.150  episodes=  771  mean_return=1290.000  mean_loss=13.33042  mean_foundation= 19.0/52  lifetime_outcomes={'won': 270, 'stalled': 9, 'truncated': 492, 'other': 0}  rss= 3145.9MB  (7340s)
step   632000/1200000  eps=0.150  episodes=  772  mean_return=7045.080  mean_loss=13.75560  mean_foundation= 52.0/52  lifetime_outcomes={'won': 271, 'stalled': 9, 'truncated': 492, 'other': 0}  rss= 3145.9MB  (7343s)
step   633000/1200000  eps=0.150  episodes=  774  mean_return=3817.580  mean_loss=13.96498  mean_foundation= 30.5/52  lifetime_outcomes={'won': 272, 'stalled': 9, 'truncated': 493, 'other': 0}  rss= 3145.9MB  (7347s)
step   634000/1200000  eps=0.150  episodes=  775  mean_return=7004.370  mean_loss=13.79470  mean_foundation= 52.0/52  lifetime_outcomes={'won': 273, 'stalled': 9, 'truncated': 493, 'other': 0}  rss= 3145.9MB  (7350s)
step   635000/1200000  eps=0.150  episodes=  776  mean_return=420.000  mean_loss=15.07157  mean_foundation=  8.0/52  lifetime_outcomes={'won': 273, 'stalled': 9, 'truncated': 494, 'other': 0}  rss= 3145.9MB  (7353s)
step   636000/1200000  eps=0.150  episodes=  777  mean_return=7044.260  mean_loss=14.09787  mean_foundation= 52.0/52  lifetime_outcomes={'won': 274, 'stalled': 9, 'truncated': 494, 'other': 0}  rss= 3145.9MB  (7357s)
step   637000/1200000  eps=0.150  episodes=  778  mean_return=210.000  mean_loss=14.16108  mean_foundation=  1.0/52  lifetime_outcomes={'won': 274, 'stalled': 9, 'truncated': 495, 'other': 0}  rss= 3145.9MB  (7360s)
step   638000/1200000  eps=0.150  episodes=  779  mean_return=1080.000  mean_loss=14.62153  mean_foundation=  7.0/52  lifetime_outcomes={'won': 274, 'stalled': 9, 'truncated': 496, 'other': 0}  rss= 3145.9MB  (7364s)
step   639000/1200000  eps=0.150  episodes=  780  mean_return=860.000  mean_loss=14.49726  mean_foundation=  5.0/52  lifetime_outcomes={'won': 274, 'stalled': 9, 'truncated': 497, 'other': 0}  rss= 3145.9MB  (7367s)
step   640000/1200000  eps=0.150  episodes=  782  mean_return=4235.595  mean_loss=13.71388  mean_foundation= 33.5/52  lifetime_outcomes={'won': 275, 'stalled': 9, 'truncated': 498, 'other': 0}  rss= 3145.9MB  (7371s)
  EVAL  step   640000  win_rate=31.00%  mean_return=2804.607  mean_foundation= 24.7/52  mean_length=809.3  (greedy, 100 fixed deals)
step   641000/1200000  eps=0.150  episodes=  783  mean_return=7044.860  mean_loss=14.32675  mean_foundation= 52.0/52  lifetime_outcomes={'won': 276, 'stalled': 9, 'truncated': 498, 'other': 0}  rss= 3145.9MB  (7452s)
step   642000/1200000  eps=0.150  episodes=  785  mean_return=4143.080  mean_loss=13.85764  mean_foundation= 31.0/52  lifetime_outcomes={'won': 277, 'stalled': 9, 'truncated': 499, 'other': 0}  rss= 3145.9MB  (7455s)
step   643000/1200000  eps=0.150  episodes=  786  mean_return=7043.540  mean_loss=14.64283  mean_foundation= 52.0/52  lifetime_outcomes={'won': 278, 'stalled': 9, 'truncated': 499, 'other': 0}  rss= 3145.9MB  (7459s)
step   644000/1200000  eps=0.150  episodes=  788  mean_return=3817.900  mean_loss=13.70442  mean_foundation= 32.5/52  lifetime_outcomes={'won': 279, 'stalled': 9, 'truncated': 500, 'other': 0}  rss= 3145.9MB  (7462s)
step   645000/1200000  eps=0.150  episodes=  789  mean_return=1190.000  mean_loss=13.52200  mean_foundation= 18.0/52  lifetime_outcomes={'won': 279, 'stalled': 9, 'truncated': 501, 'other': 0}  rss= 3145.9MB  (7466s)
step   646000/1200000  eps=0.150  episodes=  790  mean_return=1470.000  mean_loss=14.25284  mean_foundation= 24.0/52  lifetime_outcomes={'won': 279, 'stalled': 9, 'truncated': 502, 'other': 0}  rss= 3145.9MB  (7469s)
step   647000/1200000  eps=0.150  episodes=  791  mean_return=1340.000  mean_loss=13.12622  mean_foundation= 11.0/52  lifetime_outcomes={'won': 279, 'stalled': 9, 'truncated': 503, 'other': 0}  rss= 3145.9MB  (7473s)
step   648000/1200000  eps=0.150  episodes=  792  mean_return=430.000  mean_loss=12.67992  mean_foundation=  3.0/52  lifetime_outcomes={'won': 279, 'stalled': 9, 'truncated': 504, 'other': 0}  rss= 3145.9MB  (7476s)
step   649000/1200000  eps=0.150  episodes=  793  mean_return=1230.000  mean_loss=13.49403  mean_foundation= 11.0/52  lifetime_outcomes={'won': 279, 'stalled': 9, 'truncated': 505, 'other': 0}  rss= 3145.9MB  (7480s)
step   650000/1200000  eps=0.150  episodes=  794  mean_return=7041.660  mean_loss=12.75714  mean_foundation= 52.0/52  lifetime_outcomes={'won': 280, 'stalled': 9, 'truncated': 505, 'other': 0}  rss= 3145.9MB  (7483s)
  EVAL  step   650000  win_rate=30.00%  mean_return=2802.598  mean_foundation= 24.2/52  mean_length=880.2  (greedy, 100 fixed deals)
step   651000/1200000  eps=0.150  episodes=  795  mean_return=490.000  mean_loss=14.81904  mean_foundation= 10.0/52  lifetime_outcomes={'won': 280, 'stalled': 9, 'truncated': 506, 'other': 0}  rss= 3145.9MB  (7570s)
step   652000/1200000  eps=0.150  episodes=  796  mean_return=810.000  mean_loss=13.39704  mean_foundation=  7.0/52  lifetime_outcomes={'won': 280, 'stalled': 9, 'truncated': 507, 'other': 0}  rss= 3145.9MB  (7574s)
step   653000/1200000  eps=0.150  episodes=  797  mean_return=7045.390  mean_loss=13.11255  mean_foundation= 52.0/52  lifetime_outcomes={'won': 281, 'stalled': 9, 'truncated': 507, 'other': 0}  rss= 3145.9MB  (7577s)
step   654000/1200000  eps=0.150  episodes=  798  mean_return=470.000  mean_loss=13.67914  mean_foundation=  3.0/52  lifetime_outcomes={'won': 281, 'stalled': 9, 'truncated': 508, 'other': 0}  rss= 3145.9MB  (7581s)
step   655000/1200000  eps=0.150  episodes=  800  mean_return=3931.975  mean_loss=12.89279  mean_foundation= 33.0/52  lifetime_outcomes={'won': 282, 'stalled': 9, 'truncated': 509, 'other': 0}  rss= 3145.9MB  (7584s)
step   656000/1200000  eps=0.150  episodes=  801  mean_return=7042.290  mean_loss=13.35223  mean_foundation= 52.0/52  lifetime_outcomes={'won': 283, 'stalled': 9, 'truncated': 509, 'other': 0}  rss= 3145.9MB  (7588s)
step   657000/1200000  eps=0.150  episodes=  802  mean_return=1010.000  mean_loss=13.39591  mean_foundation=  8.0/52  lifetime_outcomes={'won': 283, 'stalled': 9, 'truncated': 510, 'other': 0}  rss= 3145.9MB  (7592s)
step   658000/1200000  eps=0.150  episodes=  804  mean_return=3838.800  mean_loss=13.07788  mean_foundation= 28.5/52  lifetime_outcomes={'won': 284, 'stalled': 9, 'truncated': 511, 'other': 0}  rss= 3145.9MB  (7595s)
step   659000/1200000  eps=0.150  episodes=  805  mean_return=1590.000  mean_loss=12.90442  mean_foundation= 26.0/52  lifetime_outcomes={'won': 284, 'stalled': 9, 'truncated': 512, 'other': 0}  rss= 3145.9MB  (7599s)
step   660000/1200000  eps=0.150  episodes=  806  mean_return= 70.000  mean_loss=13.45411  mean_foundation=  2.0/52  lifetime_outcomes={'won': 284, 'stalled': 9, 'truncated': 513, 'other': 0}  rss= 3145.9MB  (7603s)
  EVAL  step   660000  win_rate=30.00%  mean_return=2788.706  mean_foundation= 23.6/52  mean_length=859.4  (greedy, 100 fixed deals)
step   661000/1200000  eps=0.150  episodes=  808  mean_return=7046.450  mean_loss=13.06521  mean_foundation= 52.0/52  lifetime_outcomes={'won': 286, 'stalled': 9, 'truncated': 513, 'other': 0}  rss= 3145.9MB  (7689s)
step   662000/1200000  eps=0.150  episodes=  809  mean_return=1480.000  mean_loss=13.38241  mean_foundation= 23.0/52  lifetime_outcomes={'won': 286, 'stalled': 9, 'truncated': 514, 'other': 0}  rss= 3145.9MB  (7692s)
step   663000/1200000  eps=0.150  episodes=  811  mean_return=4048.050  mean_loss=13.34293  mean_foundation= 33.5/52  lifetime_outcomes={'won': 287, 'stalled': 9, 'truncated': 515, 'other': 0}  rss= 3145.9MB  (7696s)
step   664000/1200000  eps=0.150  episodes=  812  mean_return=930.000  mean_loss=13.54604  mean_foundation=  7.0/52  lifetime_outcomes={'won': 287, 'stalled': 9, 'truncated': 516, 'other': 0}  rss= 3145.9MB  (7699s)
step   665000/1200000  eps=0.150  episodes=  813  mean_return=940.000  mean_loss=12.71433  mean_foundation= 13.0/52  lifetime_outcomes={'won': 287, 'stalled': 9, 'truncated': 517, 'other': 0}  rss= 3145.9MB  (7703s)
step   666000/1200000  eps=0.150  episodes=  814  mean_return=7047.420  mean_loss=13.01838  mean_foundation= 52.0/52  lifetime_outcomes={'won': 288, 'stalled': 9, 'truncated': 517, 'other': 0}  rss= 3145.9MB  (7707s)
step   667000/1200000  eps=0.150  episodes=  815  mean_return=530.000  mean_loss=13.17460  mean_foundation=  4.0/52  lifetime_outcomes={'won': 288, 'stalled': 9, 'truncated': 518, 'other': 0}  rss= 3145.9MB  (7710s)
step   668000/1200000  eps=0.150  episodes=  817  mean_return=4102.395  mean_loss=13.17093  mean_foundation= 34.5/52  lifetime_outcomes={'won': 289, 'stalled': 9, 'truncated': 519, 'other': 0}  rss= 3145.9MB  (7713s)
step   669000/1200000  eps=0.150  episodes=  818  mean_return=720.000  mean_loss=13.21250  mean_foundation= 10.0/52  lifetime_outcomes={'won': 289, 'stalled': 9, 'truncated': 520, 'other': 0}  rss= 3145.9MB  (7717s)
step   670000/1200000  eps=0.150  episodes=  819  mean_return=7044.040  mean_loss=12.78069  mean_foundation= 52.0/52  lifetime_outcomes={'won': 290, 'stalled': 9, 'truncated': 520, 'other': 0}  rss= 3145.9MB  (7721s)
  EVAL  step   670000  win_rate=31.00%  mean_return=2815.504  mean_foundation= 24.0/52  mean_length=849.6  (greedy, 100 fixed deals)
step   671000/1200000  eps=0.150  episodes=  820  mean_return=1090.000  mean_loss=12.90854  mean_foundation=  7.0/52  lifetime_outcomes={'won': 290, 'stalled': 9, 'truncated': 521, 'other': 0}  rss= 3146.0MB  (7806s)
step   672000/1200000  eps=0.150  episodes=  822  mean_return=3878.400  mean_loss=13.12486  mean_foundation= 29.5/52  lifetime_outcomes={'won': 291, 'stalled': 9, 'truncated': 522, 'other': 0}  rss= 3146.0MB  (7810s)
step   673000/1200000  eps=0.150  episodes=  823  mean_return=7042.290  mean_loss=12.44995  mean_foundation= 52.0/52  lifetime_outcomes={'won': 292, 'stalled': 9, 'truncated': 522, 'other': 0}  rss= 3146.0MB  (7813s)
step   674000/1200000  eps=0.150  episodes=  824  mean_return=1290.000  mean_loss=12.40521  mean_foundation= 17.0/52  lifetime_outcomes={'won': 292, 'stalled': 9, 'truncated': 523, 'other': 0}  rss= 3146.0MB  (7817s)
step   675000/1200000  eps=0.150  episodes=  825  mean_return=1130.000  mean_loss=13.25333  mean_foundation= 10.0/52  lifetime_outcomes={'won': 292, 'stalled': 9, 'truncated': 524, 'other': 0}  rss= 3146.0MB  (7820s)
step   676000/1200000  eps=0.150  episodes=  826  mean_return=860.000  mean_loss=13.24676  mean_foundation= 11.0/52  lifetime_outcomes={'won': 292, 'stalled': 9, 'truncated': 525, 'other': 0}  rss= 3146.0MB  (7824s)
step   677000/1200000  eps=0.150  episodes=  827  mean_return=1910.000  mean_loss=12.44577  mean_foundation= 39.0/52  lifetime_outcomes={'won': 292, 'stalled': 9, 'truncated': 526, 'other': 0}  rss= 3146.0MB  (7828s)
step   678000/1200000  eps=0.150  episodes=  829  mean_return=4088.540  mean_loss=12.90117  mean_foundation= 33.5/52  lifetime_outcomes={'won': 293, 'stalled': 9, 'truncated': 527, 'other': 0}  rss= 3146.0MB  (7831s)
step   679000/1200000  eps=0.150  episodes=  831  mean_return=7025.075  mean_loss=13.10223  mean_foundation= 52.0/52  lifetime_outcomes={'won': 295, 'stalled': 9, 'truncated': 527, 'other': 0}  rss= 3146.0MB  (7835s)
step   680000/1200000  eps=0.150  episodes=  832  mean_return=7046.370  mean_loss=11.61558  mean_foundation= 52.0/52  lifetime_outcomes={'won': 296, 'stalled': 9, 'truncated': 527, 'other': 0}  rss= 3146.0MB  (7839s)
  EVAL  step   680000  win_rate=19.00%  mean_return=2200.536  mean_foundation= 21.4/52  mean_length=916.4  (greedy, 100 fixed deals)
step   681000/1200000  eps=0.150  episodes=  835  mean_return=5304.293  mean_loss=11.87634  mean_foundation= 45.3/52  lifetime_outcomes={'won': 298, 'stalled': 9, 'truncated': 528, 'other': 0}  rss= 3146.0MB  (7931s)
step   682000/1200000  eps=0.150  episodes=  836  mean_return=7043.510  mean_loss=12.44568  mean_foundation= 52.0/52  lifetime_outcomes={'won': 299, 'stalled': 9, 'truncated': 528, 'other': 0}  rss= 3146.0MB  (7934s)
step   683000/1200000  eps=0.150  episodes=  837  mean_return=1240.000  mean_loss=13.14298  mean_foundation= 11.0/52  lifetime_outcomes={'won': 299, 'stalled': 9, 'truncated': 529, 'other': 0}  rss= 3146.0MB  (7938s)
step   684000/1200000  eps=0.150  episodes=  839  mean_return=3832.880  mean_loss=12.37932  mean_foundation= 29.0/52  lifetime_outcomes={'won': 300, 'stalled': 9, 'truncated': 530, 'other': 0}  rss= 3146.0MB  (7941s)
step   685000/1200000  eps=0.150  episodes=  840  mean_return=320.000  mean_loss=12.42752  mean_foundation=  3.0/52  lifetime_outcomes={'won': 300, 'stalled': 9, 'truncated': 531, 'other': 0}  rss= 3146.0MB  (7945s)
step   686000/1200000  eps=0.150  episodes=  841  mean_return=1060.000  mean_loss=11.96478  mean_foundation=  8.0/52  lifetime_outcomes={'won': 300, 'stalled': 9, 'truncated': 532, 'other': 0}  rss= 3146.0MB  (7948s)
step   687000/1200000  eps=0.150  episodes=  842  mean_return=1450.000  mean_loss=11.83653  mean_foundation= 13.0/52  lifetime_outcomes={'won': 300, 'stalled': 9, 'truncated': 533, 'other': 0}  rss= 3146.0MB  (7952s)
step   688000/1200000  eps=0.150  episodes=  844  mean_return=7045.810  mean_loss=12.06234  mean_foundation= 52.0/52  lifetime_outcomes={'won': 302, 'stalled': 9, 'truncated': 533, 'other': 0}  rss= 3146.0MB  (7955s)
step   689000/1200000  eps=0.150  episodes=  845  mean_return=750.000  mean_loss=12.62303  mean_foundation=  7.0/52  lifetime_outcomes={'won': 302, 'stalled': 9, 'truncated': 534, 'other': 0}  rss= 3146.0MB  (7959s)
step   690000/1200000  eps=0.150  episodes=  846  mean_return=1030.000  mean_loss=12.62835  mean_foundation= 14.0/52  lifetime_outcomes={'won': 302, 'stalled': 9, 'truncated': 535, 'other': 0}  rss= 3146.0MB  (7962s)
  EVAL  step   690000  win_rate=32.00%  mean_return=2865.826  mean_foundation= 24.4/52  mean_length=817.4  (greedy, 100 fixed deals)
step   691000/1200000  eps=0.150  episodes=  847  mean_return=7046.510  mean_loss=12.50342  mean_foundation= 52.0/52  lifetime_outcomes={'won': 303, 'stalled': 9, 'truncated': 535, 'other': 0}  rss= 3146.2MB  (8045s)
step   692000/1200000  eps=0.150  episodes=  850  mean_return=5161.267  mean_loss=12.12782  mean_foundation= 43.3/52  lifetime_outcomes={'won': 305, 'stalled': 9, 'truncated': 536, 'other': 0}  rss= 3146.2MB  (8049s)
step   693000/1200000  eps=0.150  episodes=  851  mean_return=7046.210  mean_loss=11.73636  mean_foundation= 52.0/52  lifetime_outcomes={'won': 306, 'stalled': 9, 'truncated': 536, 'other': 0}  rss= 3146.2MB  (8052s)
step   694000/1200000  eps=0.150  episodes=  852  mean_return=1740.000  mean_loss=12.48310  mean_foundation= 22.0/52  lifetime_outcomes={'won': 306, 'stalled': 9, 'truncated': 537, 'other': 0}  rss= 3146.2MB  (8056s)
step   695000/1200000  eps=0.150  episodes=  853  mean_return=330.000  mean_loss=11.74068  mean_foundation=  3.0/52  lifetime_outcomes={'won': 306, 'stalled': 9, 'truncated': 538, 'other': 0}  rss= 3146.2MB  (8059s)
step   696000/1200000  eps=0.150  episodes=  855  mean_return=3922.070  mean_loss=12.17512  mean_foundation= 32.0/52  lifetime_outcomes={'won': 307, 'stalled': 9, 'truncated': 539, 'other': 0}  rss= 3146.2MB  (8063s)
step   697000/1200000  eps=0.150  episodes=  856  mean_return=590.000  mean_loss=12.71417  mean_foundation=  4.0/52  lifetime_outcomes={'won': 307, 'stalled': 9, 'truncated': 540, 'other': 0}  rss= 3146.2MB  (8067s)
step   698000/1200000  eps=0.150  episodes=  857  mean_return=710.000  mean_loss=11.95759  mean_foundation= 14.0/52  lifetime_outcomes={'won': 307, 'stalled': 9, 'truncated': 541, 'other': 0}  rss= 3146.2MB  (8070s)
step   699000/1200000  eps=0.150  episodes=  858  mean_return=7045.070  mean_loss=12.38776  mean_foundation= 52.0/52  lifetime_outcomes={'won': 308, 'stalled': 9, 'truncated': 541, 'other': 0}  rss= 3146.2MB  (8074s)
step   700000/1200000  eps=0.150  episodes=  860  mean_return=4012.710  mean_loss=11.80834  mean_foundation= 31.0/52  lifetime_outcomes={'won': 309, 'stalled': 9, 'truncated': 542, 'other': 0}  rss= 3146.2MB  (8077s)
  EVAL  step   700000  win_rate=25.00%  mean_return=2547.380  mean_foundation= 23.4/52  mean_length=902.0  (greedy, 100 fixed deals)
step   701000/1200000  eps=0.150  episodes=  861  mean_return=7042.530  mean_loss=12.23143  mean_foundation= 52.0/52  lifetime_outcomes={'won': 310, 'stalled': 9, 'truncated': 542, 'other': 0}  rss= 3146.2MB  (8169s)
step   702000/1200000  eps=0.150  episodes=  863  mean_return=3707.345  mean_loss=12.21296  mean_foundation= 30.5/52  lifetime_outcomes={'won': 311, 'stalled': 9, 'truncated': 543, 'other': 0}  rss= 3146.2MB  (8172s)
step   703000/1200000  eps=0.150  episodes=  864  mean_return=7040.360  mean_loss=12.44359  mean_foundation= 52.0/52  lifetime_outcomes={'won': 312, 'stalled': 9, 'truncated': 543, 'other': 0}  rss= 3146.2MB  (8176s)
step   704000/1200000  eps=0.150  episodes=  865  mean_return=1510.000  mean_loss=11.65495  mean_foundation= 31.0/52  lifetime_outcomes={'won': 312, 'stalled': 9, 'truncated': 544, 'other': 0}  rss= 3146.2MB  (8179s)
step   705000/1200000  eps=0.150  episodes=  866  mean_return=650.000  mean_loss=10.83812  mean_foundation=  8.0/52  lifetime_outcomes={'won': 312, 'stalled': 9, 'truncated': 545, 'other': 0}  rss= 3146.2MB  (8182s)
step   706000/1200000  eps=0.150  episodes=  867  mean_return=820.000  mean_loss=11.93018  mean_foundation=  5.0/52  lifetime_outcomes={'won': 312, 'stalled': 9, 'truncated': 546, 'other': 0}  rss= 3146.2MB  (8186s)
step   707000/1200000  eps=0.150  episodes=  868  mean_return=710.000  mean_loss=11.38880  mean_foundation= 12.0/52  lifetime_outcomes={'won': 312, 'stalled': 9, 'truncated': 547, 'other': 0}  rss= 3146.2MB  (8189s)
step   708000/1200000  eps=0.150  episodes=  869  mean_return=920.000  mean_loss=11.10279  mean_foundation= 12.0/52  lifetime_outcomes={'won': 312, 'stalled': 9, 'truncated': 548, 'other': 0}  rss= 3146.2MB  (8193s)
step   709000/1200000  eps=0.150  episodes=  870  mean_return=7044.080  mean_loss=11.46874  mean_foundation= 52.0/52  lifetime_outcomes={'won': 313, 'stalled': 9, 'truncated': 548, 'other': 0}  rss= 3146.2MB  (8196s)
step   710000/1200000  eps=0.150  episodes=  871  mean_return=1750.000  mean_loss=11.25027  mean_foundation= 38.0/52  lifetime_outcomes={'won': 313, 'stalled': 9, 'truncated': 549, 'other': 0}  rss= 3146.2MB  (8200s)
  EVAL  step   710000  win_rate=38.00%  mean_return=3210.082  mean_foundation= 27.2/52  mean_length=771.8  (greedy, 100 fixed deals)
step   711000/1200000  eps=0.150  episodes=  872  mean_return=990.000  mean_loss=11.20629  mean_foundation=  6.0/52  lifetime_outcomes={'won': 313, 'stalled': 9, 'truncated': 550, 'other': 0}  rss= 3146.2MB  (8277s)
step   712000/1200000  eps=0.150  episodes=  873  mean_return=1530.000  mean_loss=12.46719  mean_foundation= 26.0/52  lifetime_outcomes={'won': 313, 'stalled': 9, 'truncated': 551, 'other': 0}  rss= 3146.2MB  (8281s)
step   713000/1200000  eps=0.150  episodes=  874  mean_return=440.000  mean_loss=11.99462  mean_foundation=  6.0/52  lifetime_outcomes={'won': 313, 'stalled': 9, 'truncated': 552, 'other': 0}  rss= 3146.2MB  (8284s)
step   714000/1200000  eps=0.150  episodes=  875  mean_return=680.000  mean_loss=11.42616  mean_foundation=  5.0/52  lifetime_outcomes={'won': 313, 'stalled': 9, 'truncated': 553, 'other': 0}  rss= 3146.2MB  (8288s)
step   715000/1200000  eps=0.150  episodes=  876  mean_return=580.000  mean_loss=11.31957  mean_foundation=  4.0/52  lifetime_outcomes={'won': 313, 'stalled': 9, 'truncated': 554, 'other': 0}  rss= 3146.2MB  (8291s)
step   716000/1200000  eps=0.150  episodes=  877  mean_return=1480.000  mean_loss=11.92701  mean_foundation= 21.0/52  lifetime_outcomes={'won': 313, 'stalled': 9, 'truncated': 555, 'other': 0}  rss= 3146.2MB  (8295s)
step   717000/1200000  eps=0.150  episodes=  878  mean_return=790.000  mean_loss=10.66149  mean_foundation=  6.0/52  lifetime_outcomes={'won': 313, 'stalled': 9, 'truncated': 556, 'other': 0}  rss= 3146.2MB  (8298s)
step   718000/1200000  eps=0.150  episodes=  880  mean_return=4163.275  mean_loss=10.67592  mean_foundation= 36.5/52  lifetime_outcomes={'won': 314, 'stalled': 9, 'truncated': 557, 'other': 0}  rss= 3146.2MB  (8302s)
step   719000/1200000  eps=0.150  episodes=  882  mean_return=7044.490  mean_loss=12.19943  mean_foundation= 52.0/52  lifetime_outcomes={'won': 316, 'stalled': 9, 'truncated': 557, 'other': 0}  rss= 3146.2MB  (8305s)
step   720000/1200000  eps=0.150  episodes=  883  mean_return=1470.000  mean_loss=11.39764  mean_foundation= 20.0/52  lifetime_outcomes={'won': 316, 'stalled': 9, 'truncated': 558, 'other': 0}  rss= 3146.2MB  (8309s)
  EVAL  step   720000  win_rate=37.00%  mean_return=3191.565  mean_foundation= 27.3/52  mean_length=793.5  (greedy, 100 fixed deals)
step   721000/1200000  eps=0.150  episodes=  884  mean_return=1220.000  mean_loss=10.43613  mean_foundation= 15.0/52  lifetime_outcomes={'won': 316, 'stalled': 9, 'truncated': 559, 'other': 0}  rss= 3146.2MB  (8390s)
step   722000/1200000  eps=0.150  episodes=  885  mean_return=7043.150  mean_loss=10.13156  mean_foundation= 52.0/52  lifetime_outcomes={'won': 317, 'stalled': 9, 'truncated': 559, 'other': 0}  rss= 3146.2MB  (8394s)
step   723000/1200000  eps=0.150  episodes=  886  mean_return=7045.280  mean_loss=11.99276  mean_foundation= 52.0/52  lifetime_outcomes={'won': 318, 'stalled': 9, 'truncated': 559, 'other': 0}  rss= 3146.2MB  (8397s)
step   724000/1200000  eps=0.150  episodes=  888  mean_return=4121.900  mean_loss=11.17316  mean_foundation= 32.0/52  lifetime_outcomes={'won': 319, 'stalled': 9, 'truncated': 560, 'other': 0}  rss= 3146.2MB  (8401s)
step   725000/1200000  eps=0.150  episodes=  890  mean_return=7044.500  mean_loss=12.20110  mean_foundation= 52.0/52  lifetime_outcomes={'won': 321, 'stalled': 9, 'truncated': 560, 'other': 0}  rss= 3146.2MB  (8404s)
step   726000/1200000  eps=0.150  episodes=  891  mean_return=980.000  mean_loss=10.26636  mean_foundation=  6.0/52  lifetime_outcomes={'won': 321, 'stalled': 9, 'truncated': 561, 'other': 0}  rss= 3146.2MB  (8408s)
step   727000/1200000  eps=0.150  episodes=  892  mean_return=660.000  mean_loss=11.34179  mean_foundation=  9.0/52  lifetime_outcomes={'won': 321, 'stalled': 9, 'truncated': 562, 'other': 0}  rss= 3146.2MB  (8411s)
step   728000/1200000  eps=0.150  episodes=  893  mean_return=7046.220  mean_loss=11.55696  mean_foundation= 52.0/52  lifetime_outcomes={'won': 322, 'stalled': 9, 'truncated': 562, 'other': 0}  rss= 3146.2MB  (8415s)
step   729000/1200000  eps=0.150  episodes=  895  mean_return=3843.285  mean_loss=11.45172  mean_foundation= 30.5/52  lifetime_outcomes={'won': 323, 'stalled': 9, 'truncated': 563, 'other': 0}  rss= 3146.2MB  (8418s)
step   730000/1200000  eps=0.150  episodes=  896  mean_return=7044.330  mean_loss=11.36077  mean_foundation= 52.0/52  lifetime_outcomes={'won': 324, 'stalled': 9, 'truncated': 563, 'other': 0}  rss= 3146.2MB  (8422s)
  EVAL  step   730000  win_rate=26.00%  mean_return=2629.263  mean_foundation= 24.0/52  mean_length=893.7  (greedy, 100 fixed deals)
step   731000/1200000  eps=0.150  episodes=  897  mean_return=1690.000  mean_loss=11.47432  mean_foundation= 31.0/52  lifetime_outcomes={'won': 324, 'stalled': 9, 'truncated': 564, 'other': 0}  rss= 3146.2MB  (8510s)
step   732000/1200000  eps=0.150  episodes=  898  mean_return=660.000  mean_loss=11.07787  mean_foundation=  7.0/52  lifetime_outcomes={'won': 324, 'stalled': 9, 'truncated': 565, 'other': 0}  rss= 3146.2MB  (8514s)
step   733000/1200000  eps=0.150  episodes=  899  mean_return=1420.000  mean_loss=11.62453  mean_foundation= 10.0/52  lifetime_outcomes={'won': 324, 'stalled': 9, 'truncated': 566, 'other': 0}  rss= 3146.2MB  (8517s)
step   734000/1200000  eps=0.150  episodes=  901  mean_return=3963.170  mean_loss=11.68712  mean_foundation= 30.5/52  lifetime_outcomes={'won': 325, 'stalled': 9, 'truncated': 567, 'other': 0}  rss= 3146.2MB  (8521s)
step   735000/1200000  eps=0.150  episodes=  902  mean_return=330.000  mean_loss=10.43845  mean_foundation=  1.0/52  lifetime_outcomes={'won': 325, 'stalled': 9, 'truncated': 568, 'other': 0}  rss= 3146.2MB  (8525s)
step   736000/1200000  eps=0.150  episodes=  903  mean_return=1200.000  mean_loss=10.51810  mean_foundation= 10.0/52  lifetime_outcomes={'won': 325, 'stalled': 9, 'truncated': 569, 'other': 0}  rss= 3146.2MB  (8528s)
step   737000/1200000  eps=0.150  episodes=  904  mean_return=900.000  mean_loss=11.33964  mean_foundation= 11.0/52  lifetime_outcomes={'won': 325, 'stalled': 9, 'truncated': 570, 'other': 0}  rss= 3146.2MB  (8532s)
step   738000/1200000  eps=0.150  episodes=  905  mean_return=440.000  mean_loss=11.11547  mean_foundation=  0.0/52  lifetime_outcomes={'won': 325, 'stalled': 9, 'truncated': 571, 'other': 0}  rss= 3146.2MB  (8535s)
step   739000/1200000  eps=0.150  episodes=  906  mean_return=550.000  mean_loss=10.50701  mean_foundation=  4.0/52  lifetime_outcomes={'won': 325, 'stalled': 9, 'truncated': 572, 'other': 0}  rss= 3146.2MB  (8539s)
step   740000/1200000  eps=0.150  episodes=  907  mean_return=7042.010  mean_loss=11.57831  mean_foundation= 52.0/52  lifetime_outcomes={'won': 326, 'stalled': 9, 'truncated': 572, 'other': 0}  rss= 3146.2MB  (8542s)
  EVAL  step   740000  win_rate=29.00%  mean_return=2737.911  mean_foundation= 24.6/52  mean_length=848.9  (greedy, 100 fixed deals)
step   741000/1200000  eps=0.150  episodes=  908  mean_return=770.000  mean_loss=10.72090  mean_foundation=  7.0/52  lifetime_outcomes={'won': 326, 'stalled': 9, 'truncated': 573, 'other': 0}  rss= 3146.2MB  (8630s)
step   742000/1200000  eps=0.150  episodes=  909  mean_return=610.000  mean_loss=11.37714  mean_foundation=  6.0/52  lifetime_outcomes={'won': 326, 'stalled': 9, 'truncated': 574, 'other': 0}  rss= 3146.2MB  (8633s)
step   743000/1200000  eps=0.150  episodes=  910  mean_return=650.000  mean_loss=10.62727  mean_foundation=  3.0/52  lifetime_outcomes={'won': 326, 'stalled': 9, 'truncated': 575, 'other': 0}  rss= 3146.2MB  (8637s)
step   744000/1200000  eps=0.150  episodes=  911  mean_return=1430.000  mean_loss=10.82613  mean_foundation= 21.0/52  lifetime_outcomes={'won': 326, 'stalled': 9, 'truncated': 576, 'other': 0}  rss= 3146.2MB  (8640s)
step   745000/1200000  eps=0.150  episodes=  913  mean_return=7043.065  mean_loss=11.09813  mean_foundation= 52.0/52  lifetime_outcomes={'won': 328, 'stalled': 9, 'truncated': 576, 'other': 0}  rss= 3146.2MB  (8644s)
step   746000/1200000  eps=0.150  episodes=  914  mean_return=7042.160  mean_loss=11.37477  mean_foundation= 52.0/52  lifetime_outcomes={'won': 329, 'stalled': 9, 'truncated': 576, 'other': 0}  rss= 3146.2MB  (8647s)
step   747000/1200000  eps=0.150  episodes=  916  mean_return=3613.050  mean_loss=10.39978  mean_foundation= 28.0/52  lifetime_outcomes={'won': 330, 'stalled': 9, 'truncated': 577, 'other': 0}  rss= 3146.2MB  (8651s)
step   748000/1200000  eps=0.150  episodes=  917  mean_return=450.000  mean_loss=10.29100  mean_foundation=  6.0/52  lifetime_outcomes={'won': 330, 'stalled': 9, 'truncated': 578, 'other': 0}  rss= 3146.2MB  (8654s)
step   749000/1200000  eps=0.150  episodes=  918  mean_return=950.000  mean_loss=10.72406  mean_foundation= 16.0/52  lifetime_outcomes={'won': 330, 'stalled': 9, 'truncated': 579, 'other': 0}  rss= 3146.2MB  (8657s)
step   750000/1200000  eps=0.150  episodes=  919  mean_return=7042.360  mean_loss=11.47786  mean_foundation= 52.0/52  lifetime_outcomes={'won': 331, 'stalled': 9, 'truncated': 579, 'other': 0}  rss= 3146.2MB  (8661s)
  EVAL  step   750000  win_rate=34.00%  mean_return=2991.566  mean_foundation= 25.5/52  mean_length=793.4  (greedy, 100 fixed deals)
step   751000/1200000  eps=0.150  episodes=  920  mean_return=7042.580  mean_loss=11.28484  mean_foundation= 52.0/52  lifetime_outcomes={'won': 332, 'stalled': 9, 'truncated': 579, 'other': 0}  rss= 3146.2MB  (8739s)
step   752000/1200000  eps=0.150  episodes=  921  mean_return=440.000  mean_loss=11.28591  mean_foundation=  6.0/52  lifetime_outcomes={'won': 332, 'stalled': 9, 'truncated': 580, 'other': 0}  rss= 3146.2MB  (8743s)
step   753000/1200000  eps=0.150  episodes=  922  mean_return=840.000  mean_loss=10.98423  mean_foundation=  5.0/52  lifetime_outcomes={'won': 332, 'stalled': 9, 'truncated': 581, 'other': 0}  rss= 3146.2MB  (8747s)
step   754000/1200000  eps=0.150  episodes=  924  mean_return=3727.535  mean_loss= 9.88965  mean_foundation= 28.0/52  lifetime_outcomes={'won': 333, 'stalled': 9, 'truncated': 582, 'other': 0}  rss= 3146.2MB  (8751s)
step   755000/1200000  eps=0.150  episodes=  925  mean_return=1060.000  mean_loss=11.47674  mean_foundation= 14.0/52  lifetime_outcomes={'won': 333, 'stalled': 9, 'truncated': 583, 'other': 0}  rss= 3146.2MB  (8754s)
step   756000/1200000  eps=0.150  episodes=  926  mean_return=7046.640  mean_loss=10.67097  mean_foundation= 52.0/52  lifetime_outcomes={'won': 334, 'stalled': 9, 'truncated': 583, 'other': 0}  rss= 3146.2MB  (8758s)
step   757000/1200000  eps=0.150  episodes=  927  mean_return=1040.000  mean_loss=11.04023  mean_foundation= 14.0/52  lifetime_outcomes={'won': 334, 'stalled': 9, 'truncated': 584, 'other': 0}  rss= 3146.2MB  (8761s)
step   758000/1200000  eps=0.150  episodes=  929  mean_return=4426.300  mean_loss=10.51002  mean_foundation= 48.0/52  lifetime_outcomes={'won': 335, 'stalled': 9, 'truncated': 585, 'other': 0}  rss= 3146.2MB  (8765s)
step   759000/1200000  eps=0.150  episodes=  930  mean_return=7043.920  mean_loss= 9.94766  mean_foundation= 52.0/52  lifetime_outcomes={'won': 336, 'stalled': 9, 'truncated': 585, 'other': 0}  rss= 3146.2MB  (8769s)
step   760000/1200000  eps=0.150  episodes=  931  mean_return=600.000  mean_loss=11.01763  mean_foundation=  6.0/52  lifetime_outcomes={'won': 336, 'stalled': 9, 'truncated': 586, 'other': 0}  rss= 3146.2MB  (8772s)
  EVAL  step   760000  win_rate=30.00%  mean_return=2823.732  mean_foundation= 24.8/52  mean_length=846.8  (greedy, 100 fixed deals)
step   761000/1200000  eps=0.150  episodes=  932  mean_return=970.000  mean_loss=10.34217  mean_foundation=  9.0/52  lifetime_outcomes={'won': 336, 'stalled': 9, 'truncated': 587, 'other': 0}  rss= 3146.2MB  (8858s)
step   762000/1200000  eps=0.150  episodes=  933  mean_return=1260.000  mean_loss=10.76307  mean_foundation= 22.0/52  lifetime_outcomes={'won': 336, 'stalled': 9, 'truncated': 588, 'other': 0}  rss= 3146.2MB  (8862s)
step   763000/1200000  eps=0.150  episodes=  934  mean_return=370.000  mean_loss=11.40372  mean_foundation= 12.0/52  lifetime_outcomes={'won': 336, 'stalled': 9, 'truncated': 589, 'other': 0}  rss= 3146.2MB  (8866s)
step   764000/1200000  eps=0.150  episodes=  935  mean_return=690.000  mean_loss= 9.93263  mean_foundation=  5.0/52  lifetime_outcomes={'won': 336, 'stalled': 9, 'truncated': 590, 'other': 0}  rss= 3146.2MB  (8869s)
step   765000/1200000  eps=0.150  episodes=  936  mean_return=1040.000  mean_loss=10.04687  mean_foundation= 16.0/52  lifetime_outcomes={'won': 336, 'stalled': 9, 'truncated': 591, 'other': 0}  rss= 3146.2MB  (8873s)
step   766000/1200000  eps=0.150  episodes=  937  mean_return=330.000  mean_loss=10.39748  mean_foundation=  6.0/52  lifetime_outcomes={'won': 336, 'stalled': 9, 'truncated': 592, 'other': 0}  rss= 3146.2MB  (8876s)
step   767000/1200000  eps=0.150  episodes=  938  mean_return=7042.220  mean_loss=10.46794  mean_foundation= 52.0/52  lifetime_outcomes={'won': 337, 'stalled': 9, 'truncated': 592, 'other': 0}  rss= 3146.2MB  (8880s)
step   768000/1200000  eps=0.150  episodes=  940  mean_return=3777.925  mean_loss= 9.97624  mean_foundation= 30.0/52  lifetime_outcomes={'won': 338, 'stalled': 9, 'truncated': 593, 'other': 0}  rss= 3146.2MB  (8884s)
step   769000/1200000  eps=0.150  episodes=  941  mean_return=7045.720  mean_loss=10.29998  mean_foundation= 52.0/52  lifetime_outcomes={'won': 339, 'stalled': 9, 'truncated': 593, 'other': 0}  rss= 3146.2MB  (8887s)
step   770000/1200000  eps=0.150  episodes=  943  mean_return=4132.625  mean_loss= 9.57654  mean_foundation= 34.5/52  lifetime_outcomes={'won': 340, 'stalled': 9, 'truncated': 594, 'other': 0}  rss= 3146.2MB  (8891s)
  EVAL  step   770000  win_rate=29.00%  mean_return=2736.402  mean_foundation= 23.9/52  mean_length=859.8  (greedy, 100 fixed deals)
step   771000/1200000  eps=0.150  episodes=  944  mean_return=7041.860  mean_loss= 9.66779  mean_foundation= 52.0/52  lifetime_outcomes={'won': 341, 'stalled': 9, 'truncated': 594, 'other': 0}  rss= 3146.2MB  (8976s)
step   772000/1200000  eps=0.150  episodes=  945  mean_return=230.000  mean_loss= 9.32360  mean_foundation=  6.0/52  lifetime_outcomes={'won': 341, 'stalled': 9, 'truncated': 595, 'other': 0}  rss= 3146.2MB  (8979s)
step   773000/1200000  eps=0.150  episodes=  946  mean_return=350.000  mean_loss= 9.74157  mean_foundation=  6.0/52  lifetime_outcomes={'won': 341, 'stalled': 9, 'truncated': 596, 'other': 0}  rss= 3146.2MB  (8983s)
step   774000/1200000  eps=0.150  episodes=  947  mean_return=430.000  mean_loss=10.72315  mean_foundation=  5.0/52  lifetime_outcomes={'won': 341, 'stalled': 9, 'truncated': 597, 'other': 0}  rss= 3146.2MB  (8987s)
step   775000/1200000  eps=0.150  episodes=  949  mean_return=3967.240  mean_loss= 9.96453  mean_foundation= 31.0/52  lifetime_outcomes={'won': 342, 'stalled': 9, 'truncated': 598, 'other': 0}  rss= 3146.2MB  (8991s)
step   776000/1200000  eps=0.150  episodes=  950  mean_return=1360.000  mean_loss=10.17144  mean_foundation=  9.0/52  lifetime_outcomes={'won': 342, 'stalled': 9, 'truncated': 599, 'other': 0}  rss= 3146.2MB  (8994s)
step   777000/1200000  eps=0.150  episodes=  951  mean_return=740.000  mean_loss=10.58552  mean_foundation=  2.0/52  lifetime_outcomes={'won': 342, 'stalled': 9, 'truncated': 600, 'other': 0}  rss= 3146.2MB  (8998s)
step   778000/1200000  eps=0.150  episodes=  952  mean_return=7042.630  mean_loss=10.27628  mean_foundation= 52.0/52  lifetime_outcomes={'won': 343, 'stalled': 9, 'truncated': 600, 'other': 0}  rss= 3146.2MB  (9002s)
step   779000/1200000  eps=0.150  episodes=  953  mean_return=1040.000  mean_loss= 9.80963  mean_foundation= 11.0/52  lifetime_outcomes={'won': 343, 'stalled': 9, 'truncated': 601, 'other': 0}  rss= 3146.2MB  (9005s)
step   780000/1200000  eps=0.150  episodes=  954  mean_return=7045.060  mean_loss= 9.60214  mean_foundation= 52.0/52  lifetime_outcomes={'won': 344, 'stalled': 9, 'truncated': 601, 'other': 0}  rss= 3146.2MB  (9009s)
  EVAL  step   780000  win_rate=29.00%  mean_return=2740.247  mean_foundation= 24.3/52  mean_length=865.4  (greedy, 100 fixed deals)
step   781000/1200000  eps=0.150  episodes=  955  mean_return=1190.000  mean_loss= 9.46291  mean_foundation= 21.0/52  lifetime_outcomes={'won': 344, 'stalled': 9, 'truncated': 602, 'other': 0}  rss= 3146.2MB  (9097s)
step   782000/1200000  eps=0.150  episodes=  957  mean_return=3667.900  mean_loss= 9.92369  mean_foundation= 27.0/52  lifetime_outcomes={'won': 345, 'stalled': 9, 'truncated': 603, 'other': 0}  rss= 3146.2MB  (9101s)
step   783000/1200000  eps=0.150  episodes=  958  mean_return=930.000  mean_loss= 9.31595  mean_foundation= 10.0/52  lifetime_outcomes={'won': 345, 'stalled': 9, 'truncated': 604, 'other': 0}  rss= 3146.2MB  (9104s)
step   784000/1200000  eps=0.150  episodes=  959  mean_return=7045.260  mean_loss= 9.56989  mean_foundation= 52.0/52  lifetime_outcomes={'won': 346, 'stalled': 9, 'truncated': 604, 'other': 0}  rss= 3146.2MB  (9108s)
step   785000/1200000  eps=0.150  episodes=  960  mean_return=210.000  mean_loss=10.26197  mean_foundation=  2.0/52  lifetime_outcomes={'won': 346, 'stalled': 9, 'truncated': 605, 'other': 0}  rss= 3146.2MB  (9111s)
step   786000/1200000  eps=0.150  episodes=  962  mean_return=4266.345  mean_loss=10.00373  mean_foundation= 39.0/52  lifetime_outcomes={'won': 347, 'stalled': 9, 'truncated': 606, 'other': 0}  rss= 3146.2MB  (9115s)
step   787000/1200000  eps=0.150  episodes=  963  mean_return=830.000  mean_loss= 9.63090  mean_foundation=  4.0/52  lifetime_outcomes={'won': 347, 'stalled': 9, 'truncated': 607, 'other': 0}  rss= 3146.2MB  (9119s)
step   788000/1200000  eps=0.150  episodes=  964  mean_return=720.000  mean_loss=10.15687  mean_foundation=  9.0/52  lifetime_outcomes={'won': 347, 'stalled': 9, 'truncated': 608, 'other': 0}  rss= 3146.2MB  (9122s)
step   789000/1200000  eps=0.150  episodes=  965  mean_return=7045.860  mean_loss= 9.39952  mean_foundation= 52.0/52  lifetime_outcomes={'won': 348, 'stalled': 9, 'truncated': 608, 'other': 0}  rss= 3146.2MB  (9126s)
step   790000/1200000  eps=0.150  episodes=  966  mean_return=1090.000  mean_loss= 9.54042  mean_foundation=  6.0/52  lifetime_outcomes={'won': 348, 'stalled': 9, 'truncated': 609, 'other': 0}  rss= 3146.2MB  (9129s)
  EVAL  step   790000  win_rate=29.00%  mean_return=2700.898  mean_foundation= 23.6/52  mean_length=830.2  (greedy, 100 fixed deals)
step   791000/1200000  eps=0.150  episodes=  967  mean_return=1750.000  mean_loss= 9.28048  mean_foundation= 38.0/52  lifetime_outcomes={'won': 348, 'stalled': 9, 'truncated': 610, 'other': 0}  rss= 3146.2MB  (9211s)
step   792000/1200000  eps=0.150  episodes=  968  mean_return=590.000  mean_loss= 9.49510  mean_foundation=  6.0/52  lifetime_outcomes={'won': 348, 'stalled': 9, 'truncated': 611, 'other': 0}  rss= 3146.2MB  (9214s)
step   793000/1200000  eps=0.150  episodes=  969  mean_return=630.000  mean_loss=10.05106  mean_foundation=  9.0/52  lifetime_outcomes={'won': 348, 'stalled': 9, 'truncated': 612, 'other': 0}  rss= 3146.2MB  (9218s)
step   794000/1200000  eps=0.150  episodes=  970  mean_return=1110.000  mean_loss= 8.80441  mean_foundation= 13.0/52  lifetime_outcomes={'won': 348, 'stalled': 9, 'truncated': 613, 'other': 0}  rss= 3146.2MB  (9222s)
step   795000/1200000  eps=0.150  episodes=  971  mean_return=1710.000  mean_loss= 8.82732  mean_foundation= 31.0/52  lifetime_outcomes={'won': 348, 'stalled': 9, 'truncated': 614, 'other': 0}  rss= 3146.2MB  (9225s)
step   796000/1200000  eps=0.150  episodes=  972  mean_return=1300.000  mean_loss= 9.42756  mean_foundation=  8.0/52  lifetime_outcomes={'won': 348, 'stalled': 9, 'truncated': 615, 'other': 0}  rss= 3146.2MB  (9229s)
step   797000/1200000  eps=0.150  episodes=  973  mean_return=1360.000  mean_loss= 9.40800  mean_foundation= 21.0/52  lifetime_outcomes={'won': 348, 'stalled': 9, 'truncated': 616, 'other': 0}  rss= 3146.2MB  (9232s)
step   798000/1200000  eps=0.150  episodes=  974  mean_return=1080.000  mean_loss= 9.68363  mean_foundation= 12.0/52  lifetime_outcomes={'won': 348, 'stalled': 9, 'truncated': 617, 'other': 0}  rss= 3146.2MB  (9236s)
step   799000/1200000  eps=0.150  episodes=  975  mean_return=410.000  mean_loss= 9.49660  mean_foundation=  7.0/52  lifetime_outcomes={'won': 348, 'stalled': 9, 'truncated': 618, 'other': 0}  rss= 3146.2MB  (9239s)
step   800000/1200000  eps=0.150  episodes=  976  mean_return=590.000  mean_loss= 8.92520  mean_foundation=  5.0/52  lifetime_outcomes={'won': 348, 'stalled': 9, 'truncated': 619, 'other': 0}  rss= 3146.2MB  (9243s)
  EVAL  step   800000  win_rate=35.00%  mean_return=3033.912  mean_foundation= 24.8/52  mean_length=798.8  (greedy, 100 fixed deals)
step   801000/1200000  eps=0.150  episodes=  977  mean_return=7040.420  mean_loss= 8.86598  mean_foundation= 52.0/52  lifetime_outcomes={'won': 349, 'stalled': 9, 'truncated': 619, 'other': 0}  rss= 3146.2MB  (9325s)
step   802000/1200000  eps=0.150  episodes=  978  mean_return=550.000  mean_loss= 9.56361  mean_foundation=  2.0/52  lifetime_outcomes={'won': 349, 'stalled': 9, 'truncated': 620, 'other': 0}  rss= 3146.2MB  (9329s)
step   803000/1200000  eps=0.150  episodes=  980  mean_return=3927.975  mean_loss= 8.79817  mean_foundation= 30.0/52  lifetime_outcomes={'won': 350, 'stalled': 9, 'truncated': 621, 'other': 0}  rss= 3146.2MB  (9332s)
step   804000/1200000  eps=0.150  episodes=  981  mean_return=970.000  mean_loss= 8.75358  mean_foundation= 11.0/52  lifetime_outcomes={'won': 350, 'stalled': 9, 'truncated': 622, 'other': 0}  rss= 3146.2MB  (9336s)
step   805000/1200000  eps=0.150  episodes=  982  mean_return=700.000  mean_loss= 9.73081  mean_foundation=  6.0/52  lifetime_outcomes={'won': 350, 'stalled': 9, 'truncated': 623, 'other': 0}  rss= 3146.2MB  (9339s)
step   806000/1200000  eps=0.150  episodes=  984  mean_return=3678.095  mean_loss= 9.51729  mean_foundation= 28.5/52  lifetime_outcomes={'won': 351, 'stalled': 9, 'truncated': 624, 'other': 0}  rss= 3146.2MB  (9343s)
step   807000/1200000  eps=0.150  episodes=  985  mean_return=7045.220  mean_loss= 9.21443  mean_foundation= 52.0/52  lifetime_outcomes={'won': 352, 'stalled': 9, 'truncated': 624, 'other': 0}  rss= 3146.2MB  (9347s)
step   808000/1200000  eps=0.150  episodes=  986  mean_return=790.000  mean_loss= 9.30517  mean_foundation= 12.0/52  lifetime_outcomes={'won': 352, 'stalled': 9, 'truncated': 625, 'other': 0}  rss= 3146.2MB  (9350s)
step   809000/1200000  eps=0.150  episodes=  987  mean_return=850.000  mean_loss= 8.93608  mean_foundation= 10.0/52  lifetime_outcomes={'won': 352, 'stalled': 9, 'truncated': 626, 'other': 0}  rss= 3146.2MB  (9354s)
step   810000/1200000  eps=0.150  episodes=  988  mean_return=1230.000  mean_loss= 8.32648  mean_foundation= 20.0/52  lifetime_outcomes={'won': 352, 'stalled': 9, 'truncated': 627, 'other': 0}  rss= 3146.2MB  (9357s)
  EVAL  step   810000  win_rate=27.00%  mean_return=2648.644  mean_foundation= 24.2/52  mean_length=875.6  (greedy, 100 fixed deals)
step   811000/1200000  eps=0.150  episodes=  989  mean_return=1620.000  mean_loss= 8.51036  mean_foundation= 30.0/52  lifetime_outcomes={'won': 352, 'stalled': 9, 'truncated': 628, 'other': 0}  rss= 3146.2MB  (9442s)
step   812000/1200000  eps=0.150  episodes=  991  mean_return=4212.440  mean_loss= 9.18592  mean_foundation= 31.0/52  lifetime_outcomes={'won': 353, 'stalled': 9, 'truncated': 629, 'other': 0}  rss= 3146.2MB  (9446s)
step   813000/1200000  eps=0.150  episodes=  992  mean_return=1450.000  mean_loss= 9.35190  mean_foundation= 15.0/52  lifetime_outcomes={'won': 353, 'stalled': 9, 'truncated': 630, 'other': 0}  rss= 3146.2MB  (9450s)
step   814000/1200000  eps=0.150  episodes=  993  mean_return=470.000  mean_loss= 7.87147  mean_foundation=  4.0/52  lifetime_outcomes={'won': 353, 'stalled': 9, 'truncated': 631, 'other': 0}  rss= 3146.2MB  (9453s)
step   815000/1200000  eps=0.150  episodes=  994  mean_return=770.000  mean_loss= 8.72889  mean_foundation= 13.0/52  lifetime_outcomes={'won': 353, 'stalled': 9, 'truncated': 632, 'other': 0}  rss= 3146.2MB  (9457s)
step   816000/1200000  eps=0.150  episodes=  995  mean_return=430.000  mean_loss= 8.33225  mean_foundation=  9.0/52  lifetime_outcomes={'won': 353, 'stalled': 9, 'truncated': 633, 'other': 0}  rss= 3146.2MB  (9461s)
step   817000/1200000  eps=0.150  episodes=  996  mean_return=7045.870  mean_loss= 9.42304  mean_foundation= 52.0/52  lifetime_outcomes={'won': 354, 'stalled': 9, 'truncated': 633, 'other': 0}  rss= 3146.2MB  (9465s)
step   818000/1200000  eps=0.150  episodes=  997  mean_return=1240.000  mean_loss= 8.10478  mean_foundation=  6.0/52  lifetime_outcomes={'won': 354, 'stalled': 9, 'truncated': 634, 'other': 0}  rss= 3146.2MB  (9468s)
step   819000/1200000  eps=0.150  episodes=  998  mean_return=1640.000  mean_loss= 8.54889  mean_foundation= 32.0/52  lifetime_outcomes={'won': 354, 'stalled': 9, 'truncated': 635, 'other': 0}  rss= 3146.2MB  (9472s)
step   820000/1200000  eps=0.150  episodes=  999  mean_return=470.000  mean_loss= 8.45941  mean_foundation=  8.0/52  lifetime_outcomes={'won': 354, 'stalled': 9, 'truncated': 636, 'other': 0}  rss= 3146.2MB  (9475s)
  EVAL  step   820000  win_rate=28.00%  mean_return=2673.419  mean_foundation= 23.4/52  mean_length=868.1  (greedy, 100 fixed deals)
step   821000/1200000  eps=0.150  episodes= 1000  mean_return=1560.000  mean_loss= 7.64562  mean_foundation= 21.0/52  lifetime_outcomes={'won': 354, 'stalled': 9, 'truncated': 637, 'other': 0}  rss= 3146.2MB  (9563s)
step   822000/1200000  eps=0.150  episodes= 1001  mean_return=7042.250  mean_loss= 8.34866  mean_foundation= 52.0/52  lifetime_outcomes={'won': 355, 'stalled': 9, 'truncated': 637, 'other': 0}  rss= 3146.2MB  (9567s)
step   823000/1200000  eps=0.150  episodes= 1002  mean_return=1150.000  mean_loss= 8.80443  mean_foundation=  8.0/52  lifetime_outcomes={'won': 355, 'stalled': 9, 'truncated': 638, 'other': 0}  rss= 3146.2MB  (9570s)
step   824000/1200000  eps=0.150  episodes= 1003  mean_return=1440.000  mean_loss= 8.56649  mean_foundation= 10.0/52  lifetime_outcomes={'won': 355, 'stalled': 9, 'truncated': 639, 'other': 0}  rss= 3146.2MB  (9574s)
step   825000/1200000  eps=0.150  episodes= 1005  mean_return=4171.805  mean_loss= 8.44857  mean_foundation= 32.0/52  lifetime_outcomes={'won': 356, 'stalled': 9, 'truncated': 640, 'other': 0}  rss= 3146.2MB  (9577s)
step   826000/1200000  eps=0.150  episodes= 1007  mean_return=7043.870  mean_loss= 8.52117  mean_foundation= 52.0/52  lifetime_outcomes={'won': 358, 'stalled': 9, 'truncated': 640, 'other': 0}  rss= 3146.2MB  (9581s)
step   827000/1200000  eps=0.150  episodes= 1008  mean_return=7046.130  mean_loss= 7.67803  mean_foundation= 52.0/52  lifetime_outcomes={'won': 359, 'stalled': 9, 'truncated': 640, 'other': 0}  rss= 3146.2MB  (9585s)
step   828000/1200000  eps=0.150  episodes= 1009  mean_return=990.000  mean_loss= 8.22596  mean_foundation=  6.0/52  lifetime_outcomes={'won': 359, 'stalled': 9, 'truncated': 641, 'other': 0}  rss= 3146.2MB  (9588s)
step   829000/1200000  eps=0.150  episodes= 1011  mean_return=4203.010  mean_loss= 8.65905  mean_foundation= 35.0/52  lifetime_outcomes={'won': 360, 'stalled': 9, 'truncated': 642, 'other': 0}  rss= 3146.2MB  (9591s)
step   830000/1200000  eps=0.150  episodes= 1012  mean_return=900.000  mean_loss= 7.79983  mean_foundation=  6.0/52  lifetime_outcomes={'won': 360, 'stalled': 9, 'truncated': 643, 'other': 0}  rss= 3146.2MB  (9595s)
  EVAL  step   830000  win_rate=27.00%  mean_return=2573.197  mean_foundation= 22.9/52  mean_length=850.3  (greedy, 100 fixed deals)
step   831000/1200000  eps=0.150  episodes= 1014  mean_return=4148.750  mean_loss= 7.90456  mean_foundation= 34.5/52  lifetime_outcomes={'won': 361, 'stalled': 9, 'truncated': 644, 'other': 0}  rss= 3146.2MB  (9678s)
step   832000/1200000  eps=0.150  episodes= 1015  mean_return=410.000  mean_loss= 8.04854  mean_foundation=  2.0/52  lifetime_outcomes={'won': 361, 'stalled': 9, 'truncated': 645, 'other': 0}  rss= 3146.2MB  (9681s)
step   833000/1200000  eps=0.150  episodes= 1016  mean_return=7046.360  mean_loss= 8.70516  mean_foundation= 52.0/52  lifetime_outcomes={'won': 362, 'stalled': 9, 'truncated': 645, 'other': 0}  rss= 3146.2MB  (9685s)
step   834000/1200000  eps=0.150  episodes= 1018  mean_return=7044.690  mean_loss= 7.55187  mean_foundation= 52.0/52  lifetime_outcomes={'won': 364, 'stalled': 9, 'truncated': 645, 'other': 0}  rss= 3146.2MB  (9688s)
step   835000/1200000  eps=0.150  episodes= 1019  mean_return=7042.140  mean_loss= 7.99321  mean_foundation= 52.0/52  lifetime_outcomes={'won': 365, 'stalled': 9, 'truncated': 645, 'other': 0}  rss= 3146.2MB  (9692s)
step   836000/1200000  eps=0.150  episodes= 1020  mean_return=750.000  mean_loss= 8.38936  mean_foundation= 10.0/52  lifetime_outcomes={'won': 365, 'stalled': 9, 'truncated': 646, 'other': 0}  rss= 3146.2MB  (9696s)
step   837000/1200000  eps=0.150  episodes= 1022  mean_return=3738.045  mean_loss= 7.37308  mean_foundation= 27.5/52  lifetime_outcomes={'won': 366, 'stalled': 9, 'truncated': 647, 'other': 0}  rss= 3146.2MB  (9699s)
step   838000/1200000  eps=0.150  episodes= 1023  mean_return=980.000  mean_loss= 8.33471  mean_foundation= 12.0/52  lifetime_outcomes={'won': 366, 'stalled': 9, 'truncated': 648, 'other': 0}  rss= 3146.2MB  (9703s)
step   839000/1200000  eps=0.150  episodes= 1024  mean_return=7003.590  mean_loss= 7.95304  mean_foundation= 52.0/52  lifetime_outcomes={'won': 367, 'stalled': 9, 'truncated': 648, 'other': 0}  rss= 3146.2MB  (9706s)
step   840000/1200000  eps=0.150  episodes= 1025  mean_return=750.000  mean_loss= 7.49966  mean_foundation=  9.0/52  lifetime_outcomes={'won': 367, 'stalled': 9, 'truncated': 649, 'other': 0}  rss= 3146.2MB  (9710s)
  EVAL  step   840000  win_rate=37.00%  mean_return=3186.719  mean_foundation= 26.6/52  mean_length=848.1  (greedy, 100 fixed deals)
step   841000/1200000  eps=0.150  episodes= 1026  mean_return=1810.000  mean_loss= 7.54196  mean_foundation= 29.0/52  lifetime_outcomes={'won': 367, 'stalled': 9, 'truncated': 650, 'other': 0}  rss= 3153.7MB  (9794s)
step   842000/1200000  eps=0.150  episodes= 1027  mean_return=920.000  mean_loss= 7.66794  mean_foundation=  6.0/52  lifetime_outcomes={'won': 367, 'stalled': 9, 'truncated': 651, 'other': 0}  rss= 3153.7MB  (9798s)
step   843000/1200000  eps=0.150  episodes= 1028  mean_return=480.000  mean_loss= 7.02387  mean_foundation=  9.0/52  lifetime_outcomes={'won': 367, 'stalled': 9, 'truncated': 652, 'other': 0}  rss= 3153.7MB  (9801s)
step   844000/1200000  eps=0.150  episodes= 1030  mean_return=3837.305  mean_loss= 7.58428  mean_foundation= 33.5/52  lifetime_outcomes={'won': 368, 'stalled': 9, 'truncated': 653, 'other': 0}  rss= 3153.7MB  (9805s)
step   845000/1200000  eps=0.150  episodes= 1032  mean_return=7026.725  mean_loss= 7.75519  mean_foundation= 52.0/52  lifetime_outcomes={'won': 370, 'stalled': 9, 'truncated': 653, 'other': 0}  rss= 3153.7MB  (9808s)
step   846000/1200000  eps=0.150  episodes= 1033  mean_return=7003.710  mean_loss= 7.80374  mean_foundation= 52.0/52  lifetime_outcomes={'won': 371, 'stalled': 9, 'truncated': 653, 'other': 0}  rss= 3153.7MB  (9812s)
step   847000/1200000  eps=0.150  episodes= 1035  mean_return=4080.585  mean_loss= 7.49251  mean_foundation= 33.0/52  lifetime_outcomes={'won': 372, 'stalled': 9, 'truncated': 654, 'other': 0}  rss= 3153.7MB  (9815s)
step   848000/1200000  eps=0.150  episodes= 1036  mean_return=800.000  mean_loss= 7.36266  mean_foundation=  6.0/52  lifetime_outcomes={'won': 372, 'stalled': 9, 'truncated': 655, 'other': 0}  rss= 3153.7MB  (9819s)
step   849000/1200000  eps=0.150  episodes= 1037  mean_return=7047.310  mean_loss= 7.24936  mean_foundation= 52.0/52  lifetime_outcomes={'won': 373, 'stalled': 9, 'truncated': 655, 'other': 0}  rss= 3153.7MB  (9822s)
step   850000/1200000  eps=0.150  episodes= 1038  mean_return=1100.000  mean_loss= 7.45919  mean_foundation= 15.0/52  lifetime_outcomes={'won': 373, 'stalled': 9, 'truncated': 656, 'other': 0}  rss= 3153.7MB  (9826s)
  EVAL  step   850000  win_rate=27.00%  mean_return=2646.275  mean_foundation= 24.3/52  mean_length=882.5  (greedy, 100 fixed deals)
step   851000/1200000  eps=0.150  episodes= 1039  mean_return=1390.000  mean_loss= 6.87649  mean_foundation= 22.0/52  lifetime_outcomes={'won': 373, 'stalled': 9, 'truncated': 657, 'other': 0}  rss= 3153.7MB  (9912s)
step   852000/1200000  eps=0.150  episodes= 1041  mean_return=3792.375  mean_loss= 7.40547  mean_foundation= 32.5/52  lifetime_outcomes={'won': 374, 'stalled': 9, 'truncated': 658, 'other': 0}  rss= 3153.7MB  (9915s)
step   853000/1200000  eps=0.150  episodes= 1042  mean_return=1650.000  mean_loss= 7.03034  mean_foundation= 28.0/52  lifetime_outcomes={'won': 374, 'stalled': 9, 'truncated': 659, 'other': 0}  rss= 3153.7MB  (9918s)
step   854000/1200000  eps=0.150  episodes= 1043  mean_return=1160.000  mean_loss= 7.64165  mean_foundation=  8.0/52  lifetime_outcomes={'won': 374, 'stalled': 9, 'truncated': 660, 'other': 0}  rss= 3153.7MB  (9922s)
step   855000/1200000  eps=0.150  episodes= 1044  mean_return=7042.550  mean_loss= 7.10854  mean_foundation= 52.0/52  lifetime_outcomes={'won': 375, 'stalled': 9, 'truncated': 660, 'other': 0}  rss= 3153.7MB  (9925s)
step   856000/1200000  eps=0.150  episodes= 1046  mean_return=3938.125  mean_loss= 6.97006  mean_foundation= 31.0/52  lifetime_outcomes={'won': 376, 'stalled': 9, 'truncated': 661, 'other': 0}  rss= 3153.7MB  (9929s)
step   857000/1200000  eps=0.150  episodes= 1047  mean_return=630.000  mean_loss= 7.44934  mean_foundation=  4.0/52  lifetime_outcomes={'won': 376, 'stalled': 9, 'truncated': 662, 'other': 0}  rss= 3153.7MB  (9933s)
step   858000/1200000  eps=0.150  episodes= 1048  mean_return=650.000  mean_loss= 7.02595  mean_foundation= 13.0/52  lifetime_outcomes={'won': 376, 'stalled': 9, 'truncated': 663, 'other': 0}  rss= 3153.7MB  (9936s)
step   859000/1200000  eps=0.150  episodes= 1049  mean_return=7044.430  mean_loss= 6.73296  mean_foundation= 52.0/52  lifetime_outcomes={'won': 377, 'stalled': 9, 'truncated': 663, 'other': 0}  rss= 3153.7MB  (9940s)
step   860000/1200000  eps=0.150  episodes= 1050  mean_return=390.000  mean_loss= 6.28808  mean_foundation=  7.0/52  lifetime_outcomes={'won': 377, 'stalled': 9, 'truncated': 664, 'other': 0}  rss= 3153.7MB  (9944s)
  EVAL  step   860000  win_rate=26.00%  mean_return=2599.626  mean_foundation= 23.6/52  mean_length=897.4  (greedy, 100 fixed deals)
step   861000/1200000  eps=0.150  episodes= 1051  mean_return=800.000  mean_loss= 6.80372  mean_foundation=  7.0/52  lifetime_outcomes={'won': 377, 'stalled': 9, 'truncated': 665, 'other': 0}  rss= 3153.7MB  (10036s)
step   862000/1200000  eps=0.150  episodes= 1052  mean_return=470.000  mean_loss= 6.98770  mean_foundation=  2.0/52  lifetime_outcomes={'won': 377, 'stalled': 9, 'truncated': 666, 'other': 0}  rss= 3153.7MB  (10039s)
step   863000/1200000  eps=0.150  episodes= 1053  mean_return=900.000  mean_loss= 6.50599  mean_foundation= 11.0/52  lifetime_outcomes={'won': 377, 'stalled': 9, 'truncated': 667, 'other': 0}  rss= 3153.7MB  (10043s)
step   864000/1200000  eps=0.150  episodes= 1054  mean_return=1120.000  mean_loss= 6.44446  mean_foundation=  8.0/52  lifetime_outcomes={'won': 377, 'stalled': 9, 'truncated': 668, 'other': 0}  rss= 3153.7MB  (10046s)
step   865000/1200000  eps=0.150  episodes= 1056  mean_return=3787.755  mean_loss= 6.77541  mean_foundation= 29.0/52  lifetime_outcomes={'won': 378, 'stalled': 9, 'truncated': 669, 'other': 0}  rss= 3153.7MB  (10050s)
step   866000/1200000  eps=0.150  episodes= 1057  mean_return=360.000  mean_loss= 6.14298  mean_foundation=  3.0/52  lifetime_outcomes={'won': 378, 'stalled': 9, 'truncated': 670, 'other': 0}  rss= 3153.7MB  (10054s)
step   867000/1200000  eps=0.150  episodes= 1058  mean_return=850.000  mean_loss= 6.45027  mean_foundation= 10.0/52  lifetime_outcomes={'won': 378, 'stalled': 9, 'truncated': 671, 'other': 0}  rss= 3153.7MB  (10057s)
step   868000/1200000  eps=0.150  episodes= 1059  mean_return=1140.000  mean_loss= 6.33670  mean_foundation=  8.0/52  lifetime_outcomes={'won': 378, 'stalled': 9, 'truncated': 672, 'other': 0}  rss= 3153.7MB  (10061s)
step   869000/1200000  eps=0.150  episodes= 1060  mean_return=1000.000  mean_loss= 6.64491  mean_foundation=  7.0/52  lifetime_outcomes={'won': 378, 'stalled': 9, 'truncated': 673, 'other': 0}  rss= 3153.7MB  (10064s)
step   870000/1200000  eps=0.150  episodes= 1061  mean_return=7044.730  mean_loss= 6.22758  mean_foundation= 52.0/52  lifetime_outcomes={'won': 379, 'stalled': 9, 'truncated': 673, 'other': 0}  rss= 3153.7MB  (10068s)
  EVAL  step   870000  win_rate=29.00%  mean_return=2692.214  mean_foundation= 23.6/52  mean_length=868.6  (greedy, 100 fixed deals)
step   871000/1200000  eps=0.150  episodes= 1064  mean_return=2728.603  mean_loss= 6.84507  mean_foundation= 21.3/52  lifetime_outcomes={'won': 380, 'stalled': 10, 'truncated': 674, 'other': 0}  rss= 3153.7MB  (10153s)
step   872000/1200000  eps=0.150  episodes= 1065  mean_return=460.000  mean_loss= 6.49583  mean_foundation= 11.0/52  lifetime_outcomes={'won': 380, 'stalled': 10, 'truncated': 675, 'other': 0}  rss= 3153.7MB  (10156s)
step   873000/1200000  eps=0.150  episodes= 1066  mean_return=7042.510  mean_loss= 6.72990  mean_foundation= 52.0/52  lifetime_outcomes={'won': 381, 'stalled': 10, 'truncated': 675, 'other': 0}  rss= 3153.7MB  (10160s)
step   874000/1200000  eps=0.150  episodes= 1067  mean_return=690.000  mean_loss= 6.42539  mean_foundation=  5.0/52  lifetime_outcomes={'won': 381, 'stalled': 10, 'truncated': 676, 'other': 0}  rss= 3153.7MB  (10164s)
step   875000/1200000  eps=0.150  episodes= 1068  mean_return=1830.000  mean_loss= 6.13956  mean_foundation= 31.0/52  lifetime_outcomes={'won': 381, 'stalled': 10, 'truncated': 677, 'other': 0}  rss= 3153.7MB  (10167s)
step   876000/1200000  eps=0.150  episodes= 1069  mean_return=980.000  mean_loss= 6.28664  mean_foundation=  7.0/52  lifetime_outcomes={'won': 381, 'stalled': 10, 'truncated': 678, 'other': 0}  rss= 3153.7MB  (10171s)
step   877000/1200000  eps=0.150  episodes= 1070  mean_return=1430.000  mean_loss= 6.83212  mean_foundation= 13.0/52  lifetime_outcomes={'won': 381, 'stalled': 10, 'truncated': 679, 'other': 0}  rss= 3153.7MB  (10174s)
step   878000/1200000  eps=0.150  episodes= 1071  mean_return=170.000  mean_loss= 5.85295  mean_foundation=  4.0/52  lifetime_outcomes={'won': 381, 'stalled': 10, 'truncated': 680, 'other': 0}  rss= 3153.7MB  (10178s)
step   879000/1200000  eps=0.150  episodes= 1073  mean_return=3937.775  mean_loss= 6.01231  mean_foundation= 30.5/52  lifetime_outcomes={'won': 382, 'stalled': 10, 'truncated': 681, 'other': 0}  rss= 3153.7MB  (10182s)
step   880000/1200000  eps=0.150  episodes= 1074  mean_return=1700.000  mean_loss= 6.22444  mean_foundation= 37.0/52  lifetime_outcomes={'won': 382, 'stalled': 10, 'truncated': 682, 'other': 0}  rss= 3153.7MB  (10185s)
  EVAL  step   880000  win_rate=32.00%  mean_return=2884.154  mean_foundation= 25.0/52  mean_length=834.6  (greedy, 100 fixed deals)
step   881000/1200000  eps=0.150  episodes= 1075  mean_return=840.000  mean_loss= 6.20470  mean_foundation=  6.0/52  lifetime_outcomes={'won': 382, 'stalled': 10, 'truncated': 683, 'other': 0}  rss= 3153.7MB  (10271s)
step   882000/1200000  eps=0.150  episodes= 1076  mean_return=790.000  mean_loss= 5.84407  mean_foundation=  9.0/52  lifetime_outcomes={'won': 382, 'stalled': 10, 'truncated': 684, 'other': 0}  rss= 3153.7MB  (10274s)
step   883000/1200000  eps=0.150  episodes= 1077  mean_return=1220.000  mean_loss= 6.05523  mean_foundation= 10.0/52  lifetime_outcomes={'won': 382, 'stalled': 10, 'truncated': 685, 'other': 0}  rss= 3153.7MB  (10278s)
step   884000/1200000  eps=0.150  episodes= 1078  mean_return=7044.850  mean_loss= 5.60559  mean_foundation= 52.0/52  lifetime_outcomes={'won': 383, 'stalled': 10, 'truncated': 685, 'other': 0}  rss= 3153.7MB  (10281s)
step   885000/1200000  eps=0.150  episodes= 1079  mean_return=1550.000  mean_loss= 6.24624  mean_foundation= 18.0/52  lifetime_outcomes={'won': 383, 'stalled': 10, 'truncated': 686, 'other': 0}  rss= 3153.7MB  (10285s)
step   886000/1200000  eps=0.150  episodes= 1081  mean_return=3893.360  mean_loss= 6.07070  mean_foundation= 30.5/52  lifetime_outcomes={'won': 384, 'stalled': 10, 'truncated': 687, 'other': 0}  rss= 3153.7MB  (10289s)
step   887000/1200000  eps=0.150  episodes= 1082  mean_return=1430.000  mean_loss= 5.81796  mean_foundation= 16.0/52  lifetime_outcomes={'won': 384, 'stalled': 10, 'truncated': 688, 'other': 0}  rss= 3153.7MB  (10292s)
step   888000/1200000  eps=0.150  episodes= 1083  mean_return=860.000  mean_loss= 5.83462  mean_foundation=  9.0/52  lifetime_outcomes={'won': 384, 'stalled': 10, 'truncated': 689, 'other': 0}  rss= 3153.7MB  (10296s)
step   889000/1200000  eps=0.150  episodes= 1084  mean_return=230.000  mean_loss= 5.86358  mean_foundation=  3.0/52  lifetime_outcomes={'won': 384, 'stalled': 10, 'truncated': 690, 'other': 0}  rss= 3153.7MB  (10299s)
step   890000/1200000  eps=0.150  episodes= 1085  mean_return=710.000  mean_loss= 5.87083  mean_foundation=  4.0/52  lifetime_outcomes={'won': 384, 'stalled': 10, 'truncated': 691, 'other': 0}  rss= 3153.7MB  (10303s)
  EVAL  step   890000  win_rate=46.00%  mean_return=3731.259  mean_foundation= 30.7/52  mean_length=734.1  (greedy, 100 fixed deals)
step   891000/1200000  eps=0.150  episodes= 1086  mean_return=570.000  mean_loss= 5.79377  mean_foundation=  8.0/52  lifetime_outcomes={'won': 384, 'stalled': 10, 'truncated': 692, 'other': 0}  rss= 3153.7MB  (10374s)
step   892000/1200000  eps=0.150  episodes= 1087  mean_return=160.000  mean_loss= 5.47118  mean_foundation=  1.0/52  lifetime_outcomes={'won': 384, 'stalled': 10, 'truncated': 693, 'other': 0}  rss= 3153.7MB  (10378s)
step   893000/1200000  eps=0.150  episodes= 1088  mean_return=840.000  mean_loss= 5.75271  mean_foundation=  8.0/52  lifetime_outcomes={'won': 384, 'stalled': 10, 'truncated': 694, 'other': 0}  rss= 3153.7MB  (10381s)
step   894000/1200000  eps=0.150  episodes= 1089  mean_return=750.000  mean_loss= 5.64794  mean_foundation=  3.0/52  lifetime_outcomes={'won': 384, 'stalled': 10, 'truncated': 695, 'other': 0}  rss= 3153.7MB  (10384s)
step   895000/1200000  eps=0.150  episodes= 1090  mean_return=1040.000  mean_loss= 5.41163  mean_foundation= 16.0/52  lifetime_outcomes={'won': 384, 'stalled': 10, 'truncated': 696, 'other': 0}  rss= 3153.7MB  (10388s)
step   896000/1200000  eps=0.150  episodes= 1091  mean_return=170.000  mean_loss= 5.32819  mean_foundation=  7.0/52  lifetime_outcomes={'won': 384, 'stalled': 10, 'truncated': 697, 'other': 0}  rss= 3153.7MB  (10391s)
step   897000/1200000  eps=0.150  episodes= 1093  mean_return=7044.590  mean_loss= 5.72006  mean_foundation= 52.0/52  lifetime_outcomes={'won': 386, 'stalled': 10, 'truncated': 697, 'other': 0}  rss= 3153.7MB  (10394s)
step   898000/1200000  eps=0.150  episodes= 1095  mean_return=7045.330  mean_loss= 5.35527  mean_foundation= 52.0/52  lifetime_outcomes={'won': 388, 'stalled': 10, 'truncated': 697, 'other': 0}  rss= 3153.7MB  (10398s)
step   899000/1200000  eps=0.150  episodes= 1096  mean_return=660.000  mean_loss= 5.64955  mean_foundation=  4.0/52  lifetime_outcomes={'won': 388, 'stalled': 10, 'truncated': 698, 'other': 0}  rss= 3153.7MB  (10401s)
step   900000/1200000  eps=0.150  episodes= 1097  mean_return=7046.060  mean_loss= 5.75985  mean_foundation= 52.0/52  lifetime_outcomes={'won': 389, 'stalled': 10, 'truncated': 698, 'other': 0}  rss= 3153.7MB  (10405s)
  EVAL  step   900000  win_rate=30.00%  mean_return=2820.795  mean_foundation= 24.8/52  mean_length=870.5  (greedy, 100 fixed deals)
step   901000/1200000  eps=0.150  episodes= 1098  mean_return=940.000  mean_loss= 5.25500  mean_foundation= 13.0/52  lifetime_outcomes={'won': 389, 'stalled': 10, 'truncated': 699, 'other': 0}  rss= 3153.7MB  (10494s)
step   902000/1200000  eps=0.150  episodes= 1099  mean_return=7041.700  mean_loss= 5.25531  mean_foundation= 52.0/52  lifetime_outcomes={'won': 390, 'stalled': 10, 'truncated': 699, 'other': 0}  rss= 3153.7MB  (10497s)
step   903000/1200000  eps=0.150  episodes= 1102  mean_return=4871.200  mean_loss= 5.40765  mean_foundation= 36.7/52  lifetime_outcomes={'won': 392, 'stalled': 10, 'truncated': 700, 'other': 0}  rss= 3153.7MB  (10501s)
step   904000/1200000  eps=0.150  episodes= 1103  mean_return=1340.000  mean_loss= 5.17991  mean_foundation= 11.0/52  lifetime_outcomes={'won': 392, 'stalled': 10, 'truncated': 701, 'other': 0}  rss= 3153.7MB  (10505s)
step   905000/1200000  eps=0.150  episodes= 1104  mean_return=7042.760  mean_loss= 5.31449  mean_foundation= 52.0/52  lifetime_outcomes={'won': 393, 'stalled': 10, 'truncated': 701, 'other': 0}  rss= 3153.7MB  (10508s)
step   906000/1200000  eps=0.150  episodes= 1105  mean_return=1100.000  mean_loss= 5.17732  mean_foundation=  6.0/52  lifetime_outcomes={'won': 393, 'stalled': 10, 'truncated': 702, 'other': 0}  rss= 3153.7MB  (10512s)
step   907000/1200000  eps=0.150  episodes= 1106  mean_return=920.000  mean_loss= 5.30823  mean_foundation=  4.0/52  lifetime_outcomes={'won': 393, 'stalled': 10, 'truncated': 703, 'other': 0}  rss= 3153.7MB  (10516s)
step   908000/1200000  eps=0.150  episodes= 1107  mean_return=2030.000  mean_loss= 5.31693  mean_foundation= 51.0/52  lifetime_outcomes={'won': 393, 'stalled': 10, 'truncated': 704, 'other': 0}  rss= 3153.7MB  (10519s)
step   909000/1200000  eps=0.150  episodes= 1108  mean_return=950.000  mean_loss= 5.19549  mean_foundation= 15.0/52  lifetime_outcomes={'won': 393, 'stalled': 10, 'truncated': 705, 'other': 0}  rss= 3153.7MB  (10523s)
step   910000/1200000  eps=0.150  episodes= 1109  mean_return=1550.000  mean_loss= 5.33521  mean_foundation= 18.0/52  lifetime_outcomes={'won': 393, 'stalled': 10, 'truncated': 706, 'other': 0}  rss= 3153.7MB  (10527s)
  EVAL  step   910000  win_rate=36.00%  mean_return=3117.583  mean_foundation= 26.4/52  mean_length=811.7  (greedy, 100 fixed deals)
step   911000/1200000  eps=0.150  episodes= 1110  mean_return=7043.760  mean_loss= 5.20688  mean_foundation= 52.0/52  lifetime_outcomes={'won': 394, 'stalled': 10, 'truncated': 706, 'other': 0}  rss= 3153.7MB  (10607s)
step   912000/1200000  eps=0.150  episodes= 1111  mean_return=660.000  mean_loss= 5.15911  mean_foundation=  4.0/52  lifetime_outcomes={'won': 394, 'stalled': 10, 'truncated': 707, 'other': 0}  rss= 3153.7MB  (10610s)
step   913000/1200000  eps=0.150  episodes= 1112  mean_return=1250.000  mean_loss= 5.14240  mean_foundation=  8.0/52  lifetime_outcomes={'won': 394, 'stalled': 10, 'truncated': 708, 'other': 0}  rss= 3153.7MB  (10614s)
step   914000/1200000  eps=0.150  episodes= 1114  mean_return=3910.970  mean_loss= 5.19168  mean_foundation= 30.5/52  lifetime_outcomes={'won': 395, 'stalled': 10, 'truncated': 709, 'other': 0}  rss= 3153.7MB  (10617s)
step   915000/1200000  eps=0.150  episodes= 1115  mean_return=350.000  mean_loss= 5.26474  mean_foundation=  6.0/52  lifetime_outcomes={'won': 395, 'stalled': 10, 'truncated': 710, 'other': 0}  rss= 3153.7MB  (10620s)
step   916000/1200000  eps=0.150  episodes= 1116  mean_return=660.000  mean_loss= 5.05331  mean_foundation= 12.0/52  lifetime_outcomes={'won': 395, 'stalled': 10, 'truncated': 711, 'other': 0}  rss= 3153.7MB  (10624s)
step   917000/1200000  eps=0.150  episodes= 1117  mean_return=280.000  mean_loss= 5.31493  mean_foundation=  1.0/52  lifetime_outcomes={'won': 395, 'stalled': 10, 'truncated': 712, 'other': 0}  rss= 3153.7MB  (10627s)
step   918000/1200000  eps=0.150  episodes= 1119  mean_return=7045.080  mean_loss= 5.00145  mean_foundation= 52.0/52  lifetime_outcomes={'won': 397, 'stalled': 10, 'truncated': 712, 'other': 0}  rss= 3153.7MB  (10630s)
step   919000/1200000  eps=0.150  episodes= 1120  mean_return=7043.510  mean_loss= 5.13286  mean_foundation= 52.0/52  lifetime_outcomes={'won': 398, 'stalled': 10, 'truncated': 712, 'other': 0}  rss= 3153.7MB  (10634s)
step   920000/1200000  eps=0.150  episodes= 1121  mean_return=450.000  mean_loss= 4.90949  mean_foundation=  2.0/52  lifetime_outcomes={'won': 398, 'stalled': 10, 'truncated': 713, 'other': 0}  rss= 3153.7MB  (10637s)
  EVAL  step   920000  win_rate=24.00%  mean_return=2519.924  mean_foundation= 23.6/52  mean_length=897.6  (greedy, 100 fixed deals)
step   921000/1200000  eps=0.150  episodes= 1122  mean_return=1030.000  mean_loss= 5.18625  mean_foundation=  6.0/52  lifetime_outcomes={'won': 398, 'stalled': 10, 'truncated': 714, 'other': 0}  rss= 3153.7MB  (10729s)
step   922000/1200000  eps=0.150  episodes= 1124  mean_return=4278.040  mean_loss= 4.79979  mean_foundation= 33.0/52  lifetime_outcomes={'won': 399, 'stalled': 10, 'truncated': 715, 'other': 0}  rss= 3153.7MB  (10732s)
step   923000/1200000  eps=0.150  episodes= 1125  mean_return=1440.000  mean_loss= 4.92160  mean_foundation= 22.0/52  lifetime_outcomes={'won': 399, 'stalled': 10, 'truncated': 716, 'other': 0}  rss= 3153.7MB  (10736s)
step   924000/1200000  eps=0.150  episodes= 1127  mean_return=7045.565  mean_loss= 4.97049  mean_foundation= 52.0/52  lifetime_outcomes={'won': 401, 'stalled': 10, 'truncated': 716, 'other': 0}  rss= 3153.7MB  (10739s)
step   925000/1200000  eps=0.150  episodes= 1128  mean_return=7046.920  mean_loss= 5.07208  mean_foundation= 52.0/52  lifetime_outcomes={'won': 402, 'stalled': 10, 'truncated': 716, 'other': 0}  rss= 3153.7MB  (10743s)
step   926000/1200000  eps=0.150  episodes= 1129  mean_return=1400.000  mean_loss= 5.04563  mean_foundation= 10.0/52  lifetime_outcomes={'won': 402, 'stalled': 10, 'truncated': 717, 'other': 0}  rss= 3153.7MB  (10747s)
step   927000/1200000  eps=0.150  episodes= 1131  mean_return=3906.725  mean_loss= 4.91371  mean_foundation= 29.5/52  lifetime_outcomes={'won': 403, 'stalled': 10, 'truncated': 718, 'other': 0}  rss= 3153.7MB  (10750s)
step   928000/1200000  eps=0.150  episodes= 1132  mean_return=7040.950  mean_loss= 5.07197  mean_foundation= 52.0/52  lifetime_outcomes={'won': 404, 'stalled': 10, 'truncated': 718, 'other': 0}  rss= 3153.7MB  (10754s)
step   929000/1200000  eps=0.150  episodes= 1133  mean_return=1040.000  mean_loss= 5.06282  mean_foundation= 15.0/52  lifetime_outcomes={'won': 404, 'stalled': 10, 'truncated': 719, 'other': 0}  rss= 3153.7MB  (10758s)
step   930000/1200000  eps=0.150  episodes= 1134  mean_return=610.000  mean_loss= 4.59380  mean_foundation=  7.0/52  lifetime_outcomes={'won': 404, 'stalled': 10, 'truncated': 720, 'other': 0}  rss= 3153.7MB  (10761s)
  EVAL  step   930000  win_rate=37.00%  mean_return=3187.571  mean_foundation= 26.9/52  mean_length=812.9  (greedy, 100 fixed deals)
step   931000/1200000  eps=0.150  episodes= 1135  mean_return=1050.000  mean_loss= 4.72169  mean_foundation= 10.0/52  lifetime_outcomes={'won': 404, 'stalled': 10, 'truncated': 721, 'other': 0}  rss= 3153.7MB  (10843s)
step   932000/1200000  eps=0.150  episodes= 1136  mean_return=7045.360  mean_loss= 5.04120  mean_foundation= 52.0/52  lifetime_outcomes={'won': 405, 'stalled': 10, 'truncated': 721, 'other': 0}  rss= 3153.7MB  (10846s)
step   933000/1200000  eps=0.150  episodes= 1137  mean_return=640.000  mean_loss= 4.69436  mean_foundation=  6.0/52  lifetime_outcomes={'won': 405, 'stalled': 10, 'truncated': 722, 'other': 0}  rss= 3153.7MB  (10849s)
step   934000/1200000  eps=0.150  episodes= 1138  mean_return=1310.000  mean_loss= 4.83908  mean_foundation= 21.0/52  lifetime_outcomes={'won': 405, 'stalled': 10, 'truncated': 723, 'other': 0}  rss= 3153.7MB  (10853s)
step   935000/1200000  eps=0.150  episodes= 1139  mean_return=230.000  mean_loss= 4.91786  mean_foundation=  4.0/52  lifetime_outcomes={'won': 405, 'stalled': 10, 'truncated': 724, 'other': 0}  rss= 3153.7MB  (10856s)
step   936000/1200000  eps=0.150  episodes= 1141  mean_return=4082.435  mean_loss= 4.74183  mean_foundation= 33.5/52  lifetime_outcomes={'won': 406, 'stalled': 10, 'truncated': 725, 'other': 0}  rss= 3153.7MB  (10859s)
step   937000/1200000  eps=0.150  episodes= 1142  mean_return=280.000  mean_loss= 4.76010  mean_foundation=  7.0/52  lifetime_outcomes={'won': 406, 'stalled': 10, 'truncated': 726, 'other': 0}  rss= 3153.7MB  (10863s)
step   938000/1200000  eps=0.150  episodes= 1143  mean_return=780.000  mean_loss= 4.66180  mean_foundation=  7.0/52  lifetime_outcomes={'won': 406, 'stalled': 10, 'truncated': 727, 'other': 0}  rss= 3153.7MB  (10866s)
step   939000/1200000  eps=0.150  episodes= 1144  mean_return=740.000  mean_loss= 4.83516  mean_foundation= 10.0/52  lifetime_outcomes={'won': 406, 'stalled': 10, 'truncated': 728, 'other': 0}  rss= 3153.7MB  (10870s)
step   940000/1200000  eps=0.150  episodes= 1145  mean_return=1280.000  mean_loss= 4.51843  mean_foundation= 15.0/52  lifetime_outcomes={'won': 406, 'stalled': 10, 'truncated': 729, 'other': 0}  rss= 3153.7MB  (10873s)
  EVAL  step   940000  win_rate=39.00%  mean_return=3284.797  mean_foundation= 27.1/52  mean_length=790.4  (greedy, 100 fixed deals)
step   941000/1200000  eps=0.150  episodes= 1146  mean_return=7040.600  mean_loss= 4.72955  mean_foundation= 52.0/52  lifetime_outcomes={'won': 407, 'stalled': 10, 'truncated': 729, 'other': 0}  rss= 3153.7MB  (10955s)
step   942000/1200000  eps=0.150  episodes= 1147  mean_return=730.000  mean_loss= 4.53562  mean_foundation=  4.0/52  lifetime_outcomes={'won': 407, 'stalled': 10, 'truncated': 730, 'other': 0}  rss= 3153.7MB  (10958s)
step   943000/1200000  eps=0.150  episodes= 1148  mean_return=1090.000  mean_loss= 4.61611  mean_foundation= 12.0/52  lifetime_outcomes={'won': 407, 'stalled': 10, 'truncated': 731, 'other': 0}  rss= 3153.7MB  (10962s)
step   944000/1200000  eps=0.150  episodes= 1150  mean_return=3902.860  mean_loss= 4.58323  mean_foundation= 31.0/52  lifetime_outcomes={'won': 408, 'stalled': 10, 'truncated': 732, 'other': 0}  rss= 3153.7MB  (10966s)
step   945000/1200000  eps=0.150  episodes= 1151  mean_return=7045.180  mean_loss= 4.60424  mean_foundation= 52.0/52  lifetime_outcomes={'won': 409, 'stalled': 10, 'truncated': 732, 'other': 0}  rss= 3153.7MB  (10969s)
step   946000/1200000  eps=0.150  episodes= 1152  mean_return=560.000  mean_loss= 4.68200  mean_foundation=  2.0/52  lifetime_outcomes={'won': 409, 'stalled': 10, 'truncated': 733, 'other': 0}  rss= 3153.7MB  (10973s)
step   947000/1200000  eps=0.150  episodes= 1153  mean_return=160.000  mean_loss= 4.56822  mean_foundation=  2.0/52  lifetime_outcomes={'won': 409, 'stalled': 10, 'truncated': 734, 'other': 0}  rss= 3153.7MB  (10976s)
step   948000/1200000  eps=0.150  episodes= 1154  mean_return=1030.000  mean_loss= 4.87376  mean_foundation= 15.0/52  lifetime_outcomes={'won': 409, 'stalled': 10, 'truncated': 735, 'other': 0}  rss= 3153.7MB  (10980s)
step   949000/1200000  eps=0.150  episodes= 1155  mean_return=1110.000  mean_loss= 4.70125  mean_foundation= 13.0/52  lifetime_outcomes={'won': 409, 'stalled': 10, 'truncated': 736, 'other': 0}  rss= 3153.7MB  (10983s)
step   950000/1200000  eps=0.150  episodes= 1156  mean_return=1050.000  mean_loss= 4.67237  mean_foundation=  8.0/52  lifetime_outcomes={'won': 409, 'stalled': 10, 'truncated': 737, 'other': 0}  rss= 3153.7MB  (10987s)
  EVAL  step   950000  win_rate=23.00%  mean_return=2460.532  mean_foundation= 23.9/52  mean_length=926.8  (greedy, 100 fixed deals)
step   951000/1200000  eps=0.150  episodes= 1158  mean_return=3773.435  mean_loss= 4.59961  mean_foundation= 28.0/52  lifetime_outcomes={'won': 410, 'stalled': 10, 'truncated': 738, 'other': 0}  rss= 3153.7MB  (11078s)
step   952000/1200000  eps=0.150  episodes= 1159  mean_return=570.000  mean_loss= 4.56503  mean_foundation= 10.0/52  lifetime_outcomes={'won': 410, 'stalled': 10, 'truncated': 739, 'other': 0}  rss= 3153.7MB  (11081s)
step   953000/1200000  eps=0.150  episodes= 1160  mean_return=1170.000  mean_loss= 4.48604  mean_foundation=  8.0/52  lifetime_outcomes={'won': 410, 'stalled': 10, 'truncated': 740, 'other': 0}  rss= 3153.7MB  (11084s)
step   954000/1200000  eps=0.150  episodes= 1161  mean_return=840.000  mean_loss= 4.40256  mean_foundation= 13.0/52  lifetime_outcomes={'won': 410, 'stalled': 10, 'truncated': 741, 'other': 0}  rss= 3153.7MB  (11088s)
step   955000/1200000  eps=0.150  episodes= 1162  mean_return=7042.450  mean_loss= 4.51826  mean_foundation= 52.0/52  lifetime_outcomes={'won': 411, 'stalled': 10, 'truncated': 741, 'other': 0}  rss= 3153.7MB  (11091s)
step   956000/1200000  eps=0.150  episodes= 1163  mean_return=7043.080  mean_loss= 4.34466  mean_foundation= 52.0/52  lifetime_outcomes={'won': 412, 'stalled': 10, 'truncated': 741, 'other': 0}  rss= 3153.7MB  (11094s)
step   957000/1200000  eps=0.150  episodes= 1164  mean_return=960.000  mean_loss= 4.58022  mean_foundation=  9.0/52  lifetime_outcomes={'won': 412, 'stalled': 10, 'truncated': 742, 'other': 0}  rss= 3153.7MB  (11098s)
step   958000/1200000  eps=0.150  episodes= 1165  mean_return=900.000  mean_loss= 4.38338  mean_foundation=  3.0/52  lifetime_outcomes={'won': 412, 'stalled': 10, 'truncated': 743, 'other': 0}  rss= 3153.7MB  (11101s)
step   959000/1200000  eps=0.150  episodes= 1166  mean_return=610.000  mean_loss= 4.41510  mean_foundation=  2.0/52  lifetime_outcomes={'won': 412, 'stalled': 10, 'truncated': 744, 'other': 0}  rss= 3153.7MB  (11104s)
step   960000/1200000  eps=0.150  episodes= 1168  mean_return=4303.860  mean_loss= 4.33660  mean_foundation= 36.0/52  lifetime_outcomes={'won': 413, 'stalled': 10, 'truncated': 745, 'other': 0}  rss= 3153.7MB  (11108s)
  EVAL  step   960000  win_rate=36.00%  mean_return=3144.892  mean_foundation= 26.1/52  mean_length=810.8  (greedy, 100 fixed deals)
step   961000/1200000  eps=0.150  episodes= 1169  mean_return=360.000  mean_loss= 4.51447  mean_foundation=  6.0/52  lifetime_outcomes={'won': 413, 'stalled': 10, 'truncated': 746, 'other': 0}  rss= 3153.7MB  (11190s)
step   962000/1200000  eps=0.150  episodes= 1170  mean_return=1650.000  mean_loss= 4.41115  mean_foundation= 27.0/52  lifetime_outcomes={'won': 413, 'stalled': 10, 'truncated': 747, 'other': 0}  rss= 3153.7MB  (11193s)
step   963000/1200000  eps=0.150  episodes= 1172  mean_return=7024.015  mean_loss= 4.44360  mean_foundation= 52.0/52  lifetime_outcomes={'won': 415, 'stalled': 10, 'truncated': 747, 'other': 0}  rss= 3153.7MB  (11196s)
step   964000/1200000  eps=0.150  episodes= 1173  mean_return=470.000  mean_loss= 4.39390  mean_foundation=  2.0/52  lifetime_outcomes={'won': 415, 'stalled': 10, 'truncated': 748, 'other': 0}  rss= 3153.7MB  (11200s)
step   965000/1200000  eps=0.150  episodes= 1174  mean_return=7006.230  mean_loss= 4.43836  mean_foundation= 52.0/52  lifetime_outcomes={'won': 416, 'stalled': 10, 'truncated': 748, 'other': 0}  rss= 3153.7MB  (11203s)
step   966000/1200000  eps=0.150  episodes= 1175  mean_return=440.000  mean_loss= 4.34613  mean_foundation=  8.0/52  lifetime_outcomes={'won': 416, 'stalled': 10, 'truncated': 749, 'other': 0}  rss= 3153.7MB  (11207s)
step   967000/1200000  eps=0.150  episodes= 1177  mean_return=3778.395  mean_loss= 4.37339  mean_foundation= 29.5/52  lifetime_outcomes={'won': 417, 'stalled': 10, 'truncated': 750, 'other': 0}  rss= 3153.7MB  (11210s)
step   968000/1200000  eps=0.150  episodes= 1178  mean_return=1190.000  mean_loss= 4.33634  mean_foundation= 11.0/52  lifetime_outcomes={'won': 417, 'stalled': 10, 'truncated': 751, 'other': 0}  rss= 3153.7MB  (11214s)
step   969000/1200000  eps=0.150  episodes= 1179  mean_return=1500.000  mean_loss= 4.53336  mean_foundation= 18.0/52  lifetime_outcomes={'won': 417, 'stalled': 10, 'truncated': 752, 'other': 0}  rss= 3153.7MB  (11217s)
step   970000/1200000  eps=0.150  episodes= 1181  mean_return=4303.760  mean_loss= 4.37363  mean_foundation= 42.5/52  lifetime_outcomes={'won': 418, 'stalled': 10, 'truncated': 753, 'other': 0}  rss= 3153.7MB  (11221s)
  EVAL  step   970000  win_rate=34.00%  mean_return=3026.629  mean_foundation= 25.8/52  mean_length=817.1  (greedy, 100 fixed deals)
step   971000/1200000  eps=0.150  episodes= 1182  mean_return=1540.000  mean_loss= 4.25564  mean_foundation= 22.0/52  lifetime_outcomes={'won': 418, 'stalled': 10, 'truncated': 754, 'other': 0}  rss= 3153.7MB  (11302s)
step   972000/1200000  eps=0.150  episodes= 1183  mean_return=910.000  mean_loss= 4.14311  mean_foundation=  8.0/52  lifetime_outcomes={'won': 418, 'stalled': 10, 'truncated': 755, 'other': 0}  rss= 3153.7MB  (11306s)
step   973000/1200000  eps=0.150  episodes= 1184  mean_return=800.000  mean_loss= 4.32412  mean_foundation=  5.0/52  lifetime_outcomes={'won': 418, 'stalled': 10, 'truncated': 756, 'other': 0}  rss= 3153.7MB  (11309s)
step   974000/1200000  eps=0.150  episodes= 1185  mean_return=330.000  mean_loss= 4.28357  mean_foundation=  9.0/52  lifetime_outcomes={'won': 418, 'stalled': 10, 'truncated': 757, 'other': 0}  rss= 3153.7MB  (11312s)
step   975000/1200000  eps=0.150  episodes= 1186  mean_return=470.000  mean_loss= 4.20495  mean_foundation=  6.0/52  lifetime_outcomes={'won': 418, 'stalled': 10, 'truncated': 758, 'other': 0}  rss= 3153.7MB  (11316s)
step   976000/1200000  eps=0.150  episodes= 1187  mean_return=100.000  mean_loss= 4.12867  mean_foundation=  0.0/52  lifetime_outcomes={'won': 418, 'stalled': 10, 'truncated': 759, 'other': 0}  rss= 3153.7MB  (11319s)
step   977000/1200000  eps=0.150  episodes= 1188  mean_return=1050.000  mean_loss= 4.23172  mean_foundation= 10.0/52  lifetime_outcomes={'won': 418, 'stalled': 10, 'truncated': 760, 'other': 0}  rss= 3153.7MB  (11322s)
step   978000/1200000  eps=0.150  episodes= 1189  mean_return=1220.000  mean_loss= 4.13566  mean_foundation= 10.0/52  lifetime_outcomes={'won': 418, 'stalled': 10, 'truncated': 761, 'other': 0}  rss= 3153.7MB  (11326s)
step   979000/1200000  eps=0.150  episodes= 1190  mean_return=1200.000  mean_loss= 3.99347  mean_foundation= 13.0/52  lifetime_outcomes={'won': 418, 'stalled': 10, 'truncated': 762, 'other': 0}  rss= 3153.7MB  (11329s)
step   980000/1200000  eps=0.150  episodes= 1191  mean_return=780.000  mean_loss= 4.10561  mean_foundation= 15.0/52  lifetime_outcomes={'won': 418, 'stalled': 10, 'truncated': 763, 'other': 0}  rss= 3153.7MB  (11332s)
  EVAL  step   980000  win_rate=32.00%  mean_return=2912.213  mean_foundation= 25.4/52  mean_length=868.7  (greedy, 100 fixed deals)
step   981000/1200000  eps=0.150  episodes= 1192  mean_return=670.000  mean_loss= 4.05046  mean_foundation= 12.0/52  lifetime_outcomes={'won': 418, 'stalled': 10, 'truncated': 764, 'other': 0}  rss= 3153.7MB  (11419s)
step   982000/1200000  eps=0.150  episodes= 1193  mean_return=1220.000  mean_loss= 4.20939  mean_foundation= 19.0/52  lifetime_outcomes={'won': 418, 'stalled': 10, 'truncated': 765, 'other': 0}  rss= 3153.7MB  (11423s)
step   983000/1200000  eps=0.150  episodes= 1194  mean_return=7042.990  mean_loss= 4.01438  mean_foundation= 52.0/52  lifetime_outcomes={'won': 419, 'stalled': 10, 'truncated': 765, 'other': 0}  rss= 3153.7MB  (11426s)
step   984000/1200000  eps=0.150  episodes= 1195  mean_return=430.000  mean_loss= 3.99662  mean_foundation=  4.0/52  lifetime_outcomes={'won': 419, 'stalled': 10, 'truncated': 766, 'other': 0}  rss= 3153.7MB  (11429s)
step   985000/1200000  eps=0.150  episodes= 1196  mean_return=7041.940  mean_loss= 4.09378  mean_foundation= 52.0/52  lifetime_outcomes={'won': 420, 'stalled': 10, 'truncated': 766, 'other': 0}  rss= 3153.7MB  (11433s)
step   986000/1200000  eps=0.150  episodes= 1198  mean_return=4388.130  mean_loss= 4.19708  mean_foundation= 43.5/52  lifetime_outcomes={'won': 421, 'stalled': 10, 'truncated': 767, 'other': 0}  rss= 3153.7MB  (11437s)
step   987000/1200000  eps=0.150  episodes= 1199  mean_return=1330.000  mean_loss= 4.14267  mean_foundation= 20.0/52  lifetime_outcomes={'won': 421, 'stalled': 10, 'truncated': 768, 'other': 0}  rss= 3153.7MB  (11440s)
step   988000/1200000  eps=0.150  episodes= 1200  mean_return=1480.000  mean_loss= 4.15446  mean_foundation= 16.0/52  lifetime_outcomes={'won': 421, 'stalled': 10, 'truncated': 769, 'other': 0}  rss= 3153.7MB  (11444s)
step   989000/1200000  eps=0.150  episodes= 1201  mean_return=530.000  mean_loss= 4.02607  mean_foundation=  6.0/52  lifetime_outcomes={'won': 421, 'stalled': 10, 'truncated': 770, 'other': 0}  rss= 3153.7MB  (11447s)
step   990000/1200000  eps=0.150  episodes= 1203  mean_return=7042.540  mean_loss= 3.95681  mean_foundation= 52.0/52  lifetime_outcomes={'won': 423, 'stalled': 10, 'truncated': 770, 'other': 0}  rss= 3153.7MB  (11451s)
  EVAL  step   990000  win_rate=39.00%  mean_return=3292.134  mean_foundation= 27.8/52  mean_length=806.6  (greedy, 100 fixed deals)
step   991000/1200000  eps=0.150  episodes= 1204  mean_return=1330.000  mean_loss= 4.09511  mean_foundation= 15.0/52  lifetime_outcomes={'won': 423, 'stalled': 10, 'truncated': 771, 'other': 0}  rss= 3153.7MB  (11531s)
step   992000/1200000  eps=0.150  episodes= 1205  mean_return=7040.870  mean_loss= 4.05912  mean_foundation= 52.0/52  lifetime_outcomes={'won': 424, 'stalled': 10, 'truncated': 771, 'other': 0}  rss= 3153.7MB  (11535s)
step   993000/1200000  eps=0.150  episodes= 1206  mean_return=420.000  mean_loss= 4.00715  mean_foundation=  8.0/52  lifetime_outcomes={'won': 424, 'stalled': 10, 'truncated': 772, 'other': 0}  rss= 3153.7MB  (11538s)
step   994000/1200000  eps=0.150  episodes= 1207  mean_return=990.000  mean_loss= 4.10138  mean_foundation= 10.0/52  lifetime_outcomes={'won': 424, 'stalled': 10, 'truncated': 773, 'other': 0}  rss= 3153.7MB  (11542s)
step   995000/1200000  eps=0.150  episodes= 1208  mean_return=7044.130  mean_loss= 4.13028  mean_foundation= 52.0/52  lifetime_outcomes={'won': 425, 'stalled': 10, 'truncated': 773, 'other': 0}  rss= 3153.7MB  (11545s)
step   996000/1200000  eps=0.150  episodes= 1209  mean_return=7044.410  mean_loss= 4.06775  mean_foundation= 52.0/52  lifetime_outcomes={'won': 426, 'stalled': 10, 'truncated': 773, 'other': 0}  rss= 3153.7MB  (11548s)
step   997000/1200000  eps=0.150  episodes= 1211  mean_return=4021.505  mean_loss= 4.05138  mean_foundation= 32.0/52  lifetime_outcomes={'won': 427, 'stalled': 10, 'truncated': 774, 'other': 0}  rss= 3153.7MB  (11552s)
step   998000/1200000  eps=0.150  episodes= 1212  mean_return=410.000  mean_loss= 3.88730  mean_foundation=  7.0/52  lifetime_outcomes={'won': 427, 'stalled': 10, 'truncated': 775, 'other': 0}  rss= 3153.7MB  (11555s)
step   999000/1200000  eps=0.150  episodes= 1213  mean_return=1320.000  mean_loss= 4.04512  mean_foundation= 14.0/52  lifetime_outcomes={'won': 427, 'stalled': 10, 'truncated': 776, 'other': 0}  rss= 3153.7MB  (11559s)
step  1000000/1200000  eps=0.150  episodes= 1214  mean_return=7044.490  mean_loss= 3.91397  mean_foundation= 52.0/52  lifetime_outcomes={'won': 428, 'stalled': 10, 'truncated': 776, 'other': 0}  rss= 3153.7MB  (11562s)
  EVAL  step  1000000  win_rate=37.00%  mean_return=3173.145  mean_foundation= 26.7/52  mean_length=785.5  (greedy, 100 fixed deals)
step  1001000/1200000  eps=0.150  episodes= 1215  mean_return=1310.000  mean_loss= 3.97816  mean_foundation= 24.0/52  lifetime_outcomes={'won': 428, 'stalled': 10, 'truncated': 777, 'other': 0}  rss= 3153.7MB  (11640s)
step  1002000/1200000  eps=0.150  episodes= 1216  mean_return=340.000  mean_loss= 3.89219  mean_foundation= 10.0/52  lifetime_outcomes={'won': 428, 'stalled': 10, 'truncated': 778, 'other': 0}  rss= 3153.7MB  (11643s)
step  1003000/1200000  eps=0.150  episodes= 1217  mean_return=360.000  mean_loss= 3.81712  mean_foundation=  5.0/52  lifetime_outcomes={'won': 428, 'stalled': 10, 'truncated': 779, 'other': 0}  rss= 3153.7MB  (11647s)
step  1004000/1200000  eps=0.150  episodes= 1219  mean_return=3843.490  mean_loss= 3.88379  mean_foundation= 29.0/52  lifetime_outcomes={'won': 429, 'stalled': 10, 'truncated': 780, 'other': 0}  rss= 3153.7MB  (11650s)
step  1005000/1200000  eps=0.150  episodes= 1221  mean_return=7045.155  mean_loss= 4.07326  mean_foundation= 52.0/52  lifetime_outcomes={'won': 431, 'stalled': 10, 'truncated': 780, 'other': 0}  rss= 3153.7MB  (11654s)
step  1006000/1200000  eps=0.150  episodes= 1222  mean_return=7043.740  mean_loss= 3.84957  mean_foundation= 52.0/52  lifetime_outcomes={'won': 432, 'stalled': 10, 'truncated': 780, 'other': 0}  rss= 3153.7MB  (11657s)
step  1007000/1200000  eps=0.150  episodes= 1223  mean_return=770.000  mean_loss= 3.83076  mean_foundation= 18.0/52  lifetime_outcomes={'won': 432, 'stalled': 10, 'truncated': 781, 'other': 0}  rss= 3153.7MB  (11661s)
step  1008000/1200000  eps=0.150  episodes= 1224  mean_return=1190.000  mean_loss= 3.84042  mean_foundation= 13.0/52  lifetime_outcomes={'won': 432, 'stalled': 10, 'truncated': 782, 'other': 0}  rss= 3153.7MB  (11664s)
step  1009000/1200000  eps=0.150  episodes= 1225  mean_return=260.000  mean_loss= 3.71344  mean_foundation=  2.0/52  lifetime_outcomes={'won': 432, 'stalled': 10, 'truncated': 783, 'other': 0}  rss= 3153.7MB  (11668s)
step  1010000/1200000  eps=0.150  episodes= 1226  mean_return=560.000  mean_loss= 3.82618  mean_foundation=  4.0/52  lifetime_outcomes={'won': 432, 'stalled': 10, 'truncated': 784, 'other': 0}  rss= 3153.7MB  (11671s)
  EVAL  step  1010000  win_rate=37.00%  mean_return=3219.240  mean_foundation= 27.0/52  mean_length=806.0  (greedy, 100 fixed deals)
step  1011000/1200000  eps=0.150  episodes= 1228  mean_return=4182.470  mean_loss= 3.84493  mean_foundation= 38.0/52  lifetime_outcomes={'won': 433, 'stalled': 10, 'truncated': 785, 'other': 0}  rss= 3153.7MB  (11753s)
step  1012000/1200000  eps=0.150  episodes= 1229  mean_return=710.000  mean_loss= 4.03170  mean_foundation=  8.0/52  lifetime_outcomes={'won': 433, 'stalled': 10, 'truncated': 786, 'other': 0}  rss= 3153.7MB  (11756s)
step  1013000/1200000  eps=0.150  episodes= 1230  mean_return=7046.560  mean_loss= 3.91776  mean_foundation= 52.0/52  lifetime_outcomes={'won': 434, 'stalled': 10, 'truncated': 786, 'other': 0}  rss= 3153.7MB  (11760s)
step  1014000/1200000  eps=0.150  episodes= 1231  mean_return=1230.000  mean_loss= 3.70527  mean_foundation= 11.0/52  lifetime_outcomes={'won': 434, 'stalled': 10, 'truncated': 787, 'other': 0}  rss= 3153.7MB  (11763s)
step  1015000/1200000  eps=0.150  episodes= 1232  mean_return=650.000  mean_loss= 3.79026  mean_foundation=  3.0/52  lifetime_outcomes={'won': 434, 'stalled': 10, 'truncated': 788, 'other': 0}  rss= 3153.7MB  (11767s)
step  1016000/1200000  eps=0.150  episodes= 1234  mean_return=3912.620  mean_loss= 3.93736  mean_foundation= 28.0/52  lifetime_outcomes={'won': 435, 'stalled': 10, 'truncated': 789, 'other': 0}  rss= 3153.7MB  (11770s)
step  1017000/1200000  eps=0.150  episodes= 1235  mean_return=1500.000  mean_loss= 3.73621  mean_foundation= 18.0/52  lifetime_outcomes={'won': 435, 'stalled': 10, 'truncated': 790, 'other': 0}  rss= 3153.7MB  (11774s)
step  1018000/1200000  eps=0.150  episodes= 1236  mean_return=7044.160  mean_loss= 3.81254  mean_foundation= 52.0/52  lifetime_outcomes={'won': 436, 'stalled': 10, 'truncated': 790, 'other': 0}  rss= 3153.7MB  (11777s)
step  1019000/1200000  eps=0.150  episodes= 1237  mean_return=260.000  mean_loss= 3.80460  mean_foundation=  6.0/52  lifetime_outcomes={'won': 436, 'stalled': 10, 'truncated': 791, 'other': 0}  rss= 3153.7MB  (11781s)
step  1020000/1200000  eps=0.150  episodes= 1238  mean_return=720.000  mean_loss= 3.89057  mean_foundation= 12.0/52  lifetime_outcomes={'won': 436, 'stalled': 10, 'truncated': 792, 'other': 0}  rss= 3153.7MB  (11784s)
  EVAL  step  1020000  win_rate=29.00%  mean_return=2727.931  mean_foundation= 23.6/52  mean_length=856.9  (greedy, 100 fixed deals)
step  1021000/1200000  eps=0.150  episodes= 1239  mean_return=350.000  mean_loss= 3.78227  mean_foundation=  8.0/52  lifetime_outcomes={'won': 436, 'stalled': 10, 'truncated': 793, 'other': 0}  rss= 3153.7MB  (11868s)
step  1022000/1200000  eps=0.150  episodes= 1240  mean_return=1110.000  mean_loss= 3.77600  mean_foundation=  9.0/52  lifetime_outcomes={'won': 436, 'stalled': 10, 'truncated': 794, 'other': 0}  rss= 3153.7MB  (11872s)
step  1023000/1200000  eps=0.150  episodes= 1241  mean_return=570.000  mean_loss= 3.97162  mean_foundation=  7.0/52  lifetime_outcomes={'won': 436, 'stalled': 10, 'truncated': 795, 'other': 0}  rss= 3153.7MB  (11875s)
step  1024000/1200000  eps=0.150  episodes= 1242  mean_return=1320.000  mean_loss= 3.79944  mean_foundation= 14.0/52  lifetime_outcomes={'won': 436, 'stalled': 10, 'truncated': 796, 'other': 0}  rss= 3153.7MB  (11879s)
step  1025000/1200000  eps=0.150  episodes= 1243  mean_return=520.000  mean_loss= 3.90372  mean_foundation=  5.0/52  lifetime_outcomes={'won': 436, 'stalled': 10, 'truncated': 797, 'other': 0}  rss= 3153.7MB  (11883s)
step  1026000/1200000  eps=0.150  episodes= 1244  mean_return=400.000  mean_loss= 3.81924  mean_foundation=  7.0/52  lifetime_outcomes={'won': 436, 'stalled': 10, 'truncated': 798, 'other': 0}  rss= 3153.7MB  (11886s)
step  1027000/1200000  eps=0.150  episodes= 1245  mean_return=390.000  mean_loss= 3.76864  mean_foundation=  5.0/52  lifetime_outcomes={'won': 436, 'stalled': 10, 'truncated': 799, 'other': 0}  rss= 3153.7MB  (11890s)
step  1028000/1200000  eps=0.150  episodes= 1247  mean_return=4011.890  mean_loss= 3.69142  mean_foundation= 28.0/52  lifetime_outcomes={'won': 437, 'stalled': 10, 'truncated': 800, 'other': 0}  rss= 3153.7MB  (11893s)
step  1029000/1200000  eps=0.150  episodes= 1248  mean_return=7004.600  mean_loss= 3.59200  mean_foundation= 52.0/52  lifetime_outcomes={'won': 438, 'stalled': 10, 'truncated': 800, 'other': 0}  rss= 3153.7MB  (11897s)
step  1030000/1200000  eps=0.150  episodes= 1250  mean_return=7041.535  mean_loss= 3.83747  mean_foundation= 52.0/52  lifetime_outcomes={'won': 440, 'stalled': 10, 'truncated': 800, 'other': 0}  rss= 3153.7MB  (11900s)
  EVAL  step  1030000  win_rate=25.00%  mean_return=2510.716  mean_foundation= 22.6/52  mean_length=888.4  (greedy, 100 fixed deals)
step  1031000/1200000  eps=0.150  episodes= 1251  mean_return=1140.000  mean_loss= 3.70783  mean_foundation=  5.0/52  lifetime_outcomes={'won': 440, 'stalled': 10, 'truncated': 801, 'other': 0}  rss= 3153.7MB  (11993s)
step  1032000/1200000  eps=0.150  episodes= 1252  mean_return=7005.340  mean_loss= 3.61753  mean_foundation= 52.0/52  lifetime_outcomes={'won': 441, 'stalled': 10, 'truncated': 801, 'other': 0}  rss= 3153.7MB  (11996s)
step  1033000/1200000  eps=0.150  episodes= 1253  mean_return=1110.000  mean_loss= 3.66047  mean_foundation=  5.0/52  lifetime_outcomes={'won': 441, 'stalled': 10, 'truncated': 802, 'other': 0}  rss= 3153.7MB  (12000s)
step  1034000/1200000  eps=0.150  episodes= 1255  mean_return=4028.015  mean_loss= 3.54013  mean_foundation= 29.5/52  lifetime_outcomes={'won': 442, 'stalled': 10, 'truncated': 803, 'other': 0}  rss= 3153.7MB  (12003s)
step  1035000/1200000  eps=0.150  episodes= 1256  mean_return=390.000  mean_loss= 3.54712  mean_foundation=  4.0/52  lifetime_outcomes={'won': 442, 'stalled': 10, 'truncated': 804, 'other': 0}  rss= 3153.7MB  (12006s)
step  1036000/1200000  eps=0.150  episodes= 1257  mean_return=1520.000  mean_loss= 3.60732  mean_foundation= 30.0/52  lifetime_outcomes={'won': 442, 'stalled': 10, 'truncated': 805, 'other': 0}  rss= 3153.7MB  (12010s)
step  1037000/1200000  eps=0.150  episodes= 1258  mean_return=1130.000  mean_loss= 3.53043  mean_foundation=  8.0/52  lifetime_outcomes={'won': 442, 'stalled': 10, 'truncated': 806, 'other': 0}  rss= 3153.7MB  (12014s)
step  1038000/1200000  eps=0.150  episodes= 1259  mean_return=830.000  mean_loss= 3.60524  mean_foundation= 10.0/52  lifetime_outcomes={'won': 442, 'stalled': 10, 'truncated': 807, 'other': 0}  rss= 3153.7MB  (12017s)
step  1039000/1200000  eps=0.150  episodes= 1260  mean_return=150.000  mean_loss= 3.47023  mean_foundation=  3.0/52  lifetime_outcomes={'won': 442, 'stalled': 10, 'truncated': 808, 'other': 0}  rss= 3153.7MB  (12021s)
step  1040000/1200000  eps=0.150  episodes= 1261  mean_return=480.000  mean_loss= 3.56760  mean_foundation=  3.0/52  lifetime_outcomes={'won': 442, 'stalled': 10, 'truncated': 809, 'other': 0}  rss= 3153.7MB  (12024s)
  EVAL  step  1040000  win_rate=33.00%  mean_return=2988.502  mean_foundation= 25.9/52  mean_length=839.8  (greedy, 100 fixed deals)
step  1041000/1200000  eps=0.150  episodes= 1263  mean_return=7046.355  mean_loss= 3.81820  mean_foundation= 52.0/52  lifetime_outcomes={'won': 444, 'stalled': 10, 'truncated': 809, 'other': 0}  rss= 3153.7MB  (12107s)
step  1042000/1200000  eps=0.150  episodes= 1264  mean_return=1060.000  mean_loss= 3.64208  mean_foundation= 15.0/52  lifetime_outcomes={'won': 444, 'stalled': 10, 'truncated': 810, 'other': 0}  rss= 3153.7MB  (12110s)
step  1043000/1200000  eps=0.150  episodes= 1265  mean_return=7044.400  mean_loss= 3.39113  mean_foundation= 52.0/52  lifetime_outcomes={'won': 445, 'stalled': 10, 'truncated': 810, 'other': 0}  rss= 3153.7MB  (12114s)
step  1044000/1200000  eps=0.150  episodes= 1267  mean_return=3977.635  mean_loss= 3.56939  mean_foundation= 27.0/52  lifetime_outcomes={'won': 446, 'stalled': 10, 'truncated': 811, 'other': 0}  rss= 3153.7MB  (12117s)
step  1045000/1200000  eps=0.150  episodes= 1268  mean_return=760.000  mean_loss= 3.55699  mean_foundation=  2.0/52  lifetime_outcomes={'won': 446, 'stalled': 10, 'truncated': 812, 'other': 0}  rss= 3153.7MB  (12121s)
step  1046000/1200000  eps=0.150  episodes= 1269  mean_return=1090.000  mean_loss= 3.57077  mean_foundation=  9.0/52  lifetime_outcomes={'won': 446, 'stalled': 10, 'truncated': 813, 'other': 0}  rss= 3153.7MB  (12124s)
step  1047000/1200000  eps=0.150  episodes= 1270  mean_return=1480.000  mean_loss= 3.57901  mean_foundation= 16.0/52  lifetime_outcomes={'won': 446, 'stalled': 10, 'truncated': 814, 'other': 0}  rss= 3153.7MB  (12128s)
step  1048000/1200000  eps=0.150  episodes= 1272  mean_return=7045.535  mean_loss= 3.51881  mean_foundation= 52.0/52  lifetime_outcomes={'won': 448, 'stalled': 10, 'truncated': 814, 'other': 0}  rss= 3153.7MB  (12132s)
step  1049000/1200000  eps=0.150  episodes= 1274  mean_return=3862.610  mean_loss= 3.40647  mean_foundation= 28.0/52  lifetime_outcomes={'won': 449, 'stalled': 10, 'truncated': 815, 'other': 0}  rss= 3153.7MB  (12135s)
step  1050000/1200000  eps=0.150  episodes= 1275  mean_return=7042.410  mean_loss= 3.49579  mean_foundation= 52.0/52  lifetime_outcomes={'won': 450, 'stalled': 10, 'truncated': 815, 'other': 0}  rss= 3153.7MB  (12139s)
  EVAL  step  1050000  win_rate=37.00%  mean_return=3173.907  mean_foundation= 26.3/52  mean_length=839.4  (greedy, 100 fixed deals)
step  1051000/1200000  eps=0.150  episodes= 1276  mean_return=1020.000  mean_loss= 3.60625  mean_foundation=  7.0/52  lifetime_outcomes={'won': 450, 'stalled': 10, 'truncated': 816, 'other': 0}  rss= 3153.7MB  (12224s)
step  1052000/1200000  eps=0.150  episodes= 1277  mean_return=7041.060  mean_loss= 3.42828  mean_foundation= 52.0/52  lifetime_outcomes={'won': 451, 'stalled': 10, 'truncated': 816, 'other': 0}  rss= 3153.7MB  (12228s)
step  1053000/1200000  eps=0.150  episodes= 1279  mean_return=7045.155  mean_loss= 3.46306  mean_foundation= 52.0/52  lifetime_outcomes={'won': 453, 'stalled': 10, 'truncated': 816, 'other': 0}  rss= 3153.7MB  (12231s)
step  1054000/1200000  eps=0.150  episodes= 1280  mean_return=1440.000  mean_loss= 3.48474  mean_foundation= 26.0/52  lifetime_outcomes={'won': 453, 'stalled': 10, 'truncated': 817, 'other': 0}  rss= 3153.7MB  (12235s)
step  1055000/1200000  eps=0.150  episodes= 1282  mean_return=3572.840  mean_loss= 3.43354  mean_foundation= 29.0/52  lifetime_outcomes={'won': 454, 'stalled': 10, 'truncated': 818, 'other': 0}  rss= 3153.7MB  (12238s)
step  1056000/1200000  eps=0.150  episodes= 1283  mean_return=690.000  mean_loss= 3.39570  mean_foundation= 12.0/52  lifetime_outcomes={'won': 454, 'stalled': 10, 'truncated': 819, 'other': 0}  rss= 3153.7MB  (12241s)
step  1057000/1200000  eps=0.150  episodes= 1284  mean_return=1040.000  mean_loss= 3.49800  mean_foundation= 14.0/52  lifetime_outcomes={'won': 454, 'stalled': 10, 'truncated': 820, 'other': 0}  rss= 3153.7MB  (12245s)
step  1058000/1200000  eps=0.150  episodes= 1285  mean_return=700.000  mean_loss= 3.50140  mean_foundation= 16.0/52  lifetime_outcomes={'won': 454, 'stalled': 10, 'truncated': 821, 'other': 0}  rss= 3153.7MB  (12248s)
step  1059000/1200000  eps=0.150  episodes= 1286  mean_return=610.000  mean_loss= 3.50556  mean_foundation=  1.0/52  lifetime_outcomes={'won': 454, 'stalled': 10, 'truncated': 822, 'other': 0}  rss= 3153.7MB  (12252s)
step  1060000/1200000  eps=0.150  episodes= 1288  mean_return=7045.490  mean_loss= 3.44545  mean_foundation= 52.0/52  lifetime_outcomes={'won': 456, 'stalled': 10, 'truncated': 822, 'other': 0}  rss= 3153.7MB  (12255s)
  EVAL  step  1060000  win_rate=37.00%  mean_return=3231.208  mean_foundation= 27.7/52  mean_length=809.2  (greedy, 100 fixed deals)
step  1061000/1200000  eps=0.150  episodes= 1289  mean_return=510.000  mean_loss= 3.41689  mean_foundation=  8.0/52  lifetime_outcomes={'won': 456, 'stalled': 10, 'truncated': 823, 'other': 0}  rss= 3153.7MB  (12336s)
step  1062000/1200000  eps=0.150  episodes= 1290  mean_return=600.000  mean_loss= 3.49578  mean_foundation=  8.0/52  lifetime_outcomes={'won': 456, 'stalled': 10, 'truncated': 824, 'other': 0}  rss= 3153.7MB  (12340s)
step  1063000/1200000  eps=0.150  episodes= 1291  mean_return=600.000  mean_loss= 3.43928  mean_foundation=  9.0/52  lifetime_outcomes={'won': 456, 'stalled': 10, 'truncated': 825, 'other': 0}  rss= 3153.7MB  (12343s)
step  1064000/1200000  eps=0.150  episodes= 1292  mean_return=1380.000  mean_loss= 3.32047  mean_foundation= 16.0/52  lifetime_outcomes={'won': 456, 'stalled': 10, 'truncated': 826, 'other': 0}  rss= 3153.7MB  (12347s)
step  1065000/1200000  eps=0.150  episodes= 1293  mean_return=820.000  mean_loss= 3.37125  mean_foundation= 11.0/52  lifetime_outcomes={'won': 456, 'stalled': 10, 'truncated': 827, 'other': 0}  rss= 3153.7MB  (12351s)
step  1066000/1200000  eps=0.150  episodes= 1294  mean_return=990.000  mean_loss= 3.23357  mean_foundation= 10.0/52  lifetime_outcomes={'won': 456, 'stalled': 10, 'truncated': 828, 'other': 0}  rss= 3153.7MB  (12354s)
step  1067000/1200000  eps=0.150  episodes= 1296  mean_return=7026.090  mean_loss= 3.21656  mean_foundation= 52.0/52  lifetime_outcomes={'won': 458, 'stalled': 10, 'truncated': 828, 'other': 0}  rss= 3153.7MB  (12358s)
step  1068000/1200000  eps=0.150  episodes= 1297  mean_return=750.000  mean_loss= 3.43654  mean_foundation=  8.0/52  lifetime_outcomes={'won': 458, 'stalled': 10, 'truncated': 829, 'other': 0}  rss= 3153.7MB  (12361s)
step  1069000/1200000  eps=0.150  episodes= 1298  mean_return=7045.040  mean_loss= 3.42311  mean_foundation= 52.0/52  lifetime_outcomes={'won': 459, 'stalled': 10, 'truncated': 829, 'other': 0}  rss= 3153.7MB  (12365s)
step  1070000/1200000  eps=0.150  episodes= 1299  mean_return=1120.000  mean_loss= 3.31658  mean_foundation= 25.0/52  lifetime_outcomes={'won': 459, 'stalled': 10, 'truncated': 830, 'other': 0}  rss= 3153.7MB  (12369s)
  EVAL  step  1070000  win_rate=37.00%  mean_return=3190.524  mean_foundation= 26.2/52  mean_length=837.6  (greedy, 100 fixed deals)
step  1071000/1200000  eps=0.150  episodes= 1301  mean_return=4122.565  mean_loss= 3.20212  mean_foundation= 29.5/52  lifetime_outcomes={'won': 460, 'stalled': 10, 'truncated': 831, 'other': 0}  rss= 3153.7MB  (12455s)
step  1072000/1200000  eps=0.150  episodes= 1302  mean_return=1300.000  mean_loss= 3.26293  mean_foundation= 12.0/52  lifetime_outcomes={'won': 460, 'stalled': 10, 'truncated': 832, 'other': 0}  rss= 3153.7MB  (12458s)
step  1073000/1200000  eps=0.150  episodes= 1303  mean_return=7044.350  mean_loss= 3.31940  mean_foundation= 52.0/52  lifetime_outcomes={'won': 461, 'stalled': 10, 'truncated': 832, 'other': 0}  rss= 3153.7MB  (12462s)
step  1074000/1200000  eps=0.150  episodes= 1305  mean_return=7042.090  mean_loss= 3.19970  mean_foundation= 52.0/52  lifetime_outcomes={'won': 463, 'stalled': 10, 'truncated': 832, 'other': 0}  rss= 3153.7MB  (12466s)
step  1075000/1200000  eps=0.150  episodes= 1306  mean_return=1170.000  mean_loss= 3.41178  mean_foundation=  7.0/52  lifetime_outcomes={'won': 463, 'stalled': 10, 'truncated': 833, 'other': 0}  rss= 3153.7MB  (12469s)
step  1076000/1200000  eps=0.150  episodes= 1307  mean_return=760.000  mean_loss= 3.39551  mean_foundation=  2.0/52  lifetime_outcomes={'won': 463, 'stalled': 10, 'truncated': 834, 'other': 0}  rss= 3153.7MB  (12473s)
step  1077000/1200000  eps=0.150  episodes= 1308  mean_return=230.000  mean_loss= 3.29651  mean_foundation=  7.0/52  lifetime_outcomes={'won': 463, 'stalled': 10, 'truncated': 835, 'other': 0}  rss= 3153.7MB  (12476s)
step  1078000/1200000  eps=0.150  episodes= 1309  mean_return=7045.820  mean_loss= 3.23179  mean_foundation= 52.0/52  lifetime_outcomes={'won': 464, 'stalled': 10, 'truncated': 835, 'other': 0}  rss= 3153.7MB  (12480s)
step  1079000/1200000  eps=0.150  episodes= 1310  mean_return=1220.000  mean_loss= 3.26010  mean_foundation= 14.0/52  lifetime_outcomes={'won': 464, 'stalled': 10, 'truncated': 836, 'other': 0}  rss= 3153.7MB  (12483s)
step  1080000/1200000  eps=0.150  episodes= 1311  mean_return=250.000  mean_loss= 3.26043  mean_foundation=  0.0/52  lifetime_outcomes={'won': 464, 'stalled': 10, 'truncated': 837, 'other': 0}  rss= 3153.7MB  (12487s)
  EVAL  step  1080000  win_rate=34.00%  mean_return=3008.335  mean_foundation= 25.4/52  mean_length=836.5  (greedy, 100 fixed deals)
step  1081000/1200000  eps=0.150  episodes= 1313  mean_return=3676.735  mean_loss= 3.14242  mean_foundation= 27.5/52  lifetime_outcomes={'won': 465, 'stalled': 10, 'truncated': 838, 'other': 0}  rss= 3153.7MB  (12570s)
step  1082000/1200000  eps=0.150  episodes= 1315  mean_return=7044.650  mean_loss= 3.36394  mean_foundation= 52.0/52  lifetime_outcomes={'won': 467, 'stalled': 10, 'truncated': 838, 'other': 0}  rss= 3153.7MB  (12573s)
step  1083000/1200000  eps=0.150  episodes= 1316  mean_return=7041.760  mean_loss= 3.23347  mean_foundation= 52.0/52  lifetime_outcomes={'won': 468, 'stalled': 10, 'truncated': 838, 'other': 0}  rss= 3153.7MB  (12577s)
step  1084000/1200000  eps=0.150  episodes= 1317  mean_return=150.000  mean_loss= 3.34585  mean_foundation=  5.0/52  lifetime_outcomes={'won': 468, 'stalled': 10, 'truncated': 839, 'other': 0}  rss= 3153.7MB  (12580s)
step  1085000/1200000  eps=0.150  episodes= 1318  mean_return=1080.000  mean_loss= 3.25649  mean_foundation= 15.0/52  lifetime_outcomes={'won': 468, 'stalled': 10, 'truncated': 840, 'other': 0}  rss= 3153.7MB  (12584s)
step  1086000/1200000  eps=0.150  episodes= 1319  mean_return=7045.310  mean_loss= 3.20449  mean_foundation= 52.0/52  lifetime_outcomes={'won': 469, 'stalled': 10, 'truncated': 840, 'other': 0}  rss= 3153.7MB  (12587s)
step  1087000/1200000  eps=0.150  episodes= 1320  mean_return=390.000  mean_loss= 3.15616  mean_foundation=  6.0/52  lifetime_outcomes={'won': 469, 'stalled': 10, 'truncated': 841, 'other': 0}  rss= 3153.7MB  (12591s)
step  1088000/1200000  eps=0.150  episodes= 1321  mean_return=710.000  mean_loss= 3.26796  mean_foundation=  9.0/52  lifetime_outcomes={'won': 469, 'stalled': 10, 'truncated': 842, 'other': 0}  rss= 3153.7MB  (12594s)
step  1089000/1200000  eps=0.150  episodes= 1322  mean_return=1100.000  mean_loss= 3.19257  mean_foundation= 13.0/52  lifetime_outcomes={'won': 469, 'stalled': 10, 'truncated': 843, 'other': 0}  rss= 3153.7MB  (12598s)
step  1090000/1200000  eps=0.150  episodes= 1323  mean_return=470.000  mean_loss= 3.25237  mean_foundation=  6.0/52  lifetime_outcomes={'won': 469, 'stalled': 10, 'truncated': 844, 'other': 0}  rss= 3153.7MB  (12601s)
  EVAL  step  1090000  win_rate=35.00%  mean_return=3092.891  mean_foundation= 26.3/52  mean_length=820.9  (greedy, 100 fixed deals)
step  1091000/1200000  eps=0.150  episodes= 1326  mean_return=4958.200  mean_loss= 3.12349  mean_foundation= 36.3/52  lifetime_outcomes={'won': 471, 'stalled': 10, 'truncated': 845, 'other': 0}  rss= 3153.7MB  (12685s)
step  1092000/1200000  eps=0.150  episodes= 1328  mean_return=7043.945  mean_loss= 3.21120  mean_foundation= 52.0/52  lifetime_outcomes={'won': 473, 'stalled': 10, 'truncated': 845, 'other': 0}  rss= 3153.7MB  (12689s)
step  1093000/1200000  eps=0.150  episodes= 1329  mean_return=1000.000  mean_loss= 3.30061  mean_foundation=  7.0/52  lifetime_outcomes={'won': 473, 'stalled': 10, 'truncated': 846, 'other': 0}  rss= 3153.7MB  (12693s)
step  1094000/1200000  eps=0.150  episodes= 1330  mean_return=7041.080  mean_loss= 3.19260  mean_foundation= 52.0/52  lifetime_outcomes={'won': 474, 'stalled': 10, 'truncated': 846, 'other': 0}  rss= 3153.7MB  (12696s)
step  1095000/1200000  eps=0.150  episodes= 1331  mean_return=1270.000  mean_loss= 3.24836  mean_foundation= 16.0/52  lifetime_outcomes={'won': 474, 'stalled': 10, 'truncated': 847, 'other': 0}  rss= 3153.7MB  (12700s)
step  1096000/1200000  eps=0.150  episodes= 1332  mean_return=720.000  mean_loss= 3.08343  mean_foundation= 11.0/52  lifetime_outcomes={'won': 474, 'stalled': 10, 'truncated': 848, 'other': 0}  rss= 3153.7MB  (12703s)
step  1097000/1200000  eps=0.150  episodes= 1333  mean_return=430.000  mean_loss= 3.33755  mean_foundation=  6.0/52  lifetime_outcomes={'won': 474, 'stalled': 10, 'truncated': 849, 'other': 0}  rss= 3153.7MB  (12707s)
step  1098000/1200000  eps=0.150  episodes= 1334  mean_return=970.000  mean_loss= 3.27032  mean_foundation= 12.0/52  lifetime_outcomes={'won': 474, 'stalled': 10, 'truncated': 850, 'other': 0}  rss= 3153.7MB  (12710s)
step  1099000/1200000  eps=0.150  episodes= 1335  mean_return=7046.780  mean_loss= 3.21806  mean_foundation= 52.0/52  lifetime_outcomes={'won': 475, 'stalled': 10, 'truncated': 850, 'other': 0}  rss= 3153.7MB  (12714s)
step  1100000/1200000  eps=0.150  episodes= 1336  mean_return=1190.000  mean_loss= 3.05685  mean_foundation= 11.0/52  lifetime_outcomes={'won': 475, 'stalled': 10, 'truncated': 851, 'other': 0}  rss= 3153.7MB  (12717s)
  EVAL  step  1100000  win_rate=35.00%  mean_return=3066.187  mean_foundation= 25.5/52  mean_length=811.4  (greedy, 100 fixed deals)
step  1101000/1200000  eps=0.150  episodes= 1338  mean_return=3663.630  mean_loss= 3.16774  mean_foundation= 27.5/52  lifetime_outcomes={'won': 476, 'stalled': 10, 'truncated': 852, 'other': 0}  rss= 3153.7MB  (12796s)
step  1102000/1200000  eps=0.150  episodes= 1339  mean_return=490.000  mean_loss= 3.01198  mean_foundation=  5.0/52  lifetime_outcomes={'won': 476, 'stalled': 10, 'truncated': 853, 'other': 0}  rss= 3153.7MB  (12800s)
step  1103000/1200000  eps=0.150  episodes= 1341  mean_return=699.010  mean_loss= 3.15754  mean_foundation= 11.5/52  lifetime_outcomes={'won': 476, 'stalled': 11, 'truncated': 854, 'other': 0}  rss= 3153.7MB  (12803s)
step  1104000/1200000  eps=0.150  episodes= 1342  mean_return=320.000  mean_loss= 3.16364  mean_foundation=  4.0/52  lifetime_outcomes={'won': 476, 'stalled': 11, 'truncated': 855, 'other': 0}  rss= 3153.7MB  (12807s)
step  1105000/1200000  eps=0.150  episodes= 1343  mean_return=1350.000  mean_loss= 3.20501  mean_foundation=  8.0/52  lifetime_outcomes={'won': 476, 'stalled': 11, 'truncated': 856, 'other': 0}  rss= 3153.7MB  (12811s)
step  1106000/1200000  eps=0.150  episodes= 1344  mean_return=7045.600  mean_loss= 3.07364  mean_foundation= 52.0/52  lifetime_outcomes={'won': 477, 'stalled': 11, 'truncated': 856, 'other': 0}  rss= 3153.7MB  (12814s)
step  1107000/1200000  eps=0.150  episodes= 1345  mean_return=870.000  mean_loss= 3.25886  mean_foundation=  4.0/52  lifetime_outcomes={'won': 477, 'stalled': 11, 'truncated': 857, 'other': 0}  rss= 3153.7MB  (12818s)
step  1108000/1200000  eps=0.150  episodes= 1347  mean_return=4382.090  mean_loss= 3.17061  mean_foundation= 42.0/52  lifetime_outcomes={'won': 478, 'stalled': 11, 'truncated': 858, 'other': 0}  rss= 3153.7MB  (12822s)
step  1109000/1200000  eps=0.150  episodes= 1349  mean_return=4003.775  mean_loss= 3.11576  mean_foundation= 28.0/52  lifetime_outcomes={'won': 479, 'stalled': 11, 'truncated': 859, 'other': 0}  rss= 3153.7MB  (12825s)
step  1110000/1200000  eps=0.150  episodes= 1350  mean_return=1360.000  mean_loss= 3.26957  mean_foundation= 18.0/52  lifetime_outcomes={'won': 479, 'stalled': 11, 'truncated': 860, 'other': 0}  rss= 3153.7MB  (12829s)
  EVAL  step  1110000  win_rate=36.00%  mean_return=3141.062  mean_foundation= 26.7/52  mean_length=803.8  (greedy, 100 fixed deals)
step  1111000/1200000  eps=0.150  episodes= 1351  mean_return=7042.570  mean_loss= 3.02063  mean_foundation= 52.0/52  lifetime_outcomes={'won': 480, 'stalled': 11, 'truncated': 860, 'other': 0}  rss= 3153.7MB  (12911s)
step  1112000/1200000  eps=0.150  episodes= 1352  mean_return=140.000  mean_loss= 3.09521  mean_foundation=  4.0/52  lifetime_outcomes={'won': 480, 'stalled': 11, 'truncated': 861, 'other': 0}  rss= 3153.7MB  (12915s)
step  1113000/1200000  eps=0.150  episodes= 1353  mean_return=1120.000  mean_loss= 3.08671  mean_foundation= 14.0/52  lifetime_outcomes={'won': 480, 'stalled': 11, 'truncated': 862, 'other': 0}  rss= 3153.7MB  (12918s)
step  1114000/1200000  eps=0.150  episodes= 1354  mean_return=1620.000  mean_loss= 3.03080  mean_foundation= 20.0/52  lifetime_outcomes={'won': 480, 'stalled': 11, 'truncated': 863, 'other': 0}  rss= 3153.7MB  (12922s)
step  1115000/1200000  eps=0.150  episodes= 1355  mean_return=7045.900  mean_loss= 3.03178  mean_foundation= 52.0/52  lifetime_outcomes={'won': 481, 'stalled': 11, 'truncated': 863, 'other': 0}  rss= 3153.7MB  (12925s)
step  1116000/1200000  eps=0.150  episodes= 1356  mean_return=210.000  mean_loss= 3.15634  mean_foundation=  3.0/52  lifetime_outcomes={'won': 481, 'stalled': 11, 'truncated': 864, 'other': 0}  rss= 3153.7MB  (12929s)
step  1117000/1200000  eps=0.150  episodes= 1357  mean_return=1300.000  mean_loss= 3.24991  mean_foundation= 16.0/52  lifetime_outcomes={'won': 481, 'stalled': 11, 'truncated': 865, 'other': 0}  rss= 3153.7MB  (12933s)
step  1118000/1200000  eps=0.150  episodes= 1358  mean_return=1170.000  mean_loss= 3.08715  mean_foundation= 11.0/52  lifetime_outcomes={'won': 481, 'stalled': 11, 'truncated': 866, 'other': 0}  rss= 3153.7MB  (12936s)
step  1119000/1200000  eps=0.150  episodes= 1361  mean_return=4903.723  mean_loss= 3.03493  mean_foundation= 35.7/52  lifetime_outcomes={'won': 483, 'stalled': 11, 'truncated': 867, 'other': 0}  rss= 3153.7MB  (12940s)
step  1120000/1200000  eps=0.150  episodes= 1362  mean_return=7040.910  mean_loss= 3.08243  mean_foundation= 52.0/52  lifetime_outcomes={'won': 484, 'stalled': 11, 'truncated': 867, 'other': 0}  rss= 3153.7MB  (12944s)
  EVAL  step  1120000  win_rate=19.00%  mean_return=2238.998  mean_foundation= 21.9/52  mean_length=930.2  (greedy, 100 fixed deals)
step  1121000/1200000  eps=0.150  episodes= 1363  mean_return=1400.000  mean_loss= 3.10157  mean_foundation=  8.0/52  lifetime_outcomes={'won': 484, 'stalled': 11, 'truncated': 868, 'other': 0}  rss= 3153.7MB  (13032s)
step  1122000/1200000  eps=0.150  episodes= 1364  mean_return=1380.000  mean_loss= 3.00536  mean_foundation= 21.0/52  lifetime_outcomes={'won': 484, 'stalled': 11, 'truncated': 869, 'other': 0}  rss= 3153.7MB  (13036s)
step  1123000/1200000  eps=0.150  episodes= 1365  mean_return=880.000  mean_loss= 3.04948  mean_foundation=  4.0/52  lifetime_outcomes={'won': 484, 'stalled': 11, 'truncated': 870, 'other': 0}  rss= 3153.7MB  (13039s)
step  1124000/1200000  eps=0.150  episodes= 1366  mean_return=7046.290  mean_loss= 2.89329  mean_foundation= 52.0/52  lifetime_outcomes={'won': 485, 'stalled': 11, 'truncated': 870, 'other': 0}  rss= 3153.7MB  (13043s)
step  1125000/1200000  eps=0.150  episodes= 1368  mean_return=3851.835  mean_loss= 2.93043  mean_foundation= 27.0/52  lifetime_outcomes={'won': 486, 'stalled': 11, 'truncated': 871, 'other': 0}  rss= 3153.7MB  (13046s)
step  1126000/1200000  eps=0.150  episodes= 1369  mean_return=1620.000  mean_loss= 2.99977  mean_foundation= 22.0/52  lifetime_outcomes={'won': 486, 'stalled': 11, 'truncated': 872, 'other': 0}  rss= 3153.7MB  (13050s)
step  1127000/1200000  eps=0.150  episodes= 1371  mean_return=7025.960  mean_loss= 3.09575  mean_foundation= 52.0/52  lifetime_outcomes={'won': 488, 'stalled': 11, 'truncated': 872, 'other': 0}  rss= 3153.7MB  (13054s)
step  1128000/1200000  eps=0.150  episodes= 1372  mean_return=1660.000  mean_loss= 2.99532  mean_foundation= 28.0/52  lifetime_outcomes={'won': 488, 'stalled': 11, 'truncated': 873, 'other': 0}  rss= 3153.7MB  (13057s)
step  1129000/1200000  eps=0.150  episodes= 1373  mean_return=510.000  mean_loss= 3.04607  mean_foundation=  9.0/52  lifetime_outcomes={'won': 488, 'stalled': 11, 'truncated': 874, 'other': 0}  rss= 3153.7MB  (13061s)
step  1130000/1200000  eps=0.150  episodes= 1374  mean_return=890.000  mean_loss= 2.98361  mean_foundation=  6.0/52  lifetime_outcomes={'won': 488, 'stalled': 11, 'truncated': 875, 'other': 0}  rss= 3153.7MB  (13065s)
  EVAL  step  1130000  win_rate=30.00%  mean_return=2868.936  mean_foundation= 26.0/52  mean_length=866.4  (greedy, 100 fixed deals)
step  1131000/1200000  eps=0.150  episodes= 1375  mean_return=860.000  mean_loss= 2.94290  mean_foundation=  1.0/52  lifetime_outcomes={'won': 488, 'stalled': 11, 'truncated': 876, 'other': 0}  rss= 3153.7MB  (13152s)
step  1132000/1200000  eps=0.150  episodes= 1376  mean_return=1080.000  mean_loss= 3.04637  mean_foundation=  8.0/52  lifetime_outcomes={'won': 488, 'stalled': 11, 'truncated': 877, 'other': 0}  rss= 3153.7MB  (13156s)
step  1133000/1200000  eps=0.150  episodes= 1378  mean_return=7045.020  mean_loss= 2.95424  mean_foundation= 52.0/52  lifetime_outcomes={'won': 490, 'stalled': 11, 'truncated': 877, 'other': 0}  rss= 3153.7MB  (13159s)
step  1134000/1200000  eps=0.150  episodes= 1379  mean_return=7042.030  mean_loss= 2.94818  mean_foundation= 52.0/52  lifetime_outcomes={'won': 491, 'stalled': 11, 'truncated': 877, 'other': 0}  rss= 3153.7MB  (13163s)
step  1135000/1200000  eps=0.150  episodes= 1380  mean_return=530.000  mean_loss= 3.11704  mean_foundation=  8.0/52  lifetime_outcomes={'won': 491, 'stalled': 11, 'truncated': 878, 'other': 0}  rss= 3153.7MB  (13167s)
step  1136000/1200000  eps=0.150  episodes= 1381  mean_return=420.000  mean_loss= 2.87235  mean_foundation=  4.0/52  lifetime_outcomes={'won': 491, 'stalled': 11, 'truncated': 879, 'other': 0}  rss= 3153.7MB  (13170s)
step  1137000/1200000  eps=0.150  episodes= 1382  mean_return=370.000  mean_loss= 2.93699  mean_foundation=  2.0/52  lifetime_outcomes={'won': 491, 'stalled': 11, 'truncated': 880, 'other': 0}  rss= 3153.7MB  (13174s)
step  1138000/1200000  eps=0.150  episodes= 1384  mean_return=4417.965  mean_loss= 2.99309  mean_foundation= 44.5/52  lifetime_outcomes={'won': 492, 'stalled': 11, 'truncated': 881, 'other': 0}  rss= 3153.7MB  (13177s)
step  1139000/1200000  eps=0.150  episodes= 1385  mean_return=7045.660  mean_loss= 2.78064  mean_foundation= 52.0/52  lifetime_outcomes={'won': 493, 'stalled': 11, 'truncated': 881, 'other': 0}  rss= 3153.7MB  (13181s)
step  1140000/1200000  eps=0.150  episodes= 1386  mean_return=1310.000  mean_loss= 2.91705  mean_foundation= 20.0/52  lifetime_outcomes={'won': 493, 'stalled': 11, 'truncated': 882, 'other': 0}  rss= 3153.7MB  (13184s)
  EVAL  step  1140000  win_rate=35.00%  mean_return=3093.954  mean_foundation= 26.9/52  mean_length=824.6  (greedy, 100 fixed deals)
step  1141000/1200000  eps=0.150  episodes= 1387  mean_return=460.000  mean_loss= 2.87416  mean_foundation=  5.0/52  lifetime_outcomes={'won': 493, 'stalled': 11, 'truncated': 883, 'other': 0}  rss= 3153.7MB  (13264s)
step  1142000/1200000  eps=0.150  episodes= 1388  mean_return=7042.280  mean_loss= 2.86436  mean_foundation= 52.0/52  lifetime_outcomes={'won': 494, 'stalled': 11, 'truncated': 883, 'other': 0}  rss= 3153.7MB  (13267s)
step  1143000/1200000  eps=0.150  episodes= 1390  mean_return=4217.755  mean_loss= 3.00621  mean_foundation= 31.5/52  lifetime_outcomes={'won': 495, 'stalled': 11, 'truncated': 884, 'other': 0}  rss= 3153.7MB  (13271s)
step  1144000/1200000  eps=0.150  episodes= 1392  mean_return=7045.355  mean_loss= 2.93503  mean_foundation= 52.0/52  lifetime_outcomes={'won': 497, 'stalled': 11, 'truncated': 884, 'other': 0}  rss= 3153.7MB  (13274s)
step  1145000/1200000  eps=0.150  episodes= 1393  mean_return=770.000  mean_loss= 2.74884  mean_foundation= 11.0/52  lifetime_outcomes={'won': 497, 'stalled': 11, 'truncated': 885, 'other': 0}  rss= 3153.7MB  (13277s)
step  1146000/1200000  eps=0.150  episodes= 1394  mean_return=680.000  mean_loss= 2.97116  mean_foundation=  7.0/52  lifetime_outcomes={'won': 497, 'stalled': 11, 'truncated': 886, 'other': 0}  rss= 3153.7MB  (13281s)
step  1147000/1200000  eps=0.150  episodes= 1395  mean_return=1410.000  mean_loss= 2.80050  mean_foundation= 21.0/52  lifetime_outcomes={'won': 497, 'stalled': 11, 'truncated': 887, 'other': 0}  rss= 3153.7MB  (13284s)
step  1148000/1200000  eps=0.150  episodes= 1396  mean_return=7003.110  mean_loss= 2.83377  mean_foundation= 52.0/52  lifetime_outcomes={'won': 498, 'stalled': 11, 'truncated': 887, 'other': 0}  rss= 3153.7MB  (13288s)
step  1149000/1200000  eps=0.150  episodes= 1397  mean_return=580.000  mean_loss= 2.91435  mean_foundation=  4.0/52  lifetime_outcomes={'won': 498, 'stalled': 11, 'truncated': 888, 'other': 0}  rss= 3153.7MB  (13292s)
step  1150000/1200000  eps=0.150  episodes= 1398  mean_return=1230.000  mean_loss= 2.89233  mean_foundation= 10.0/52  lifetime_outcomes={'won': 498, 'stalled': 11, 'truncated': 889, 'other': 0}  rss= 3153.7MB  (13295s)
  EVAL  step  1150000  win_rate=30.00%  mean_return=2807.346  mean_foundation= 25.0/52  mean_length=855.4  (greedy, 100 fixed deals)
step  1151000/1200000  eps=0.150  episodes= 1400  mean_return=4121.035  mean_loss= 2.83849  mean_foundation= 32.5/52  lifetime_outcomes={'won': 499, 'stalled': 11, 'truncated': 890, 'other': 0}  rss= 3153.7MB  (13381s)
step  1152000/1200000  eps=0.150  episodes= 1401  mean_return=7045.730  mean_loss= 2.85221  mean_foundation= 52.0/52  lifetime_outcomes={'won': 500, 'stalled': 11, 'truncated': 890, 'other': 0}  rss= 3153.7MB  (13385s)
step  1153000/1200000  eps=0.150  episodes= 1402  mean_return=1420.000  mean_loss= 2.84219  mean_foundation= 20.0/52  lifetime_outcomes={'won': 500, 'stalled': 11, 'truncated': 891, 'other': 0}  rss= 3153.7MB  (13388s)
step  1154000/1200000  eps=0.150  episodes= 1404  mean_return=4027.045  mean_loss= 2.82540  mean_foundation= 30.0/52  lifetime_outcomes={'won': 501, 'stalled': 11, 'truncated': 892, 'other': 0}  rss= 3153.7MB  (13392s)
step  1155000/1200000  eps=0.150  episodes= 1405  mean_return=390.000  mean_loss= 2.72204  mean_foundation=  6.0/52  lifetime_outcomes={'won': 501, 'stalled': 11, 'truncated': 893, 'other': 0}  rss= 3153.7MB  (13396s)
step  1156000/1200000  eps=0.150  episodes= 1406  mean_return=7044.680  mean_loss= 2.89283  mean_foundation= 52.0/52  lifetime_outcomes={'won': 502, 'stalled': 11, 'truncated': 893, 'other': 0}  rss= 3153.7MB  (13399s)
step  1157000/1200000  eps=0.150  episodes= 1407  mean_return=930.000  mean_loss= 2.74210  mean_foundation=  6.0/52  lifetime_outcomes={'won': 502, 'stalled': 11, 'truncated': 894, 'other': 0}  rss= 3153.7MB  (13403s)
step  1158000/1200000  eps=0.150  episodes= 1408  mean_return=200.000  mean_loss= 2.80849  mean_foundation=  2.0/52  lifetime_outcomes={'won': 502, 'stalled': 11, 'truncated': 895, 'other': 0}  rss= 3153.7MB  (13407s)
step  1159000/1200000  eps=0.150  episodes= 1409  mean_return=930.000  mean_loss= 2.94105  mean_foundation=  9.0/52  lifetime_outcomes={'won': 502, 'stalled': 11, 'truncated': 896, 'other': 0}  rss= 3153.7MB  (13410s)
step  1160000/1200000  eps=0.150  episodes= 1410  mean_return=770.000  mean_loss= 2.66643  mean_foundation= 12.0/52  lifetime_outcomes={'won': 502, 'stalled': 11, 'truncated': 897, 'other': 0}  rss= 3153.7MB  (13414s)
  EVAL  step  1160000  win_rate=39.00%  mean_return=3318.153  mean_foundation= 27.8/52  mean_length=784.7  (greedy, 100 fixed deals)
step  1161000/1200000  eps=0.150  episodes= 1412  mean_return=7043.545  mean_loss= 2.81916  mean_foundation= 52.0/52  lifetime_outcomes={'won': 504, 'stalled': 11, 'truncated': 897, 'other': 0}  rss= 3153.7MB  (13492s)
step  1162000/1200000  eps=0.150  episodes= 1413  mean_return=1280.000  mean_loss= 2.85225  mean_foundation= 10.0/52  lifetime_outcomes={'won': 504, 'stalled': 11, 'truncated': 898, 'other': 0}  rss= 3153.7MB  (13496s)
step  1163000/1200000  eps=0.150  episodes= 1414  mean_return=600.000  mean_loss= 2.70619  mean_foundation= 10.0/52  lifetime_outcomes={'won': 504, 'stalled': 11, 'truncated': 899, 'other': 0}  rss= 3153.7MB  (13499s)
step  1164000/1200000  eps=0.150  episodes= 1415  mean_return=7044.780  mean_loss= 2.68982  mean_foundation= 52.0/52  lifetime_outcomes={'won': 505, 'stalled': 11, 'truncated': 899, 'other': 0}  rss= 3153.7MB  (13502s)
step  1165000/1200000  eps=0.150  episodes= 1417  mean_return=3696.975  mean_loss= 2.76964  mean_foundation= 27.0/52  lifetime_outcomes={'won': 506, 'stalled': 11, 'truncated': 900, 'other': 0}  rss= 3153.7MB  (13506s)
step  1166000/1200000  eps=0.150  episodes= 1418  mean_return=780.000  mean_loss= 2.78747  mean_foundation=  3.0/52  lifetime_outcomes={'won': 506, 'stalled': 11, 'truncated': 901, 'other': 0}  rss= 3153.7MB  (13509s)
step  1167000/1200000  eps=0.150  episodes= 1419  mean_return=590.000  mean_loss= 2.67299  mean_foundation= 10.0/52  lifetime_outcomes={'won': 506, 'stalled': 11, 'truncated': 902, 'other': 0}  rss= 3153.7MB  (13512s)
step  1168000/1200000  eps=0.150  episodes= 1420  mean_return=750.000  mean_loss= 2.76965  mean_foundation=  7.0/52  lifetime_outcomes={'won': 506, 'stalled': 11, 'truncated': 903, 'other': 0}  rss= 3153.7MB  (13516s)
step  1169000/1200000  eps=0.150  episodes= 1421  mean_return=7041.460  mean_loss= 2.66748  mean_foundation= 52.0/52  lifetime_outcomes={'won': 507, 'stalled': 11, 'truncated': 903, 'other': 0}  rss= 3153.7MB  (13519s)
step  1170000/1200000  eps=0.150  episodes= 1423  mean_return=7046.005  mean_loss= 2.67958  mean_foundation= 52.0/52  lifetime_outcomes={'won': 509, 'stalled': 11, 'truncated': 903, 'other': 0}  rss= 3153.7MB  (13523s)
  EVAL  step  1170000  win_rate=29.00%  mean_return=2783.817  mean_foundation= 24.9/52  mean_length=878.3  (greedy, 100 fixed deals)
step  1171000/1200000  eps=0.150  episodes= 1424  mean_return=1190.000  mean_loss= 2.93157  mean_foundation= 12.0/52  lifetime_outcomes={'won': 509, 'stalled': 11, 'truncated': 904, 'other': 0}  rss= 3153.7MB  (13612s)
step  1172000/1200000  eps=0.150  episodes= 1425  mean_return=740.000  mean_loss= 2.64283  mean_foundation=  4.0/52  lifetime_outcomes={'won': 509, 'stalled': 11, 'truncated': 905, 'other': 0}  rss= 3153.7MB  (13616s)
step  1173000/1200000  eps=0.150  episodes= 1426  mean_return=1620.000  mean_loss= 2.75818  mean_foundation= 30.0/52  lifetime_outcomes={'won': 509, 'stalled': 11, 'truncated': 906, 'other': 0}  rss= 3153.7MB  (13619s)
step  1174000/1200000  eps=0.150  episodes= 1427  mean_return=7040.720  mean_loss= 2.59174  mean_foundation= 52.0/52  lifetime_outcomes={'won': 510, 'stalled': 11, 'truncated': 906, 'other': 0}  rss= 3153.7MB  (13623s)
step  1175000/1200000  eps=0.150  episodes= 1428  mean_return=320.000  mean_loss= 2.66455  mean_foundation=  8.0/52  lifetime_outcomes={'won': 510, 'stalled': 11, 'truncated': 907, 'other': 0}  rss= 3153.7MB  (13626s)
step  1176000/1200000  eps=0.150  episodes= 1429  mean_return=1380.000  mean_loss= 2.66543  mean_foundation= 16.0/52  lifetime_outcomes={'won': 510, 'stalled': 11, 'truncated': 908, 'other': 0}  rss= 3153.7MB  (13630s)
step  1177000/1200000  eps=0.150  episodes= 1430  mean_return=1030.000  mean_loss= 2.76795  mean_foundation= 12.0/52  lifetime_outcomes={'won': 510, 'stalled': 11, 'truncated': 909, 'other': 0}  rss= 3153.7MB  (13634s)
step  1178000/1200000  eps=0.150  episodes= 1431  mean_return=870.000  mean_loss= 2.60296  mean_foundation= 12.0/52  lifetime_outcomes={'won': 510, 'stalled': 11, 'truncated': 910, 'other': 0}  rss= 3153.7MB  (13637s)
step  1179000/1200000  eps=0.150  episodes= 1434  mean_return=7045.600  mean_loss= 2.74303  mean_foundation= 52.0/52  lifetime_outcomes={'won': 513, 'stalled': 11, 'truncated': 910, 'other': 0}  rss= 3153.7MB  (13641s)
step  1180000/1200000  eps=0.150  episodes= 1435  mean_return=480.000  mean_loss= 2.65630  mean_foundation=  3.0/52  lifetime_outcomes={'won': 513, 'stalled': 11, 'truncated': 911, 'other': 0}  rss= 3153.7MB  (13645s)
  EVAL  step  1180000  win_rate=32.00%  mean_return=2934.638  mean_foundation= 25.7/52  mean_length=866.2  (greedy, 100 fixed deals)
step  1181000/1200000  eps=0.150  episodes= 1436  mean_return=1160.000  mean_loss= 2.63103  mean_foundation= 14.0/52  lifetime_outcomes={'won': 513, 'stalled': 11, 'truncated': 912, 'other': 0}  rss= 3153.7MB  (13730s)
step  1182000/1200000  eps=0.150  episodes= 1437  mean_return=1020.000  mean_loss= 2.79784  mean_foundation=  9.0/52  lifetime_outcomes={'won': 513, 'stalled': 11, 'truncated': 913, 'other': 0}  rss= 3153.7MB  (13734s)
step  1183000/1200000  eps=0.150  episodes= 1438  mean_return=1200.000  mean_loss= 2.67724  mean_foundation=  6.0/52  lifetime_outcomes={'won': 513, 'stalled': 11, 'truncated': 914, 'other': 0}  rss= 3153.7MB  (13738s)
step  1184000/1200000  eps=0.150  episodes= 1439  mean_return=240.000  mean_loss= 2.65656  mean_foundation=  5.0/52  lifetime_outcomes={'won': 513, 'stalled': 11, 'truncated': 915, 'other': 0}  rss= 3153.7MB  (13741s)
step  1185000/1200000  eps=0.150  episodes= 1440  mean_return=460.000  mean_loss= 2.82836  mean_foundation=  7.0/52  lifetime_outcomes={'won': 513, 'stalled': 11, 'truncated': 916, 'other': 0}  rss= 3153.7MB  (13745s)
step  1186000/1200000  eps=0.150  episodes= 1441  mean_return=1260.000  mean_loss= 2.59800  mean_foundation= 21.0/52  lifetime_outcomes={'won': 513, 'stalled': 11, 'truncated': 917, 'other': 0}  rss= 3153.7MB  (13748s)
step  1187000/1200000  eps=0.150  episodes= 1442  mean_return=400.000  mean_loss= 2.55295  mean_foundation=  7.0/52  lifetime_outcomes={'won': 513, 'stalled': 11, 'truncated': 918, 'other': 0}  rss= 3153.7MB  (13751s)
step  1188000/1200000  eps=0.150  episodes= 1443  mean_return=7047.140  mean_loss= 2.61709  mean_foundation= 52.0/52  lifetime_outcomes={'won': 514, 'stalled': 11, 'truncated': 918, 'other': 0}  rss= 3153.7MB  (13755s)
step  1189000/1200000  eps=0.150  episodes= 1445  mean_return=4258.035  mean_loss= 2.55940  mean_foundation= 34.0/52  lifetime_outcomes={'won': 515, 'stalled': 11, 'truncated': 919, 'other': 0}  rss= 3153.7MB  (13758s)
step  1190000/1200000  eps=0.150  episodes= 1446  mean_return=7040.300  mean_loss= 2.59881  mean_foundation= 52.0/52  lifetime_outcomes={'won': 516, 'stalled': 11, 'truncated': 919, 'other': 0}  rss= 3153.7MB  (13762s)
  EVAL  step  1190000  win_rate=29.00%  mean_return=2784.915  mean_foundation= 25.0/52  mean_length=868.5  (greedy, 100 fixed deals)
step  1191000/1200000  eps=0.150  episodes= 1448  mean_return=3892.515  mean_loss= 2.59271  mean_foundation= 31.0/52  lifetime_outcomes={'won': 517, 'stalled': 11, 'truncated': 920, 'other': 0}  rss= 3153.7MB  (13851s)
step  1192000/1200000  eps=0.150  episodes= 1449  mean_return=1310.000  mean_loss= 2.65051  mean_foundation= 13.0/52  lifetime_outcomes={'won': 517, 'stalled': 11, 'truncated': 921, 'other': 0}  rss= 3153.7MB  (13854s)
step  1193000/1200000  eps=0.150  episodes= 1450  mean_return=350.000  mean_loss= 2.63155  mean_foundation=  6.0/52  lifetime_outcomes={'won': 517, 'stalled': 11, 'truncated': 922, 'other': 0}  rss= 3153.7MB  (13858s)
step  1194000/1200000  eps=0.150  episodes= 1451  mean_return=660.000  mean_loss= 2.49774  mean_foundation=  8.0/52  lifetime_outcomes={'won': 517, 'stalled': 11, 'truncated': 923, 'other': 0}  rss= 3153.7MB  (13861s)
step  1195000/1200000  eps=0.150  episodes= 1452  mean_return=7045.080  mean_loss= 2.60225  mean_foundation= 52.0/52  lifetime_outcomes={'won': 518, 'stalled': 11, 'truncated': 923, 'other': 0}  rss= 3153.7MB  (13865s)
step  1196000/1200000  eps=0.150  episodes= 1453  mean_return=800.000  mean_loss= 2.49642  mean_foundation=  6.0/52  lifetime_outcomes={'won': 518, 'stalled': 11, 'truncated': 924, 'other': 0}  rss= 3153.7MB  (13868s)
step  1197000/1200000  eps=0.150  episodes= 1455  mean_return=7044.845  mean_loss= 2.61864  mean_foundation= 52.0/52  lifetime_outcomes={'won': 520, 'stalled': 11, 'truncated': 924, 'other': 0}  rss= 3153.7MB  (13872s)
step  1198000/1200000  eps=0.150  episodes= 1456  mean_return=1160.000  mean_loss= 2.54587  mean_foundation= 14.0/52  lifetime_outcomes={'won': 520, 'stalled': 11, 'truncated': 925, 'other': 0}  rss= 3153.7MB  (13876s)
step  1199000/1200000  eps=0.150  episodes= 1458  mean_return=4102.890  mean_loss= 2.56267  mean_foundation= 30.5/52  lifetime_outcomes={'won': 521, 'stalled': 11, 'truncated': 926, 'other': 0}  rss= 3153.7MB  (13879s)
step  1200000/1200000  eps=0.150  episodes= 1459  mean_return=930.000  mean_loss= 2.72968  mean_foundation=  9.0/52  lifetime_outcomes={'won': 521, 'stalled': 11, 'truncated': 927, 'other': 0}  rss= 3153.7MB  (13883s)
  EVAL  step  1200000  win_rate=32.00%  mean_return=2937.962  mean_foundation= 25.6/52  mean_length=853.8  (greedy, 100 fixed deals)
done. saved final checkpoint to runs/022_double_dqn_soft_nstep3_per_dqfd_moredemo_epsfloor_loopbreaker_1p2m/checkpoint_final.pt
