=== train_resilient: attempt 1 ===
run directory: runs/013_double_dqn_soft_nstep3_per_reward_shaping_stallfix
step     1000/400000  eps=0.995  episodes=    2  mean_return=970.000  mean_loss=     nan  mean_foundation=  4.5/52  lifetime_outcomes={'won': 0, 'stalled': 0, 'truncated': 2, 'other': 0}  rss=  913.8MB  (1s)
step     2000/400000  eps=0.991  episodes=    4  mean_return=880.000  mean_loss=     nan  mean_foundation=  3.5/52  lifetime_outcomes={'won': 0, 'stalled': 0, 'truncated': 4, 'other': 0}  rss=  931.4MB  (3s)
step     3000/400000  eps=0.986  episodes=    6  mean_return=525.000  mean_loss=     nan  mean_foundation=  7.5/52  lifetime_outcomes={'won': 0, 'stalled': 0, 'truncated': 6, 'other': 0}  rss=  941.6MB  (5s)
step     4000/400000  eps=0.981  episodes=    8  mean_return=1080.000  mean_loss=     nan  mean_foundation=  7.0/52  lifetime_outcomes={'won': 0, 'stalled': 0, 'truncated': 8, 'other': 0}  rss=  954.1MB  (7s)
step     5000/400000  eps=0.976  episodes=   10  mean_return=1305.000  mean_loss= 6.52505  mean_foundation=  7.5/52  lifetime_outcomes={'won': 0, 'stalled': 0, 'truncated': 10, 'other': 0}  rss= 1245.8MB  (10s)
step     6000/400000  eps=0.972  episodes=   12  mean_return=925.000  mean_loss= 6.78705  mean_foundation=  4.5/52  lifetime_outcomes={'won': 0, 'stalled': 0, 'truncated': 12, 'other': 0}  rss= 1256.7MB  (20s)
step     7000/400000  eps=0.967  episodes=   14  mean_return=810.000  mean_loss= 6.37084  mean_foundation=  6.5/52  lifetime_outcomes={'won': 0, 'stalled': 0, 'truncated': 14, 'other': 0}  rss= 1266.8MB  (31s)
step     8000/400000  eps=0.962  episodes=   16  mean_return=1105.000  mean_loss= 6.28730  mean_foundation=  6.0/52  lifetime_outcomes={'won': 0, 'stalled': 0, 'truncated': 16, 'other': 0}  rss= 1277.8MB  (44s)
step     9000/400000  eps=0.957  episodes=   18  mean_return=900.000  mean_loss= 7.57677  mean_foundation=  7.5/52  lifetime_outcomes={'won': 0, 'stalled': 0, 'truncated': 18, 'other': 0}  rss= 1288.3MB  (57s)
step    10000/400000  eps=0.953  episodes=   20  mean_return=1100.000  mean_loss= 8.14884  mean_foundation=  5.0/52  lifetime_outcomes={'won': 0, 'stalled': 0, 'truncated': 20, 'other': 0}  rss= 1300.5MB  (70s)
  EVAL  step    10000  win_rate=0.00%  mean_return=212.100  mean_foundation=  1.3/52  mean_length=500.0  (greedy, 100 fixed deals)
step    11000/400000  eps=0.948  episodes=   22  mean_return=520.000  mean_loss= 7.93989  mean_foundation=  6.5/52  lifetime_outcomes={'won': 0, 'stalled': 0, 'truncated': 22, 'other': 0}  rss= 1316.3MB  (153s)
step    12000/400000  eps=0.943  episodes=   24  mean_return=1375.000  mean_loss= 8.36856  mean_foundation=  7.0/52  lifetime_outcomes={'won': 0, 'stalled': 0, 'truncated': 24, 'other': 0}  rss= 1320.3MB  (155s)
step    13000/400000  eps=0.938  episodes=   26  mean_return=1540.000  mean_loss= 8.54775  mean_foundation=  5.5/52  lifetime_outcomes={'won': 0, 'stalled': 0, 'truncated': 26, 'other': 0}  rss= 1324.3MB  (158s)
step    14000/400000  eps=0.933  episodes=   28  mean_return=695.000  mean_loss= 8.69175  mean_foundation=  4.5/52  lifetime_outcomes={'won': 0, 'stalled': 0, 'truncated': 28, 'other': 0}  rss= 1326.4MB  (161s)
step    15000/400000  eps=0.929  episodes=   30  mean_return=1090.000  mean_loss= 8.88438  mean_foundation= 10.5/52  lifetime_outcomes={'won': 0, 'stalled': 0, 'truncated': 30, 'other': 0}  rss= 1332.4MB  (164s)
step    16000/400000  eps=0.924  episodes=   32  mean_return=1380.000  mean_loss= 8.79829  mean_foundation=  3.0/52  lifetime_outcomes={'won': 0, 'stalled': 0, 'truncated': 32, 'other': 0}  rss= 1334.4MB  (167s)
step    17000/400000  eps=0.919  episodes=   34  mean_return=650.000  mean_loss= 8.29836  mean_foundation=  4.0/52  lifetime_outcomes={'won': 0, 'stalled': 0, 'truncated': 34, 'other': 0}  rss= 1340.4MB  (170s)
step    18000/400000  eps=0.914  episodes=   36  mean_return=1515.000  mean_loss= 8.49738  mean_foundation=  9.0/52  lifetime_outcomes={'won': 0, 'stalled': 0, 'truncated': 36, 'other': 0}  rss= 1344.5MB  (173s)
step    19000/400000  eps=0.910  episodes=   38  mean_return=1135.000  mean_loss= 8.33509  mean_foundation=  4.5/52  lifetime_outcomes={'won': 0, 'stalled': 0, 'truncated': 38, 'other': 0}  rss= 1346.5MB  (176s)
step    20000/400000  eps=0.905  episodes=   40  mean_return=1005.000  mean_loss= 8.10455  mean_foundation=  6.0/52  lifetime_outcomes={'won': 0, 'stalled': 0, 'truncated': 40, 'other': 0}  rss= 1352.5MB  (180s)
  EVAL  step    20000  win_rate=0.00%  mean_return=233.200  mean_foundation=  1.2/52  mean_length=500.0  (greedy, 100 fixed deals)
step    21000/400000  eps=0.900  episodes=   42  mean_return=890.000  mean_loss= 8.40786  mean_foundation=  7.0/52  lifetime_outcomes={'won': 0, 'stalled': 0, 'truncated': 42, 'other': 0}  rss= 1354.5MB  (229s)
step    22000/400000  eps=0.895  episodes=   44  mean_return=1070.000  mean_loss= 8.06296  mean_foundation= 10.5/52  lifetime_outcomes={'won': 0, 'stalled': 0, 'truncated': 44, 'other': 0}  rss= 1360.6MB  (232s)
step    23000/400000  eps=0.891  episodes=   46  mean_return=1300.000  mean_loss= 8.02596  mean_foundation= 12.0/52  lifetime_outcomes={'won': 0, 'stalled': 0, 'truncated': 46, 'other': 0}  rss= 1362.6MB  (234s)
step    24000/400000  eps=0.886  episodes=   48  mean_return=1040.000  mean_loss= 7.61738  mean_foundation=  9.5/52  lifetime_outcomes={'won': 0, 'stalled': 0, 'truncated': 48, 'other': 0}  rss= 1368.6MB  (237s)
step    25000/400000  eps=0.881  episodes=   50  mean_return=910.000  mean_loss= 7.83307  mean_foundation=  7.5/52  lifetime_outcomes={'won': 0, 'stalled': 0, 'truncated': 50, 'other': 0}  rss= 1372.6MB  (240s)
step    26000/400000  eps=0.877  episodes=   52  mean_return=655.000  mean_loss= 7.56443  mean_foundation=  6.5/52  lifetime_outcomes={'won': 0, 'stalled': 0, 'truncated': 52, 'other': 0}  rss= 1374.7MB  (242s)
step    27000/400000  eps=0.872  episodes=   54  mean_return=1130.000  mean_loss= 7.25292  mean_foundation=  6.5/52  lifetime_outcomes={'won': 0, 'stalled': 0, 'truncated': 54, 'other': 0}  rss= 1380.7MB  (245s)
step    28000/400000  eps=0.867  episodes=   56  mean_return=1205.000  mean_loss= 7.44483  mean_foundation=  4.5/52  lifetime_outcomes={'won': 0, 'stalled': 0, 'truncated': 56, 'other': 0}  rss= 1382.7MB  (248s)
step    29000/400000  eps=0.862  episodes=   58  mean_return=1120.000  mean_loss= 7.16152  mean_foundation=  3.5/52  lifetime_outcomes={'won': 0, 'stalled': 0, 'truncated': 58, 'other': 0}  rss= 1388.8MB  (252s)
step    30000/400000  eps=0.858  episodes=   60  mean_return=1570.000  mean_loss= 7.50996  mean_foundation=  9.5/52  lifetime_outcomes={'won': 0, 'stalled': 0, 'truncated': 60, 'other': 0}  rss= 1390.9MB  (255s)
  EVAL  step    30000  win_rate=0.00%  mean_return=263.900  mean_foundation=  2.1/52  mean_length=500.0  (greedy, 100 fixed deals)
step    31000/400000  eps=0.853  episodes=   62  mean_return=807.135  mean_loss= 7.02712  mean_foundation=  5.0/52  lifetime_outcomes={'won': 0, 'stalled': 1, 'truncated': 61, 'other': 0}  rss= 1394.9MB  (306s)
step    32000/400000  eps=0.848  episodes=   64  mean_return=1320.000  mean_loss= 7.20548  mean_foundation= 15.0/52  lifetime_outcomes={'won': 0, 'stalled': 1, 'truncated': 63, 'other': 0}  rss= 1399.0MB  (309s)
step    33000/400000  eps=0.843  episodes=   66  mean_return=1610.000  mean_loss= 7.46852  mean_foundation= 16.5/52  lifetime_outcomes={'won': 0, 'stalled': 1, 'truncated': 65, 'other': 0}  rss= 1403.1MB  (312s)
step    34000/400000  eps=0.839  episodes=   68  mean_return=1455.000  mean_loss= 7.21707  mean_foundation= 12.5/52  lifetime_outcomes={'won': 0, 'stalled': 1, 'truncated': 67, 'other': 0}  rss= 1409.1MB  (315s)
step    35000/400000  eps=0.834  episodes=   70  mean_return=885.000  mean_loss= 7.31447  mean_foundation=  5.0/52  lifetime_outcomes={'won': 0, 'stalled': 1, 'truncated': 69, 'other': 0}  rss= 1411.1MB  (318s)
step    36000/400000  eps=0.829  episodes=   72  mean_return=1300.000  mean_loss= 7.34710  mean_foundation= 13.0/52  lifetime_outcomes={'won': 0, 'stalled': 1, 'truncated': 71, 'other': 0}  rss= 1415.2MB  (321s)
step    37000/400000  eps=0.824  episodes=   74  mean_return=1330.000  mean_loss= 7.30798  mean_foundation= 12.5/52  lifetime_outcomes={'won': 0, 'stalled': 1, 'truncated': 73, 'other': 0}  rss= 1419.2MB  (324s)
step    38000/400000  eps=0.820  episodes=   76  mean_return=1095.000  mean_loss= 7.07211  mean_foundation=  8.0/52  lifetime_outcomes={'won': 0, 'stalled': 1, 'truncated': 75, 'other': 0}  rss= 1423.2MB  (327s)
step    39000/400000  eps=0.815  episodes=   78  mean_return=1210.000  mean_loss= 6.96422  mean_foundation=  7.0/52  lifetime_outcomes={'won': 0, 'stalled': 1, 'truncated': 77, 'other': 0}  rss= 1427.3MB  (330s)
step    40000/400000  eps=0.810  episodes=   80  mean_return=1310.000  mean_loss= 7.01549  mean_foundation=  8.5/52  lifetime_outcomes={'won': 0, 'stalled': 1, 'truncated': 79, 'other': 0}  rss= 1431.3MB  (333s)
  EVAL  step    40000  win_rate=0.00%  mean_return=245.600  mean_foundation=  2.4/52  mean_length=500.0  (greedy, 100 fixed deals)
step    41000/400000  eps=0.805  episodes=   82  mean_return=650.000  mean_loss= 7.22788  mean_foundation=  7.0/52  lifetime_outcomes={'won': 0, 'stalled': 1, 'truncated': 81, 'other': 0}  rss= 1433.3MB  (381s)
step    42000/400000  eps=0.800  episodes=   84  mean_return=540.000  mean_loss= 6.84495  mean_foundation=  8.5/52  lifetime_outcomes={'won': 0, 'stalled': 1, 'truncated': 83, 'other': 0}  rss= 1439.4MB  (384s)
step    43000/400000  eps=0.796  episodes=   86  mean_return=1085.000  mean_loss= 6.68440  mean_foundation=  6.0/52  lifetime_outcomes={'won': 0, 'stalled': 1, 'truncated': 85, 'other': 0}  rss= 1443.4MB  (387s)
step    44000/400000  eps=0.791  episodes=   88  mean_return=1300.000  mean_loss= 6.79259  mean_foundation=  7.5/52  lifetime_outcomes={'won': 0, 'stalled': 1, 'truncated': 87, 'other': 0}  rss= 1447.4MB  (390s)
step    45000/400000  eps=0.786  episodes=   90  mean_return=1565.000  mean_loss= 6.75878  mean_foundation= 16.0/52  lifetime_outcomes={'won': 0, 'stalled': 1, 'truncated': 89, 'other': 0}  rss= 1451.4MB  (393s)
step    46000/400000  eps=0.781  episodes=   92  mean_return=1055.000  mean_loss= 6.56981  mean_foundation=  9.5/52  lifetime_outcomes={'won': 0, 'stalled': 1, 'truncated': 91, 'other': 0}  rss= 1453.4MB  (396s)
step    47000/400000  eps=0.777  episodes=   94  mean_return=930.000  mean_loss= 6.50937  mean_foundation=  6.0/52  lifetime_outcomes={'won': 0, 'stalled': 1, 'truncated': 93, 'other': 0}  rss= 1459.5MB  (399s)
step    48000/400000  eps=0.772  episodes=   96  mean_return=1270.000  mean_loss= 6.64264  mean_foundation= 11.0/52  lifetime_outcomes={'won': 0, 'stalled': 1, 'truncated': 95, 'other': 0}  rss= 1461.5MB  (402s)
step    49000/400000  eps=0.767  episodes=   98  mean_return=1015.000  mean_loss= 6.58415  mean_foundation=  9.5/52  lifetime_outcomes={'won': 0, 'stalled': 1, 'truncated': 97, 'other': 0}  rss= 1467.6MB  (404s)
step    50000/400000  eps=0.762  episodes=  100  mean_return=1015.000  mean_loss= 6.37871  mean_foundation= 10.0/52  lifetime_outcomes={'won': 0, 'stalled': 1, 'truncated': 99, 'other': 0}  rss= 1471.6MB  (407s)
  EVAL  step    50000  win_rate=0.00%  mean_return=252.400  mean_foundation=  2.9/52  mean_length=500.0  (greedy, 100 fixed deals)
step    51000/400000  eps=0.758  episodes=  102  mean_return=1355.000  mean_loss= 6.45979  mean_foundation=  6.0/52  lifetime_outcomes={'won': 0, 'stalled': 1, 'truncated': 101, 'other': 0}  rss= 1480.1MB  (455s)
step    52000/400000  eps=0.753  episodes=  104  mean_return=1265.000  mean_loss= 6.55296  mean_foundation=  6.0/52  lifetime_outcomes={'won': 0, 'stalled': 1, 'truncated': 103, 'other': 0}  rss= 1484.1MB  (458s)
step    53000/400000  eps=0.748  episodes=  107  mean_return=929.617  mean_loss= 6.52680  mean_foundation= 17.3/52  lifetime_outcomes={'won': 0, 'stalled': 2, 'truncated': 105, 'other': 0}  rss= 1486.1MB  (461s)
step    54000/400000  eps=0.744  episodes=  109  mean_return=735.000  mean_loss= 6.21399  mean_foundation=  8.0/52  lifetime_outcomes={'won': 0, 'stalled': 2, 'truncated': 107, 'other': 0}  rss= 1492.3MB  (464s)
step    55000/400000  eps=0.739  episodes=  111  mean_return=1665.000  mean_loss= 6.53639  mean_foundation= 25.0/52  lifetime_outcomes={'won': 0, 'stalled': 2, 'truncated': 109, 'other': 0}  rss= 1494.3MB  (467s)
step    56000/400000  eps=0.734  episodes=  113  mean_return=850.000  mean_loss= 6.14424  mean_foundation=  8.0/52  lifetime_outcomes={'won': 0, 'stalled': 2, 'truncated': 111, 'other': 0}  rss= 1500.3MB  (469s)
step    57000/400000  eps=0.729  episodes=  115  mean_return=780.000  mean_loss= 6.12327  mean_foundation=  4.5/52  lifetime_outcomes={'won': 0, 'stalled': 2, 'truncated': 113, 'other': 0}  rss= 1504.4MB  (472s)
step    58000/400000  eps=0.725  episodes=  117  mean_return=1455.000  mean_loss= 6.23741  mean_foundation= 11.5/52  lifetime_outcomes={'won': 0, 'stalled': 2, 'truncated': 115, 'other': 0}  rss= 1506.4MB  (475s)
step    59000/400000  eps=0.720  episodes=  119  mean_return=1140.000  mean_loss= 6.08957  mean_foundation=  6.0/52  lifetime_outcomes={'won': 0, 'stalled': 2, 'truncated': 117, 'other': 0}  rss= 1512.4MB  (478s)
step    60000/400000  eps=0.715  episodes=  121  mean_return=975.000  mean_loss= 5.86862  mean_foundation=  9.5/52  lifetime_outcomes={'won': 0, 'stalled': 2, 'truncated': 119, 'other': 0}  rss= 1514.4MB  (481s)
  EVAL  step    60000  win_rate=0.00%  mean_return=254.700  mean_foundation=  2.9/52  mean_length=500.0  (greedy, 100 fixed deals)
step    61000/400000  eps=0.710  episodes=  123  mean_return=1425.000  mean_loss= 6.27293  mean_foundation= 21.5/52  lifetime_outcomes={'won': 0, 'stalled': 2, 'truncated': 121, 'other': 0}  rss= 1520.5MB  (529s)
step    62000/400000  eps=0.706  episodes=  125  mean_return=940.000  mean_loss= 5.86614  mean_foundation=  5.5/52  lifetime_outcomes={'won': 0, 'stalled': 2, 'truncated': 123, 'other': 0}  rss= 1522.5MB  (532s)
step    63000/400000  eps=0.701  episodes=  127  mean_return=1460.000  mean_loss= 5.76215  mean_foundation= 13.5/52  lifetime_outcomes={'won': 0, 'stalled': 2, 'truncated': 125, 'other': 0}  rss= 1526.5MB  (535s)
step    64000/400000  eps=0.696  episodes=  129  mean_return=1025.000  mean_loss= 5.74436  mean_foundation=  4.0/52  lifetime_outcomes={'won': 0, 'stalled': 2, 'truncated': 127, 'other': 0}  rss= 1530.6MB  (538s)
step    65000/400000  eps=0.691  episodes=  131  mean_return=1535.000  mean_loss= 5.84521  mean_foundation=  9.5/52  lifetime_outcomes={'won': 0, 'stalled': 2, 'truncated': 129, 'other': 0}  rss= 1534.8MB  (542s)
step    66000/400000  eps=0.686  episodes=  133  mean_return=1520.000  mean_loss= 5.88875  mean_foundation= 11.0/52  lifetime_outcomes={'won': 0, 'stalled': 2, 'truncated': 131, 'other': 0}  rss= 1540.8MB  (545s)
step    67000/400000  eps=0.682  episodes=  135  mean_return=1240.000  mean_loss= 5.68421  mean_foundation=  8.0/52  lifetime_outcomes={'won': 0, 'stalled': 2, 'truncated': 133, 'other': 0}  rss= 1542.9MB  (548s)
step    68000/400000  eps=0.677  episodes=  137  mean_return=1055.000  mean_loss= 5.86444  mean_foundation=  9.0/52  lifetime_outcomes={'won': 0, 'stalled': 2, 'truncated': 135, 'other': 0}  rss= 1546.9MB  (551s)
step    69000/400000  eps=0.672  episodes=  139  mean_return=1535.000  mean_loss= 5.69962  mean_foundation= 14.5/52  lifetime_outcomes={'won': 0, 'stalled': 2, 'truncated': 137, 'other': 0}  rss= 1551.0MB  (554s)
step    70000/400000  eps=0.667  episodes=  141  mean_return=1370.000  mean_loss= 5.67522  mean_foundation= 17.0/52  lifetime_outcomes={'won': 0, 'stalled': 2, 'truncated': 139, 'other': 0}  rss= 1555.2MB  (558s)
  EVAL  step    70000  win_rate=0.00%  mean_return=294.100  mean_foundation=  2.4/52  mean_length=500.0  (greedy, 100 fixed deals)
step    71000/400000  eps=0.663  episodes=  143  mean_return=880.000  mean_loss= 5.69671  mean_foundation=  5.0/52  lifetime_outcomes={'won': 0, 'stalled': 2, 'truncated': 141, 'other': 0}  rss= 1559.2MB  (607s)
step    72000/400000  eps=0.658  episodes=  145  mean_return=845.000  mean_loss= 5.64026  mean_foundation=  7.5/52  lifetime_outcomes={'won': 0, 'stalled': 2, 'truncated': 143, 'other': 0}  rss= 1563.2MB  (610s)
step    73000/400000  eps=0.653  episodes=  147  mean_return=1190.000  mean_loss= 5.55458  mean_foundation= 11.0/52  lifetime_outcomes={'won': 0, 'stalled': 2, 'truncated': 145, 'other': 0}  rss= 1567.6MB  (613s)
step    74000/400000  eps=0.649  episodes=  149  mean_return=1795.000  mean_loss= 5.27785  mean_foundation= 22.5/52  lifetime_outcomes={'won': 0, 'stalled': 2, 'truncated': 147, 'other': 0}  rss= 1571.6MB  (616s)
step    75000/400000  eps=0.644  episodes=  151  mean_return=1265.000  mean_loss= 5.70909  mean_foundation= 15.5/52  lifetime_outcomes={'won': 0, 'stalled': 2, 'truncated': 149, 'other': 0}  rss= 1575.7MB  (619s)
step    76000/400000  eps=0.639  episodes=  153  mean_return=775.000  mean_loss= 5.41060  mean_foundation=  3.0/52  lifetime_outcomes={'won': 0, 'stalled': 2, 'truncated': 151, 'other': 0}  rss= 1579.7MB  (622s)
step    77000/400000  eps=0.634  episodes=  155  mean_return=815.000  mean_loss= 5.54054  mean_foundation=  6.0/52  lifetime_outcomes={'won': 0, 'stalled': 2, 'truncated': 153, 'other': 0}  rss= 1583.7MB  (625s)
step    78000/400000  eps=0.629  episodes=  157  mean_return=1840.000  mean_loss= 5.49222  mean_foundation= 29.5/52  lifetime_outcomes={'won': 0, 'stalled': 2, 'truncated': 155, 'other': 0}  rss= 1587.8MB  (628s)
step    79000/400000  eps=0.625  episodes=  159  mean_return=1375.000  mean_loss= 5.44505  mean_foundation= 19.5/52  lifetime_outcomes={'won': 0, 'stalled': 2, 'truncated': 157, 'other': 0}  rss= 1591.8MB  (631s)
step    80000/400000  eps=0.620  episodes=  161  mean_return=1490.000  mean_loss= 5.49965  mean_foundation= 23.0/52  lifetime_outcomes={'won': 0, 'stalled': 2, 'truncated': 159, 'other': 0}  rss= 1593.8MB  (634s)
  EVAL  step    80000  win_rate=0.00%  mean_return=299.000  mean_foundation=  4.4/52  mean_length=500.0  (greedy, 100 fixed deals)
step    81000/400000  eps=0.615  episodes=  163  mean_return=1455.000  mean_loss= 5.49855  mean_foundation= 27.0/52  lifetime_outcomes={'won': 0, 'stalled': 2, 'truncated': 161, 'other': 0}  rss= 1599.8MB  (682s)
step    82000/400000  eps=0.611  episodes=  165  mean_return=700.000  mean_loss= 5.28504  mean_foundation= 10.0/52  lifetime_outcomes={'won': 0, 'stalled': 2, 'truncated': 163, 'other': 0}  rss= 1603.9MB  (685s)
step    83000/400000  eps=0.606  episodes=  167  mean_return=1115.000  mean_loss= 5.27754  mean_foundation= 18.5/52  lifetime_outcomes={'won': 0, 'stalled': 2, 'truncated': 165, 'other': 0}  rss= 1607.9MB  (688s)
step    84000/400000  eps=0.601  episodes=  169  mean_return=820.000  mean_loss= 5.33749  mean_foundation= 10.5/52  lifetime_outcomes={'won': 0, 'stalled': 2, 'truncated': 167, 'other': 0}  rss= 1611.9MB  (691s)
step    85000/400000  eps=0.596  episodes=  171  mean_return=4085.020  mean_loss= 5.45319  mean_foundation= 31.0/52  lifetime_outcomes={'won': 1, 'stalled': 2, 'truncated': 168, 'other': 0}  rss= 1613.9MB  (694s)
step    86000/400000  eps=0.592  episodes=  173  mean_return=1000.000  mean_loss= 5.68378  mean_foundation=  9.5/52  lifetime_outcomes={'won': 1, 'stalled': 2, 'truncated': 170, 'other': 0}  rss= 1620.0MB  (697s)
step    87000/400000  eps=0.587  episodes=  175  mean_return=1180.000  mean_loss= 5.71571  mean_foundation= 11.5/52  lifetime_outcomes={'won': 1, 'stalled': 2, 'truncated': 172, 'other': 0}  rss= 1622.0MB  (700s)
step    88000/400000  eps=0.582  episodes=  177  mean_return=1330.000  mean_loss= 5.29319  mean_foundation= 14.0/52  lifetime_outcomes={'won': 1, 'stalled': 2, 'truncated': 174, 'other': 0}  rss= 1628.1MB  (703s)
step    89000/400000  eps=0.577  episodes=  179  mean_return=695.000  mean_loss= 5.27835  mean_foundation=  1.0/52  lifetime_outcomes={'won': 1, 'stalled': 2, 'truncated': 176, 'other': 0}  rss= 1632.1MB  (706s)
step    90000/400000  eps=0.573  episodes=  181  mean_return=365.000  mean_loss= 5.53499  mean_foundation=  2.5/52  lifetime_outcomes={'won': 1, 'stalled': 2, 'truncated': 178, 'other': 0}  rss= 1634.1MB  (709s)
  EVAL  step    90000  win_rate=0.00%  mean_return=280.400  mean_foundation=  1.9/52  mean_length=500.0  (greedy, 100 fixed deals)
step    91000/400000  eps=0.568  episodes=  183  mean_return=1345.000  mean_loss= 5.39621  mean_foundation= 18.0/52  lifetime_outcomes={'won': 1, 'stalled': 2, 'truncated': 180, 'other': 0}  rss= 1640.2MB  (758s)
step    92000/400000  eps=0.563  episodes=  185  mean_return=1475.000  mean_loss= 5.28863  mean_foundation= 25.0/52  lifetime_outcomes={'won': 1, 'stalled': 2, 'truncated': 182, 'other': 0}  rss= 1642.2MB  (761s)
step    93000/400000  eps=0.558  episodes=  187  mean_return=725.000  mean_loss= 5.32657  mean_foundation=  5.0/52  lifetime_outcomes={'won': 1, 'stalled': 2, 'truncated': 184, 'other': 0}  rss= 1648.2MB  (764s)
step    94000/400000  eps=0.554  episodes=  189  mean_return=1440.000  mean_loss= 5.21640  mean_foundation= 10.5/52  lifetime_outcomes={'won': 1, 'stalled': 2, 'truncated': 186, 'other': 0}  rss= 1650.3MB  (767s)
step    95000/400000  eps=0.549  episodes=  191  mean_return=1130.000  mean_loss= 5.29599  mean_foundation= 26.0/52  lifetime_outcomes={'won': 1, 'stalled': 2, 'truncated': 188, 'other': 0}  rss= 1654.3MB  (770s)
step    96000/400000  eps=0.544  episodes=  193  mean_return=1175.000  mean_loss= 5.23653  mean_foundation= 24.0/52  lifetime_outcomes={'won': 1, 'stalled': 2, 'truncated': 190, 'other': 0}  rss= 1658.3MB  (773s)
step    97000/400000  eps=0.539  episodes=  195  mean_return=1375.000  mean_loss= 5.13894  mean_foundation= 29.5/52  lifetime_outcomes={'won': 1, 'stalled': 2, 'truncated': 192, 'other': 0}  rss= 1662.4MB  (776s)
step    98000/400000  eps=0.534  episodes=  197  mean_return=1460.000  mean_loss= 5.20099  mean_foundation= 10.5/52  lifetime_outcomes={'won': 1, 'stalled': 2, 'truncated': 194, 'other': 0}  rss= 1666.4MB  (779s)
step    99000/400000  eps=0.530  episodes=  199  mean_return=1665.000  mean_loss= 5.00438  mean_foundation= 25.5/52  lifetime_outcomes={'won': 1, 'stalled': 2, 'truncated': 196, 'other': 0}  rss= 1667.6MB  (783s)
step   100000/400000  eps=0.525  episodes=  201  mean_return=1105.000  mean_loss= 4.96493  mean_foundation=  9.0/52  lifetime_outcomes={'won': 1, 'stalled': 2, 'truncated': 198, 'other': 0}  rss= 1670.3MB  (786s)
  EVAL  step   100000  win_rate=0.00%  mean_return=275.400  mean_foundation=  2.2/52  mean_length=500.0  (greedy, 100 fixed deals)
step   101000/400000  eps=0.520  episodes=  203  mean_return=1205.000  mean_loss= 4.90862  mean_foundation= 25.5/52  lifetime_outcomes={'won': 1, 'stalled': 2, 'truncated': 200, 'other': 0}  rss= 1670.3MB  (836s)
step   102000/400000  eps=0.516  episodes=  205  mean_return=1255.000  mean_loss= 5.01794  mean_foundation= 24.5/52  lifetime_outcomes={'won': 1, 'stalled': 2, 'truncated': 202, 'other': 0}  rss= 1670.3MB  (839s)
step   103000/400000  eps=0.511  episodes=  207  mean_return=805.000  mean_loss= 5.20529  mean_foundation=  5.5/52  lifetime_outcomes={'won': 1, 'stalled': 2, 'truncated': 204, 'other': 0}  rss= 1670.3MB  (842s)
step   104000/400000  eps=0.506  episodes=  209  mean_return=2030.000  mean_loss= 5.00321  mean_foundation= 48.0/52  lifetime_outcomes={'won': 1, 'stalled': 2, 'truncated': 206, 'other': 0}  rss= 1670.3MB  (845s)
step   105000/400000  eps=0.501  episodes=  211  mean_return=1220.000  mean_loss= 5.09091  mean_foundation= 21.5/52  lifetime_outcomes={'won': 1, 'stalled': 2, 'truncated': 208, 'other': 0}  rss= 1670.3MB  (849s)
step   106000/400000  eps=0.497  episodes=  213  mean_return=1130.000  mean_loss= 4.90251  mean_foundation= 13.0/52  lifetime_outcomes={'won': 1, 'stalled': 2, 'truncated': 210, 'other': 0}  rss= 1670.3MB  (852s)
step   107000/400000  eps=0.492  episodes=  215  mean_return=1240.000  mean_loss= 4.87358  mean_foundation= 20.5/52  lifetime_outcomes={'won': 1, 'stalled': 2, 'truncated': 212, 'other': 0}  rss= 1670.3MB  (855s)
step   108000/400000  eps=0.487  episodes=  217  mean_return=4410.015  mean_loss= 5.17231  mean_foundation= 39.0/52  lifetime_outcomes={'won': 2, 'stalled': 2, 'truncated': 213, 'other': 0}  rss= 1670.3MB  (858s)
step   109000/400000  eps=0.482  episodes=  219  mean_return=1380.000  mean_loss= 5.43601  mean_foundation= 19.5/52  lifetime_outcomes={'won': 2, 'stalled': 2, 'truncated': 215, 'other': 0}  rss= 1670.3MB  (862s)
step   110000/400000  eps=0.478  episodes=  221  mean_return=1075.000  mean_loss= 5.23257  mean_foundation=  7.5/52  lifetime_outcomes={'won': 2, 'stalled': 2, 'truncated': 217, 'other': 0}  rss= 1670.3MB  (865s)
  EVAL  step   110000  win_rate=0.00%  mean_return=288.800  mean_foundation=  2.0/52  mean_length=500.0  (greedy, 100 fixed deals)
step   111000/400000  eps=0.473  episodes=  223  mean_return=1245.000  mean_loss= 5.34655  mean_foundation=  7.5/52  lifetime_outcomes={'won': 2, 'stalled': 2, 'truncated': 219, 'other': 0}  rss= 1670.3MB  (913s)
step   112000/400000  eps=0.468  episodes=  225  mean_return=1310.000  mean_loss= 5.28608  mean_foundation= 16.5/52  lifetime_outcomes={'won': 2, 'stalled': 2, 'truncated': 221, 'other': 0}  rss= 1670.3MB  (917s)
step   113000/400000  eps=0.463  episodes=  227  mean_return=1005.000  mean_loss= 5.20098  mean_foundation= 19.0/52  lifetime_outcomes={'won': 2, 'stalled': 2, 'truncated': 223, 'other': 0}  rss= 1670.3MB  (920s)
step   114000/400000  eps=0.459  episodes=  229  mean_return=430.000  mean_loss= 4.91079  mean_foundation=  7.0/52  lifetime_outcomes={'won': 2, 'stalled': 2, 'truncated': 225, 'other': 0}  rss= 1670.3MB  (923s)
step   115000/400000  eps=0.454  episodes=  231  mean_return=745.000  mean_loss= 5.24099  mean_foundation=  3.5/52  lifetime_outcomes={'won': 2, 'stalled': 2, 'truncated': 227, 'other': 0}  rss= 1670.3MB  (926s)
step   116000/400000  eps=0.449  episodes=  233  mean_return=890.000  mean_loss= 5.04220  mean_foundation=  8.5/52  lifetime_outcomes={'won': 2, 'stalled': 2, 'truncated': 229, 'other': 0}  rss= 1670.3MB  (929s)
step   117000/400000  eps=0.444  episodes=  235  mean_return=1385.000  mean_loss= 4.88768  mean_foundation= 29.5/52  lifetime_outcomes={'won': 2, 'stalled': 2, 'truncated': 231, 'other': 0}  rss= 1670.3MB  (932s)
step   118000/400000  eps=0.440  episodes=  237  mean_return=895.000  mean_loss= 5.13566  mean_foundation=  9.0/52  lifetime_outcomes={'won': 2, 'stalled': 2, 'truncated': 233, 'other': 0}  rss= 1670.3MB  (936s)
step   119000/400000  eps=0.435  episodes=  239  mean_return=995.000  mean_loss= 4.99051  mean_foundation= 15.5/52  lifetime_outcomes={'won': 2, 'stalled': 2, 'truncated': 235, 'other': 0}  rss= 1670.3MB  (939s)
step   120000/400000  eps=0.430  episodes=  241  mean_return=1180.000  mean_loss= 5.03640  mean_foundation= 22.5/52  lifetime_outcomes={'won': 2, 'stalled': 2, 'truncated': 237, 'other': 0}  rss= 1670.3MB  (942s)
  EVAL  step   120000  win_rate=0.00%  mean_return=272.300  mean_foundation=  1.8/52  mean_length=500.0  (greedy, 100 fixed deals)
step   121000/400000  eps=0.425  episodes=  243  mean_return=535.000  mean_loss= 5.20932  mean_foundation=  4.5/52  lifetime_outcomes={'won': 2, 'stalled': 2, 'truncated': 239, 'other': 0}  rss= 1670.3MB  (988s)
step   122000/400000  eps=0.420  episodes=  245  mean_return=1370.000  mean_loss= 5.08860  mean_foundation= 24.0/52  lifetime_outcomes={'won': 2, 'stalled': 2, 'truncated': 241, 'other': 0}  rss= 1670.3MB  (991s)
step   123000/400000  eps=0.416  episodes=  247  mean_return=955.000  mean_loss= 4.86469  mean_foundation= 11.0/52  lifetime_outcomes={'won': 2, 'stalled': 2, 'truncated': 243, 'other': 0}  rss= 1670.3MB  (994s)
step   124000/400000  eps=0.411  episodes=  249  mean_return=1340.000  mean_loss= 4.99372  mean_foundation= 16.5/52  lifetime_outcomes={'won': 2, 'stalled': 2, 'truncated': 245, 'other': 0}  rss= 1670.3MB  (997s)
step   125000/400000  eps=0.406  episodes=  251  mean_return=4065.035  mean_loss= 4.93661  mean_foundation= 36.0/52  lifetime_outcomes={'won': 3, 'stalled': 2, 'truncated': 246, 'other': 0}  rss= 1670.3MB  (1001s)
step   126000/400000  eps=0.402  episodes=  254  mean_return=453.180  mean_loss= 5.28473  mean_foundation=  3.3/52  lifetime_outcomes={'won': 3, 'stalled': 3, 'truncated': 248, 'other': 0}  rss= 1670.3MB  (1004s)
step   127000/400000  eps=0.397  episodes=  256  mean_return=1405.000  mean_loss= 5.31585  mean_foundation= 14.5/52  lifetime_outcomes={'won': 3, 'stalled': 3, 'truncated': 250, 'other': 0}  rss= 1670.3MB  (1007s)
step   128000/400000  eps=0.392  episodes=  258  mean_return=660.000  mean_loss= 5.34053  mean_foundation=  8.5/52  lifetime_outcomes={'won': 3, 'stalled': 3, 'truncated': 252, 'other': 0}  rss= 1670.3MB  (1010s)
step   129000/400000  eps=0.387  episodes=  260  mean_return=475.000  mean_loss= 4.92671  mean_foundation=  5.5/52  lifetime_outcomes={'won': 3, 'stalled': 3, 'truncated': 254, 'other': 0}  rss= 1670.3MB  (1013s)
step   130000/400000  eps=0.383  episodes=  262  mean_return=1015.000  mean_loss= 5.11903  mean_foundation=  9.0/52  lifetime_outcomes={'won': 3, 'stalled': 3, 'truncated': 256, 'other': 0}  rss= 1670.3MB  (1016s)
  EVAL  step   130000  win_rate=0.00%  mean_return=311.900  mean_foundation=  2.9/52  mean_length=500.0  (greedy, 100 fixed deals)
step   131000/400000  eps=0.378  episodes=  264  mean_return=4035.230  mean_loss= 5.15630  mean_foundation= 30.0/52  lifetime_outcomes={'won': 4, 'stalled': 3, 'truncated': 257, 'other': 0}  rss= 1670.3MB  (1066s)
step   132000/400000  eps=0.373  episodes=  267  mean_return=2848.950  mean_loss= 5.36357  mean_foundation= 24.7/52  lifetime_outcomes={'won': 5, 'stalled': 3, 'truncated': 259, 'other': 0}  rss= 1670.3MB  (1070s)
step   133000/400000  eps=0.368  episodes=  269  mean_return=725.000  mean_loss= 5.37543  mean_foundation=  4.5/52  lifetime_outcomes={'won': 5, 'stalled': 3, 'truncated': 261, 'other': 0}  rss= 1670.3MB  (1073s)
step   134000/400000  eps=0.364  episodes=  271  mean_return=1715.000  mean_loss= 5.50641  mean_foundation= 33.0/52  lifetime_outcomes={'won': 5, 'stalled': 3, 'truncated': 263, 'other': 0}  rss= 1670.3MB  (1076s)
step   135000/400000  eps=0.359  episodes=  273  mean_return=1770.000  mean_loss= 5.63288  mean_foundation= 25.0/52  lifetime_outcomes={'won': 5, 'stalled': 3, 'truncated': 265, 'other': 0}  rss= 1670.3MB  (1080s)
step   136000/400000  eps=0.354  episodes=  275  mean_return=3940.560  mean_loss= 5.45959  mean_foundation= 30.5/52  lifetime_outcomes={'won': 6, 'stalled': 3, 'truncated': 266, 'other': 0}  rss= 1670.3MB  (1083s)
step   137000/400000  eps=0.349  episodes=  277  mean_return=4225.475  mean_loss= 5.40241  mean_foundation= 37.0/52  lifetime_outcomes={'won': 7, 'stalled': 3, 'truncated': 267, 'other': 0}  rss= 1670.3MB  (1086s)
step   138000/400000  eps=0.345  episodes=  279  mean_return=1570.000  mean_loss= 5.78396  mean_foundation= 28.0/52  lifetime_outcomes={'won': 7, 'stalled': 3, 'truncated': 269, 'other': 0}  rss= 1670.3MB  (1089s)
step   139000/400000  eps=0.340  episodes=  281  mean_return=900.000  mean_loss= 5.64016  mean_foundation= 10.0/52  lifetime_outcomes={'won': 7, 'stalled': 3, 'truncated': 271, 'other': 0}  rss= 1670.3MB  (1093s)
step   140000/400000  eps=0.335  episodes=  283  mean_return=1150.000  mean_loss= 5.50317  mean_foundation= 26.5/52  lifetime_outcomes={'won': 7, 'stalled': 3, 'truncated': 273, 'other': 0}  rss= 1670.3MB  (1096s)
  EVAL  step   140000  win_rate=0.00%  mean_return=298.500  mean_foundation=  2.9/52  mean_length=500.0  (greedy, 100 fixed deals)
step   141000/400000  eps=0.330  episodes=  286  mean_return=739.790  mean_loss= 5.59070  mean_foundation=  6.7/52  lifetime_outcomes={'won': 7, 'stalled': 4, 'truncated': 275, 'other': 0}  rss= 1670.3MB  (1145s)
step   142000/400000  eps=0.326  episodes=  288  mean_return=970.000  mean_loss= 5.81470  mean_foundation= 15.0/52  lifetime_outcomes={'won': 7, 'stalled': 4, 'truncated': 277, 'other': 0}  rss= 1670.3MB  (1148s)
step   143000/400000  eps=0.321  episodes=  290  mean_return=655.000  mean_loss= 5.77483  mean_foundation= 12.5/52  lifetime_outcomes={'won': 7, 'stalled': 4, 'truncated': 279, 'other': 0}  rss= 1670.3MB  (1151s)
step   144000/400000  eps=0.316  episodes=  292  mean_return=1705.000  mean_loss= 5.49227  mean_foundation= 30.0/52  lifetime_outcomes={'won': 7, 'stalled': 4, 'truncated': 281, 'other': 0}  rss= 1670.3MB  (1155s)
step   145000/400000  eps=0.311  episodes=  294  mean_return=1425.000  mean_loss= 5.58170  mean_foundation= 25.0/52  lifetime_outcomes={'won': 7, 'stalled': 4, 'truncated': 283, 'other': 0}  rss= 1670.3MB  (1158s)
step   146000/400000  eps=0.306  episodes=  296  mean_return=1435.000  mean_loss= 5.89439  mean_foundation= 11.5/52  lifetime_outcomes={'won': 7, 'stalled': 4, 'truncated': 285, 'other': 0}  rss= 1670.3MB  (1161s)
step   147000/400000  eps=0.302  episodes=  298  mean_return=865.000  mean_loss= 5.53112  mean_foundation=  8.5/52  lifetime_outcomes={'won': 7, 'stalled': 4, 'truncated': 287, 'other': 0}  rss= 1670.3MB  (1165s)
step   148000/400000  eps=0.297  episodes=  300  mean_return=755.000  mean_loss= 5.42283  mean_foundation=  6.5/52  lifetime_outcomes={'won': 7, 'stalled': 4, 'truncated': 289, 'other': 0}  rss= 1670.3MB  (1168s)
step   149000/400000  eps=0.292  episodes=  302  mean_return=1250.000  mean_loss= 5.45374  mean_foundation= 15.0/52  lifetime_outcomes={'won': 7, 'stalled': 4, 'truncated': 291, 'other': 0}  rss= 1670.3MB  (1171s)
step   150000/400000  eps=0.288  episodes=  304  mean_return=405.000  mean_loss= 5.26289  mean_foundation=  2.0/52  lifetime_outcomes={'won': 7, 'stalled': 4, 'truncated': 293, 'other': 0}  rss= 1670.3MB  (1174s)
  EVAL  step   150000  win_rate=0.00%  mean_return=325.900  mean_foundation=  3.1/52  mean_length=500.0  (greedy, 100 fixed deals)
step   151000/400000  eps=0.283  episodes=  306  mean_return=780.000  mean_loss= 5.47997  mean_foundation=  9.0/52  lifetime_outcomes={'won': 7, 'stalled': 4, 'truncated': 295, 'other': 0}  rss= 1670.3MB  (1222s)
step   152000/400000  eps=0.278  episodes=  308  mean_return=1480.000  mean_loss= 5.39902  mean_foundation= 23.0/52  lifetime_outcomes={'won': 7, 'stalled': 4, 'truncated': 297, 'other': 0}  rss= 1670.3MB  (1225s)
step   153000/400000  eps=0.273  episodes=  310  mean_return=765.000  mean_loss= 5.50350  mean_foundation= 12.0/52  lifetime_outcomes={'won': 7, 'stalled': 4, 'truncated': 299, 'other': 0}  rss= 1670.3MB  (1228s)
step   154000/400000  eps=0.269  episodes=  312  mean_return=455.000  mean_loss= 5.33110  mean_foundation=  7.0/52  lifetime_outcomes={'won': 7, 'stalled': 4, 'truncated': 301, 'other': 0}  rss= 1670.3MB  (1231s)
step   155000/400000  eps=0.264  episodes=  314  mean_return=1360.000  mean_loss= 5.44442  mean_foundation= 18.0/52  lifetime_outcomes={'won': 7, 'stalled': 4, 'truncated': 303, 'other': 0}  rss= 1670.3MB  (1234s)
step   156000/400000  eps=0.259  episodes=  316  mean_return=1185.000  mean_loss= 5.57618  mean_foundation= 12.5/52  lifetime_outcomes={'won': 7, 'stalled': 4, 'truncated': 305, 'other': 0}  rss= 1670.3MB  (1237s)
step   157000/400000  eps=0.254  episodes=  318  mean_return=690.000  mean_loss= 5.27696  mean_foundation=  7.0/52  lifetime_outcomes={'won': 7, 'stalled': 4, 'truncated': 307, 'other': 0}  rss= 1670.3MB  (1241s)
step   158000/400000  eps=0.250  episodes=  320  mean_return=1240.000  mean_loss= 5.24435  mean_foundation= 15.5/52  lifetime_outcomes={'won': 7, 'stalled': 4, 'truncated': 309, 'other': 0}  rss= 1670.3MB  (1244s)
step   159000/400000  eps=0.245  episodes=  322  mean_return=1880.000  mean_loss= 5.10418  mean_foundation= 38.5/52  lifetime_outcomes={'won': 7, 'stalled': 4, 'truncated': 311, 'other': 0}  rss= 1670.3MB  (1247s)
step   160000/400000  eps=0.240  episodes=  324  mean_return=470.000  mean_loss= 5.45453  mean_foundation=  2.5/52  lifetime_outcomes={'won': 7, 'stalled': 4, 'truncated': 313, 'other': 0}  rss= 1670.3MB  (1251s)
  EVAL  step   160000  win_rate=0.00%  mean_return=320.200  mean_foundation=  3.1/52  mean_length=500.0  (greedy, 100 fixed deals)
step   161000/400000  eps=0.235  episodes=  326  mean_return=3925.525  mean_loss= 5.33420  mean_foundation= 30.0/52  lifetime_outcomes={'won': 8, 'stalled': 4, 'truncated': 314, 'other': 0}  rss= 1670.3MB  (1302s)
step   162000/400000  eps=0.231  episodes=  328  mean_return=825.000  mean_loss= 5.60165  mean_foundation=  9.5/52  lifetime_outcomes={'won': 8, 'stalled': 4, 'truncated': 316, 'other': 0}  rss= 1670.3MB  (1305s)
step   163000/400000  eps=0.226  episodes=  330  mean_return=965.000  mean_loss= 5.40625  mean_foundation= 13.0/52  lifetime_outcomes={'won': 8, 'stalled': 4, 'truncated': 318, 'other': 0}  rss= 1670.3MB  (1309s)
step   164000/400000  eps=0.221  episodes=  332  mean_return=1120.000  mean_loss= 5.31711  mean_foundation= 14.5/52  lifetime_outcomes={'won': 8, 'stalled': 4, 'truncated': 320, 'other': 0}  rss= 1670.3MB  (1312s)
step   165000/400000  eps=0.216  episodes=  334  mean_return=1450.000  mean_loss= 5.41915  mean_foundation= 18.0/52  lifetime_outcomes={'won': 8, 'stalled': 4, 'truncated': 322, 'other': 0}  rss= 1670.3MB  (1316s)
step   166000/400000  eps=0.212  episodes=  336  mean_return=1185.000  mean_loss= 5.43073  mean_foundation= 20.5/52  lifetime_outcomes={'won': 8, 'stalled': 4, 'truncated': 324, 'other': 0}  rss= 1670.3MB  (1319s)
step   167000/400000  eps=0.207  episodes=  338  mean_return=730.000  mean_loss= 5.14060  mean_foundation=  9.0/52  lifetime_outcomes={'won': 8, 'stalled': 4, 'truncated': 326, 'other': 0}  rss= 1670.3MB  (1323s)
step   168000/400000  eps=0.202  episodes=  340  mean_return=715.000  mean_loss= 5.23857  mean_foundation= 11.0/52  lifetime_outcomes={'won': 8, 'stalled': 4, 'truncated': 328, 'other': 0}  rss= 1670.3MB  (1326s)
step   169000/400000  eps=0.197  episodes=  342  mean_return=765.000  mean_loss= 5.25859  mean_foundation=  6.5/52  lifetime_outcomes={'won': 8, 'stalled': 4, 'truncated': 330, 'other': 0}  rss= 1670.3MB  (1330s)
step   170000/400000  eps=0.193  episodes=  344  mean_return=960.000  mean_loss= 5.10461  mean_foundation=  8.0/52  lifetime_outcomes={'won': 8, 'stalled': 4, 'truncated': 332, 'other': 0}  rss= 1670.3MB  (1333s)
  EVAL  step   170000  win_rate=0.00%  mean_return=268.400  mean_foundation=  2.4/52  mean_length=500.0  (greedy, 100 fixed deals)
step   171000/400000  eps=0.188  episodes=  346  mean_return=1005.000  mean_loss= 5.16133  mean_foundation=  9.0/52  lifetime_outcomes={'won': 8, 'stalled': 4, 'truncated': 334, 'other': 0}  rss= 1670.3MB  (1381s)
step   172000/400000  eps=0.183  episodes=  348  mean_return=3950.360  mean_loss= 4.97884  mean_foundation= 29.0/52  lifetime_outcomes={'won': 9, 'stalled': 4, 'truncated': 335, 'other': 0}  rss= 1670.3MB  (1385s)
step   173000/400000  eps=0.178  episodes=  350  mean_return=975.000  mean_loss= 5.25095  mean_foundation= 12.5/52  lifetime_outcomes={'won': 9, 'stalled': 4, 'truncated': 337, 'other': 0}  rss= 1670.3MB  (1388s)
step   174000/400000  eps=0.173  episodes=  352  mean_return=865.000  mean_loss= 5.24513  mean_foundation= 13.0/52  lifetime_outcomes={'won': 9, 'stalled': 4, 'truncated': 339, 'other': 0}  rss= 1670.3MB  (1392s)
step   175000/400000  eps=0.169  episodes=  354  mean_return=680.000  mean_loss= 5.21028  mean_foundation=  7.0/52  lifetime_outcomes={'won': 9, 'stalled': 4, 'truncated': 341, 'other': 0}  rss= 1670.3MB  (1395s)
step   176000/400000  eps=0.164  episodes=  356  mean_return=1210.000  mean_loss= 5.22329  mean_foundation= 18.5/52  lifetime_outcomes={'won': 9, 'stalled': 4, 'truncated': 343, 'other': 0}  rss= 1670.3MB  (1398s)
step   177000/400000  eps=0.159  episodes=  358  mean_return=795.000  mean_loss= 5.13026  mean_foundation=  5.5/52  lifetime_outcomes={'won': 9, 'stalled': 4, 'truncated': 345, 'other': 0}  rss= 1670.3MB  (1402s)
step   178000/400000  eps=0.155  episodes=  360  mean_return=860.000  mean_loss= 5.09335  mean_foundation=  6.0/52  lifetime_outcomes={'won': 9, 'stalled': 4, 'truncated': 347, 'other': 0}  rss= 1670.3MB  (1405s)
step   179000/400000  eps=0.150  episodes=  362  mean_return=835.000  mean_loss= 5.05783  mean_foundation=  4.0/52  lifetime_outcomes={'won': 9, 'stalled': 4, 'truncated': 349, 'other': 0}  rss= 1670.3MB  (1408s)
step   180000/400000  eps=0.145  episodes=  364  mean_return=1240.000  mean_loss= 5.11723  mean_foundation= 22.0/52  lifetime_outcomes={'won': 9, 'stalled': 4, 'truncated': 351, 'other': 0}  rss= 1670.3MB  (1412s)
  EVAL  step   180000  win_rate=0.00%  mean_return=277.900  mean_foundation=  2.5/52  mean_length=500.0  (greedy, 100 fixed deals)
step   181000/400000  eps=0.140  episodes=  366  mean_return=640.000  mean_loss= 4.87119  mean_foundation=  6.5/52  lifetime_outcomes={'won': 9, 'stalled': 4, 'truncated': 353, 'other': 0}  rss= 1670.3MB  (1458s)
step   182000/400000  eps=0.136  episodes=  368  mean_return=545.000  mean_loss= 4.86142  mean_foundation=  3.5/52  lifetime_outcomes={'won': 9, 'stalled': 4, 'truncated': 355, 'other': 0}  rss= 1670.3MB  (1461s)
step   183000/400000  eps=0.131  episodes=  370  mean_return=510.000  mean_loss= 4.78333  mean_foundation=  6.0/52  lifetime_outcomes={'won': 9, 'stalled': 4, 'truncated': 357, 'other': 0}  rss= 1670.3MB  (1464s)
step   184000/400000  eps=0.126  episodes=  372  mean_return=3730.495  mean_loss= 4.88048  mean_foundation= 29.0/52  lifetime_outcomes={'won': 10, 'stalled': 4, 'truncated': 358, 'other': 0}  rss= 1670.3MB  (1467s)
step   185000/400000  eps=0.121  episodes=  374  mean_return=630.000  mean_loss= 4.65669  mean_foundation=  4.5/52  lifetime_outcomes={'won': 10, 'stalled': 4, 'truncated': 360, 'other': 0}  rss= 1670.3MB  (1470s)
step   186000/400000  eps=0.117  episodes=  376  mean_return=980.000  mean_loss= 4.72922  mean_foundation= 12.0/52  lifetime_outcomes={'won': 10, 'stalled': 4, 'truncated': 362, 'other': 0}  rss= 1670.3MB  (1473s)
step   187000/400000  eps=0.112  episodes=  378  mean_return=920.000  mean_loss= 4.66265  mean_foundation= 11.5/52  lifetime_outcomes={'won': 10, 'stalled': 4, 'truncated': 364, 'other': 0}  rss= 1670.3MB  (1477s)
step   188000/400000  eps=0.107  episodes=  380  mean_return=305.000  mean_loss= 4.76892  mean_foundation=  2.5/52  lifetime_outcomes={'won': 10, 'stalled': 4, 'truncated': 366, 'other': 0}  rss= 1670.3MB  (1480s)
step   189000/400000  eps=0.102  episodes=  382  mean_return=830.000  mean_loss= 4.66063  mean_foundation=  8.0/52  lifetime_outcomes={'won': 10, 'stalled': 4, 'truncated': 368, 'other': 0}  rss= 1670.3MB  (1483s)
step   190000/400000  eps=0.098  episodes=  384  mean_return=730.000  mean_loss= 4.66719  mean_foundation= 13.5/52  lifetime_outcomes={'won': 10, 'stalled': 4, 'truncated': 370, 'other': 0}  rss= 1670.3MB  (1486s)
  EVAL  step   190000  win_rate=0.00%  mean_return=276.700  mean_foundation=  2.3/52  mean_length=500.0  (greedy, 100 fixed deals)
step   191000/400000  eps=0.093  episodes=  386  mean_return=305.000  mean_loss= 4.62264  mean_foundation=  5.0/52  lifetime_outcomes={'won': 10, 'stalled': 4, 'truncated': 372, 'other': 0}  rss= 1670.3MB  (1535s)
step   192000/400000  eps=0.088  episodes=  388  mean_return=685.000  mean_loss= 4.32594  mean_foundation=  7.5/52  lifetime_outcomes={'won': 10, 'stalled': 4, 'truncated': 374, 'other': 0}  rss= 1670.3MB  (1538s)
step   193000/400000  eps=0.083  episodes=  390  mean_return=780.000  mean_loss= 4.47649  mean_foundation=  4.0/52  lifetime_outcomes={'won': 10, 'stalled': 4, 'truncated': 376, 'other': 0}  rss= 1670.3MB  (1542s)
step   194000/400000  eps=0.079  episodes=  392  mean_return=625.000  mean_loss= 4.48310  mean_foundation=  5.0/52  lifetime_outcomes={'won': 10, 'stalled': 4, 'truncated': 378, 'other': 0}  rss= 1670.3MB  (1545s)
step   195000/400000  eps=0.074  episodes=  395  mean_return=665.467  mean_loss= 4.54886  mean_foundation=  7.7/52  lifetime_outcomes={'won': 10, 'stalled': 5, 'truncated': 380, 'other': 0}  rss= 1670.3MB  (1549s)
step   196000/400000  eps=0.069  episodes=  397  mean_return=575.000  mean_loss= 4.29312  mean_foundation= 11.5/52  lifetime_outcomes={'won': 10, 'stalled': 5, 'truncated': 382, 'other': 0}  rss= 1670.3MB  (1552s)
step   197000/400000  eps=0.064  episodes=  399  mean_return=510.000  mean_loss= 4.18076  mean_foundation=  6.5/52  lifetime_outcomes={'won': 10, 'stalled': 5, 'truncated': 384, 'other': 0}  rss= 1670.3MB  (1556s)
step   198000/400000  eps=0.059  episodes=  401  mean_return=785.000  mean_loss= 4.27499  mean_foundation=  8.0/52  lifetime_outcomes={'won': 10, 'stalled': 5, 'truncated': 386, 'other': 0}  rss= 1670.3MB  (1559s)
step   199000/400000  eps=0.055  episodes=  403  mean_return=695.000  mean_loss= 4.25872  mean_foundation=  9.0/52  lifetime_outcomes={'won': 10, 'stalled': 5, 'truncated': 388, 'other': 0}  rss= 1670.3MB  (1563s)
step   200000/400000  eps=0.050  episodes=  405  mean_return=520.000  mean_loss= 4.09039  mean_foundation=  3.5/52  lifetime_outcomes={'won': 10, 'stalled': 5, 'truncated': 390, 'other': 0}  rss= 1670.3MB  (1566s)
  EVAL  step   200000  win_rate=0.00%  mean_return=299.100  mean_foundation=  2.2/52  mean_length=500.0  (greedy, 100 fixed deals)
step   201000/400000  eps=0.050  episodes=  407  mean_return=290.000  mean_loss= 4.09664  mean_foundation=  3.5/52  lifetime_outcomes={'won': 10, 'stalled': 5, 'truncated': 392, 'other': 0}  rss= 1670.3MB  (1615s)
step   202000/400000  eps=0.050  episodes=  409  mean_return=820.000  mean_loss= 4.06159  mean_foundation=  6.0/52  lifetime_outcomes={'won': 10, 'stalled': 5, 'truncated': 394, 'other': 0}  rss= 1670.3MB  (1619s)
step   203000/400000  eps=0.050  episodes=  411  mean_return=545.000  mean_loss= 4.16164  mean_foundation=  2.5/52  lifetime_outcomes={'won': 10, 'stalled': 5, 'truncated': 396, 'other': 0}  rss= 1670.3MB  (1622s)
step   204000/400000  eps=0.050  episodes=  413  mean_return=525.000  mean_loss= 4.06790  mean_foundation=  5.0/52  lifetime_outcomes={'won': 10, 'stalled': 5, 'truncated': 398, 'other': 0}  rss= 1670.3MB  (1626s)
step   205000/400000  eps=0.050  episodes=  415  mean_return=500.000  mean_loss= 4.14956  mean_foundation=  4.0/52  lifetime_outcomes={'won': 10, 'stalled': 5, 'truncated': 400, 'other': 0}  rss= 1670.3MB  (1629s)
step   206000/400000  eps=0.050  episodes=  417  mean_return=740.000  mean_loss= 3.84453  mean_foundation=  7.5/52  lifetime_outcomes={'won': 10, 'stalled': 5, 'truncated': 402, 'other': 0}  rss= 1670.3MB  (1633s)
step   207000/400000  eps=0.050  episodes=  419  mean_return=780.000  mean_loss= 3.98274  mean_foundation=  3.5/52  lifetime_outcomes={'won': 10, 'stalled': 5, 'truncated': 404, 'other': 0}  rss= 1670.3MB  (1636s)
step   208000/400000  eps=0.050  episodes=  421  mean_return=505.000  mean_loss= 3.78284  mean_foundation=  7.0/52  lifetime_outcomes={'won': 10, 'stalled': 5, 'truncated': 406, 'other': 0}  rss= 1670.3MB  (1639s)
step   209000/400000  eps=0.050  episodes=  423  mean_return=430.000  mean_loss= 3.63515  mean_foundation=  6.5/52  lifetime_outcomes={'won': 10, 'stalled': 5, 'truncated': 408, 'other': 0}  rss= 1670.3MB  (1643s)
step   210000/400000  eps=0.050  episodes=  425  mean_return=780.000  mean_loss= 3.72377  mean_foundation=  7.5/52  lifetime_outcomes={'won': 10, 'stalled': 5, 'truncated': 410, 'other': 0}  rss= 1670.3MB  (1646s)
  EVAL  step   210000  win_rate=0.00%  mean_return=254.300  mean_foundation=  2.1/52  mean_length=500.0  (greedy, 100 fixed deals)
step   211000/400000  eps=0.050  episodes=  427  mean_return=615.000  mean_loss= 3.57572  mean_foundation=  3.5/52  lifetime_outcomes={'won': 10, 'stalled': 5, 'truncated': 412, 'other': 0}  rss= 1670.3MB  (1693s)
step   212000/400000  eps=0.050  episodes=  429  mean_return=360.000  mean_loss= 3.45910  mean_foundation=  3.5/52  lifetime_outcomes={'won': 10, 'stalled': 5, 'truncated': 414, 'other': 0}  rss= 1670.3MB  (1696s)
step   213000/400000  eps=0.050  episodes=  431  mean_return=335.000  mean_loss= 3.46781  mean_foundation=  2.5/52  lifetime_outcomes={'won': 10, 'stalled': 5, 'truncated': 416, 'other': 0}  rss= 1670.3MB  (1699s)
step   214000/400000  eps=0.050  episodes=  433  mean_return=420.000  mean_loss= 3.74621  mean_foundation=  3.5/52  lifetime_outcomes={'won': 10, 'stalled': 5, 'truncated': 418, 'other': 0}  rss= 1670.3MB  (1702s)
step   215000/400000  eps=0.050  episodes=  435  mean_return=455.000  mean_loss= 3.67221  mean_foundation=  6.0/52  lifetime_outcomes={'won': 10, 'stalled': 5, 'truncated': 420, 'other': 0}  rss= 1670.3MB  (1705s)
step   216000/400000  eps=0.050  episodes=  437  mean_return=325.000  mean_loss= 3.37675  mean_foundation=  6.5/52  lifetime_outcomes={'won': 10, 'stalled': 5, 'truncated': 422, 'other': 0}  rss= 1670.3MB  (1709s)
step   217000/400000  eps=0.050  episodes=  439  mean_return=695.000  mean_loss= 3.41281  mean_foundation=  5.5/52  lifetime_outcomes={'won': 10, 'stalled': 5, 'truncated': 424, 'other': 0}  rss= 1670.3MB  (1712s)
step   218000/400000  eps=0.050  episodes=  441  mean_return=890.000  mean_loss= 3.27146  mean_foundation=  6.5/52  lifetime_outcomes={'won': 10, 'stalled': 5, 'truncated': 426, 'other': 0}  rss= 1670.3MB  (1715s)
step   219000/400000  eps=0.050  episodes=  443  mean_return=465.000  mean_loss= 3.30538  mean_foundation=  4.0/52  lifetime_outcomes={'won': 10, 'stalled': 5, 'truncated': 428, 'other': 0}  rss= 1670.3MB  (1718s)
step   220000/400000  eps=0.050  episodes=  445  mean_return=400.000  mean_loss= 3.27459  mean_foundation=  5.0/52  lifetime_outcomes={'won': 10, 'stalled': 5, 'truncated': 430, 'other': 0}  rss= 1670.3MB  (1722s)
  EVAL  step   220000  win_rate=0.00%  mean_return=284.743  mean_foundation=  2.7/52  mean_length=495.7  (greedy, 100 fixed deals)
step   221000/400000  eps=0.050  episodes=  447  mean_return=325.000  mean_loss= 3.34135  mean_foundation=  3.0/52  lifetime_outcomes={'won': 10, 'stalled': 5, 'truncated': 432, 'other': 0}  rss= 1670.3MB  (1768s)
step   222000/400000  eps=0.050  episodes=  449  mean_return=705.000  mean_loss= 3.19919  mean_foundation=  8.0/52  lifetime_outcomes={'won': 10, 'stalled': 5, 'truncated': 434, 'other': 0}  rss= 1670.3MB  (1771s)
step   223000/400000  eps=0.050  episodes=  451  mean_return=585.000  mean_loss= 3.21511  mean_foundation=  6.0/52  lifetime_outcomes={'won': 10, 'stalled': 5, 'truncated': 436, 'other': 0}  rss= 1670.3MB  (1775s)
step   224000/400000  eps=0.050  episodes=  453  mean_return=1140.000  mean_loss= 3.06921  mean_foundation= 11.0/52  lifetime_outcomes={'won': 10, 'stalled': 5, 'truncated': 438, 'other': 0}  rss= 1670.3MB  (1779s)
step   225000/400000  eps=0.050  episodes=  455  mean_return=360.000  mean_loss= 3.18731  mean_foundation=  4.0/52  lifetime_outcomes={'won': 10, 'stalled': 5, 'truncated': 440, 'other': 0}  rss= 1670.3MB  (1782s)
step   226000/400000  eps=0.050  episodes=  457  mean_return=680.000  mean_loss= 3.04803  mean_foundation=  9.0/52  lifetime_outcomes={'won': 10, 'stalled': 5, 'truncated': 442, 'other': 0}  rss= 1670.3MB  (1786s)
step   227000/400000  eps=0.050  episodes=  459  mean_return=505.000  mean_loss= 2.96505  mean_foundation=  2.5/52  lifetime_outcomes={'won': 10, 'stalled': 5, 'truncated': 444, 'other': 0}  rss= 1670.3MB  (1789s)
step   228000/400000  eps=0.050  episodes=  461  mean_return= 80.000  mean_loss= 2.99246  mean_foundation=  3.0/52  lifetime_outcomes={'won': 10, 'stalled': 5, 'truncated': 446, 'other': 0}  rss= 1670.3MB  (1792s)
step   229000/400000  eps=0.050  episodes=  463  mean_return=230.000  mean_loss= 2.86118  mean_foundation=  5.5/52  lifetime_outcomes={'won': 10, 'stalled': 5, 'truncated': 448, 'other': 0}  rss= 1670.3MB  (1796s)
step   230000/400000  eps=0.050  episodes=  465  mean_return=660.000  mean_loss= 2.89909  mean_foundation=  6.0/52  lifetime_outcomes={'won': 10, 'stalled': 5, 'truncated': 450, 'other': 0}  rss= 1670.3MB  (1800s)
  EVAL  step   230000  win_rate=0.00%  mean_return=274.300  mean_foundation=  2.5/52  mean_length=500.0  (greedy, 100 fixed deals)
step   231000/400000  eps=0.050  episodes=  467  mean_return=765.000  mean_loss= 2.98034  mean_foundation=  5.0/52  lifetime_outcomes={'won': 10, 'stalled': 5, 'truncated': 452, 'other': 0}  rss= 1670.3MB  (1848s)
step   232000/400000  eps=0.050  episodes=  469  mean_return=780.000  mean_loss= 2.71679  mean_foundation=  8.0/52  lifetime_outcomes={'won': 10, 'stalled': 5, 'truncated': 454, 'other': 0}  rss= 1670.3MB  (1851s)
step   233000/400000  eps=0.050  episodes=  471  mean_return=596.810  mean_loss= 2.66760  mean_foundation= 10.0/52  lifetime_outcomes={'won': 10, 'stalled': 6, 'truncated': 455, 'other': 0}  rss= 1670.3MB  (1854s)
step   234000/400000  eps=0.050  episodes=  473  mean_return=360.000  mean_loss= 2.74877  mean_foundation=  4.0/52  lifetime_outcomes={'won': 10, 'stalled': 6, 'truncated': 457, 'other': 0}  rss= 1670.3MB  (1858s)
step   235000/400000  eps=0.050  episodes=  475  mean_return=490.000  mean_loss= 2.57319  mean_foundation=  3.5/52  lifetime_outcomes={'won': 10, 'stalled': 6, 'truncated': 459, 'other': 0}  rss= 1670.3MB  (1861s)
step   236000/400000  eps=0.050  episodes=  477  mean_return=355.000  mean_loss= 2.48230  mean_foundation=  2.5/52  lifetime_outcomes={'won': 10, 'stalled': 6, 'truncated': 461, 'other': 0}  rss= 1670.3MB  (1865s)
step   237000/400000  eps=0.050  episodes=  479  mean_return=955.000  mean_loss= 2.58814  mean_foundation=  9.0/52  lifetime_outcomes={'won': 10, 'stalled': 6, 'truncated': 463, 'other': 0}  rss= 1670.3MB  (1868s)
step   238000/400000  eps=0.050  episodes=  481  mean_return=755.000  mean_loss= 2.51842  mean_foundation=  8.5/52  lifetime_outcomes={'won': 10, 'stalled': 6, 'truncated': 465, 'other': 0}  rss= 1670.3MB  (1871s)
step   239000/400000  eps=0.050  episodes=  483  mean_return=540.000  mean_loss= 2.41734  mean_foundation=  8.5/52  lifetime_outcomes={'won': 10, 'stalled': 6, 'truncated': 467, 'other': 0}  rss= 1670.3MB  (1875s)
step   240000/400000  eps=0.050  episodes=  485  mean_return=280.000  mean_loss= 2.39668  mean_foundation=  5.0/52  lifetime_outcomes={'won': 10, 'stalled': 6, 'truncated': 469, 'other': 0}  rss= 1670.3MB  (1878s)
  EVAL  step   240000  win_rate=0.00%  mean_return=284.300  mean_foundation=  2.9/52  mean_length=500.0  (greedy, 100 fixed deals)
step   241000/400000  eps=0.050  episodes=  487  mean_return=775.000  mean_loss= 2.33335  mean_foundation=  7.0/52  lifetime_outcomes={'won': 10, 'stalled': 6, 'truncated': 471, 'other': 0}  rss= 1670.3MB  (1926s)
step   242000/400000  eps=0.050  episodes=  489  mean_return=220.000  mean_loss= 2.35990  mean_foundation=  5.5/52  lifetime_outcomes={'won': 10, 'stalled': 6, 'truncated': 473, 'other': 0}  rss= 1670.3MB  (1929s)
step   243000/400000  eps=0.050  episodes=  491  mean_return=335.000  mean_loss= 2.23010  mean_foundation=  3.5/52  lifetime_outcomes={'won': 10, 'stalled': 6, 'truncated': 475, 'other': 0}  rss= 1670.3MB  (1932s)
step   244000/400000  eps=0.050  episodes=  493  mean_return=410.000  mean_loss= 2.19327  mean_foundation=  5.5/52  lifetime_outcomes={'won': 10, 'stalled': 6, 'truncated': 477, 'other': 0}  rss= 1670.3MB  (1935s)
step   245000/400000  eps=0.050  episodes=  495  mean_return=750.000  mean_loss= 2.21469  mean_foundation=  6.0/52  lifetime_outcomes={'won': 10, 'stalled': 6, 'truncated': 479, 'other': 0}  rss= 1670.3MB  (1938s)
step   246000/400000  eps=0.050  episodes=  497  mean_return=670.000  mean_loss= 2.27280  mean_foundation=  5.0/52  lifetime_outcomes={'won': 10, 'stalled': 6, 'truncated': 481, 'other': 0}  rss= 1670.3MB  (1942s)
step   247000/400000  eps=0.050  episodes=  499  mean_return=790.000  mean_loss= 2.15833  mean_foundation= 12.0/52  lifetime_outcomes={'won': 10, 'stalled': 6, 'truncated': 483, 'other': 0}  rss= 1670.3MB  (1945s)
step   248000/400000  eps=0.050  episodes=  501  mean_return=380.000  mean_loss= 2.15585  mean_foundation=  3.5/52  lifetime_outcomes={'won': 10, 'stalled': 6, 'truncated': 485, 'other': 0}  rss= 1670.3MB  (1948s)
step   249000/400000  eps=0.050  episodes=  503  mean_return=755.000  mean_loss= 2.12290  mean_foundation=  7.0/52  lifetime_outcomes={'won': 10, 'stalled': 6, 'truncated': 487, 'other': 0}  rss= 1670.3MB  (1951s)
step   250000/400000  eps=0.050  episodes=  505  mean_return=845.000  mean_loss= 2.04492  mean_foundation= 10.5/52  lifetime_outcomes={'won': 10, 'stalled': 6, 'truncated': 489, 'other': 0}  rss= 1670.3MB  (1954s)
  EVAL  step   250000  win_rate=0.00%  mean_return=267.700  mean_foundation=  1.9/52  mean_length=500.0  (greedy, 100 fixed deals)
step   251000/400000  eps=0.050  episodes=  507  mean_return=615.000  mean_loss= 2.15081  mean_foundation=  7.0/52  lifetime_outcomes={'won': 10, 'stalled': 6, 'truncated': 491, 'other': 0}  rss= 1670.3MB  (2002s)
step   252000/400000  eps=0.050  episodes=  509  mean_return=420.000  mean_loss= 2.20226  mean_foundation=  3.0/52  lifetime_outcomes={'won': 10, 'stalled': 6, 'truncated': 493, 'other': 0}  rss= 1670.3MB  (2006s)
step   253000/400000  eps=0.050  episodes=  511  mean_return=425.000  mean_loss= 2.13488  mean_foundation=  5.5/52  lifetime_outcomes={'won': 10, 'stalled': 6, 'truncated': 495, 'other': 0}  rss= 1670.3MB  (2009s)
step   254000/400000  eps=0.050  episodes=  513  mean_return=470.000  mean_loss= 2.03882  mean_foundation=  6.0/52  lifetime_outcomes={'won': 10, 'stalled': 6, 'truncated': 497, 'other': 0}  rss= 1670.3MB  (2013s)
step   255000/400000  eps=0.050  episodes=  515  mean_return=570.000  mean_loss= 2.09206  mean_foundation=  5.5/52  lifetime_outcomes={'won': 10, 'stalled': 6, 'truncated': 499, 'other': 0}  rss= 1670.3MB  (2016s)
step   256000/400000  eps=0.050  episodes=  517  mean_return=870.000  mean_loss= 2.08383  mean_foundation= 11.0/52  lifetime_outcomes={'won': 10, 'stalled': 6, 'truncated': 501, 'other': 0}  rss= 1670.3MB  (2020s)
step   257000/400000  eps=0.050  episodes=  519  mean_return=320.000  mean_loss= 2.10529  mean_foundation=  1.5/52  lifetime_outcomes={'won': 10, 'stalled': 6, 'truncated': 503, 'other': 0}  rss= 1670.3MB  (2023s)
step   258000/400000  eps=0.050  episodes=  521  mean_return=1335.000  mean_loss= 2.07599  mean_foundation= 17.0/52  lifetime_outcomes={'won': 10, 'stalled': 6, 'truncated': 505, 'other': 0}  rss= 1670.3MB  (2027s)
step   259000/400000  eps=0.050  episodes=  523  mean_return=310.000  mean_loss= 2.06322  mean_foundation=  1.0/52  lifetime_outcomes={'won': 10, 'stalled': 6, 'truncated': 507, 'other': 0}  rss= 1670.3MB  (2030s)
step   260000/400000  eps=0.050  episodes=  525  mean_return=960.000  mean_loss= 2.04646  mean_foundation= 12.0/52  lifetime_outcomes={'won': 10, 'stalled': 6, 'truncated': 509, 'other': 0}  rss= 1670.3MB  (2033s)
  EVAL  step   260000  win_rate=0.00%  mean_return=253.945  mean_foundation=  2.7/52  mean_length=495.5  (greedy, 100 fixed deals)
step   261000/400000  eps=0.050  episodes=  527  mean_return=520.000  mean_loss= 2.17791  mean_foundation=  2.5/52  lifetime_outcomes={'won': 10, 'stalled': 6, 'truncated': 511, 'other': 0}  rss= 1670.3MB  (2084s)
step   262000/400000  eps=0.050  episodes=  529  mean_return=870.000  mean_loss= 1.88197  mean_foundation=  7.5/52  lifetime_outcomes={'won': 10, 'stalled': 6, 'truncated': 513, 'other': 0}  rss= 1670.3MB  (2087s)
step   263000/400000  eps=0.050  episodes=  531  mean_return=490.000  mean_loss= 1.83448  mean_foundation=  8.5/52  lifetime_outcomes={'won': 10, 'stalled': 6, 'truncated': 515, 'other': 0}  rss= 1670.3MB  (2090s)
step   264000/400000  eps=0.050  episodes=  533  mean_return=595.000  mean_loss= 1.96363  mean_foundation=  9.5/52  lifetime_outcomes={'won': 10, 'stalled': 6, 'truncated': 517, 'other': 0}  rss= 1670.3MB  (2094s)
step   265000/400000  eps=0.050  episodes=  535  mean_return=235.000  mean_loss= 1.85683  mean_foundation=  3.0/52  lifetime_outcomes={'won': 10, 'stalled': 6, 'truncated': 519, 'other': 0}  rss= 1670.3MB  (2097s)
step   266000/400000  eps=0.050  episodes=  537  mean_return=715.000  mean_loss= 1.94035  mean_foundation=  5.0/52  lifetime_outcomes={'won': 10, 'stalled': 6, 'truncated': 521, 'other': 0}  rss= 1670.3MB  (2101s)
step   267000/400000  eps=0.050  episodes=  539  mean_return=1030.000  mean_loss= 1.87833  mean_foundation= 14.5/52  lifetime_outcomes={'won': 10, 'stalled': 6, 'truncated': 523, 'other': 0}  rss= 1670.3MB  (2104s)
step   268000/400000  eps=0.050  episodes=  541  mean_return=600.000  mean_loss= 1.83217  mean_foundation=  4.5/52  lifetime_outcomes={'won': 10, 'stalled': 6, 'truncated': 525, 'other': 0}  rss= 1670.3MB  (2108s)
step   269000/400000  eps=0.050  episodes=  543  mean_return=1125.000  mean_loss= 1.87934  mean_foundation= 10.5/52  lifetime_outcomes={'won': 10, 'stalled': 6, 'truncated': 527, 'other': 0}  rss= 1670.3MB  (2111s)
step   270000/400000  eps=0.050  episodes=  545  mean_return=450.000  mean_loss= 1.83337  mean_foundation=  1.5/52  lifetime_outcomes={'won': 10, 'stalled': 6, 'truncated': 529, 'other': 0}  rss= 1670.3MB  (2114s)
  EVAL  step   270000  win_rate=0.00%  mean_return=260.800  mean_foundation=  2.4/52  mean_length=500.0  (greedy, 100 fixed deals)
step   271000/400000  eps=0.050  episodes=  547  mean_return=610.000  mean_loss= 1.84956  mean_foundation=  2.0/52  lifetime_outcomes={'won': 10, 'stalled': 6, 'truncated': 531, 'other': 0}  rss= 1670.3MB  (2163s)
step   272000/400000  eps=0.050  episodes=  549  mean_return=745.000  mean_loss= 1.90751  mean_foundation=  5.5/52  lifetime_outcomes={'won': 10, 'stalled': 6, 'truncated': 533, 'other': 0}  rss= 1670.3MB  (2166s)
step   273000/400000  eps=0.050  episodes=  551  mean_return=630.000  mean_loss= 1.74792  mean_foundation=  4.5/52  lifetime_outcomes={'won': 10, 'stalled': 6, 'truncated': 535, 'other': 0}  rss= 1670.3MB  (2169s)
step   274000/400000  eps=0.050  episodes=  553  mean_return=520.000  mean_loss= 1.68673  mean_foundation=  4.5/52  lifetime_outcomes={'won': 10, 'stalled': 6, 'truncated': 537, 'other': 0}  rss= 1670.3MB  (2172s)
step   275000/400000  eps=0.050  episodes=  555  mean_return=310.000  mean_loss= 1.73298  mean_foundation=  1.0/52  lifetime_outcomes={'won': 10, 'stalled': 6, 'truncated': 539, 'other': 0}  rss= 1670.3MB  (2175s)
step   276000/400000  eps=0.050  episodes=  557  mean_return=585.000  mean_loss= 1.67404  mean_foundation=  6.5/52  lifetime_outcomes={'won': 10, 'stalled': 6, 'truncated': 541, 'other': 0}  rss= 1670.3MB  (2178s)
step   277000/400000  eps=0.050  episodes=  559  mean_return=495.000  mean_loss= 1.63585  mean_foundation=  6.5/52  lifetime_outcomes={'won': 10, 'stalled': 6, 'truncated': 543, 'other': 0}  rss= 1670.3MB  (2181s)
step   278000/400000  eps=0.050  episodes=  561  mean_return= 80.000  mean_loss= 1.67856  mean_foundation=  3.5/52  lifetime_outcomes={'won': 10, 'stalled': 6, 'truncated': 545, 'other': 0}  rss= 1670.3MB  (2184s)
step   279000/400000  eps=0.050  episodes=  563  mean_return=600.000  mean_loss= 1.63311  mean_foundation=  5.0/52  lifetime_outcomes={'won': 10, 'stalled': 6, 'truncated': 547, 'other': 0}  rss= 1670.3MB  (2188s)
step   280000/400000  eps=0.050  episodes=  565  mean_return=465.000  mean_loss= 1.68186  mean_foundation=  5.5/52  lifetime_outcomes={'won': 10, 'stalled': 6, 'truncated': 549, 'other': 0}  rss= 1670.3MB  (2191s)
  EVAL  step   280000  win_rate=0.00%  mean_return=272.500  mean_foundation=  2.2/52  mean_length=500.0  (greedy, 100 fixed deals)
step   281000/400000  eps=0.050  episodes=  567  mean_return=725.000  mean_loss= 1.61053  mean_foundation=  3.5/52  lifetime_outcomes={'won': 10, 'stalled': 6, 'truncated': 551, 'other': 0}  rss= 1670.3MB  (2239s)
step   282000/400000  eps=0.050  episodes=  569  mean_return=1130.000  mean_loss= 1.59315  mean_foundation= 14.5/52  lifetime_outcomes={'won': 10, 'stalled': 6, 'truncated': 553, 'other': 0}  rss= 1670.3MB  (2242s)
step   283000/400000  eps=0.050  episodes=  571  mean_return=680.000  mean_loss= 1.70282  mean_foundation=  6.5/52  lifetime_outcomes={'won': 10, 'stalled': 6, 'truncated': 555, 'other': 0}  rss= 1670.3MB  (2245s)
step   284000/400000  eps=0.050  episodes=  573  mean_return=515.000  mean_loss= 1.63032  mean_foundation=  6.5/52  lifetime_outcomes={'won': 10, 'stalled': 6, 'truncated': 557, 'other': 0}  rss= 1670.3MB  (2249s)
step   285000/400000  eps=0.050  episodes=  575  mean_return=770.000  mean_loss= 1.71983  mean_foundation=  5.5/52  lifetime_outcomes={'won': 10, 'stalled': 6, 'truncated': 559, 'other': 0}  rss= 1670.3MB  (2253s)
step   286000/400000  eps=0.050  episodes=  577  mean_return=800.000  mean_loss= 1.64618  mean_foundation= 12.0/52  lifetime_outcomes={'won': 10, 'stalled': 6, 'truncated': 561, 'other': 0}  rss= 1670.3MB  (2256s)
step   287000/400000  eps=0.050  episodes=  579  mean_return=775.000  mean_loss= 1.57762  mean_foundation= 12.0/52  lifetime_outcomes={'won': 10, 'stalled': 6, 'truncated': 563, 'other': 0}  rss= 1670.3MB  (2259s)
step   288000/400000  eps=0.050  episodes=  581  mean_return=755.000  mean_loss= 1.74141  mean_foundation=  5.5/52  lifetime_outcomes={'won': 10, 'stalled': 6, 'truncated': 565, 'other': 0}  rss= 1670.3MB  (2263s)
step   289000/400000  eps=0.050  episodes=  583  mean_return=670.000  mean_loss= 1.61420  mean_foundation=  4.0/52  lifetime_outcomes={'won': 10, 'stalled': 6, 'truncated': 567, 'other': 0}  rss= 1670.3MB  (2267s)
step   290000/400000  eps=0.050  episodes=  585  mean_return=540.000  mean_loss= 1.71254  mean_foundation=  2.0/52  lifetime_outcomes={'won': 10, 'stalled': 6, 'truncated': 569, 'other': 0}  rss= 1670.3MB  (2270s)
  EVAL  step   290000  win_rate=0.00%  mean_return=269.400  mean_foundation=  2.5/52  mean_length=500.0  (greedy, 100 fixed deals)
step   291000/400000  eps=0.050  episodes=  587  mean_return=480.000  mean_loss= 1.71174  mean_foundation=  6.0/52  lifetime_outcomes={'won': 10, 'stalled': 6, 'truncated': 571, 'other': 0}  rss= 1670.3MB  (2318s)
step   292000/400000  eps=0.050  episodes=  589  mean_return=1125.000  mean_loss= 1.73859  mean_foundation=  9.0/52  lifetime_outcomes={'won': 10, 'stalled': 6, 'truncated': 573, 'other': 0}  rss= 1670.3MB  (2322s)
step   293000/400000  eps=0.050  episodes=  591  mean_return=810.000  mean_loss= 1.70800  mean_foundation= 10.5/52  lifetime_outcomes={'won': 10, 'stalled': 6, 'truncated': 575, 'other': 0}  rss= 1670.3MB  (2325s)
step   294000/400000  eps=0.050  episodes=  593  mean_return=445.000  mean_loss= 1.76761  mean_foundation=  2.5/52  lifetime_outcomes={'won': 10, 'stalled': 6, 'truncated': 577, 'other': 0}  rss= 1670.3MB  (2328s)
step   295000/400000  eps=0.050  episodes=  595  mean_return=1080.000  mean_loss= 1.72257  mean_foundation= 14.0/52  lifetime_outcomes={'won': 10, 'stalled': 6, 'truncated': 579, 'other': 0}  rss= 1670.3MB  (2332s)
step   296000/400000  eps=0.050  episodes=  597  mean_return=820.000  mean_loss= 1.78676  mean_foundation= 11.0/52  lifetime_outcomes={'won': 10, 'stalled': 6, 'truncated': 581, 'other': 0}  rss= 1670.3MB  (2335s)
step   297000/400000  eps=0.050  episodes=  599  mean_return=260.000  mean_loss= 1.79891  mean_foundation=  4.0/52  lifetime_outcomes={'won': 10, 'stalled': 6, 'truncated': 583, 'other': 0}  rss= 1670.3MB  (2339s)
step   298000/400000  eps=0.050  episodes=  601  mean_return=765.000  mean_loss= 1.83027  mean_foundation=  8.5/52  lifetime_outcomes={'won': 10, 'stalled': 6, 'truncated': 585, 'other': 0}  rss= 1670.3MB  (2342s)
step   299000/400000  eps=0.050  episodes=  603  mean_return=240.000  mean_loss= 1.81362  mean_foundation=  2.5/52  lifetime_outcomes={'won': 10, 'stalled': 6, 'truncated': 587, 'other': 0}  rss= 1670.3MB  (2346s)
step   300000/400000  eps=0.050  episodes=  605  mean_return=460.000  mean_loss= 1.83543  mean_foundation=  3.0/52  lifetime_outcomes={'won': 10, 'stalled': 6, 'truncated': 589, 'other': 0}  rss= 1670.3MB  (2349s)
  EVAL  step   300000  win_rate=0.00%  mean_return=265.400  mean_foundation=  2.4/52  mean_length=500.0  (greedy, 100 fixed deals)
step   301000/400000  eps=0.050  episodes=  607  mean_return=295.000  mean_loss= 1.81943  mean_foundation=  3.5/52  lifetime_outcomes={'won': 10, 'stalled': 6, 'truncated': 591, 'other': 0}  rss= 1670.3MB  (2396s)
step   302000/400000  eps=0.050  episodes=  609  mean_return=695.000  mean_loss= 1.92964  mean_foundation=  3.5/52  lifetime_outcomes={'won': 10, 'stalled': 6, 'truncated': 593, 'other': 0}  rss= 1670.3MB  (2400s)
step   303000/400000  eps=0.050  episodes=  611  mean_return=1010.000  mean_loss= 1.96493  mean_foundation= 12.5/52  lifetime_outcomes={'won': 10, 'stalled': 6, 'truncated': 595, 'other': 0}  rss= 1670.3MB  (2403s)
step   304000/400000  eps=0.050  episodes=  613  mean_return=620.000  mean_loss= 1.89737  mean_foundation=  6.0/52  lifetime_outcomes={'won': 10, 'stalled': 6, 'truncated': 597, 'other': 0}  rss= 1670.3MB  (2406s)
step   305000/400000  eps=0.050  episodes=  615  mean_return=420.000  mean_loss= 1.99734  mean_foundation=  6.5/52  lifetime_outcomes={'won': 10, 'stalled': 6, 'truncated': 599, 'other': 0}  rss= 1670.3MB  (2409s)
step   306000/400000  eps=0.050  episodes=  617  mean_return=895.000  mean_loss= 1.97140  mean_foundation=  8.0/52  lifetime_outcomes={'won': 10, 'stalled': 6, 'truncated': 601, 'other': 0}  rss= 1670.3MB  (2413s)
step   307000/400000  eps=0.050  episodes=  619  mean_return=445.000  mean_loss= 1.87400  mean_foundation=  2.0/52  lifetime_outcomes={'won': 10, 'stalled': 6, 'truncated': 603, 'other': 0}  rss= 1670.3MB  (2416s)
step   308000/400000  eps=0.050  episodes=  621  mean_return=600.000  mean_loss= 1.97191  mean_foundation=  7.0/52  lifetime_outcomes={'won': 10, 'stalled': 6, 'truncated': 605, 'other': 0}  rss= 1670.3MB  (2419s)
step   309000/400000  eps=0.050  episodes=  623  mean_return=575.000  mean_loss= 1.92061  mean_foundation=  5.0/52  lifetime_outcomes={'won': 10, 'stalled': 6, 'truncated': 607, 'other': 0}  rss= 1670.3MB  (2422s)
step   310000/400000  eps=0.050  episodes=  625  mean_return=605.000  mean_loss= 1.87443  mean_foundation=  3.5/52  lifetime_outcomes={'won': 10, 'stalled': 6, 'truncated': 609, 'other': 0}  rss= 1670.3MB  (2425s)
  EVAL  step   310000  win_rate=0.00%  mean_return=283.300  mean_foundation=  1.9/52  mean_length=500.0  (greedy, 100 fixed deals)
step   311000/400000  eps=0.050  episodes=  627  mean_return=400.000  mean_loss= 2.01405  mean_foundation=  3.5/52  lifetime_outcomes={'won': 10, 'stalled': 6, 'truncated': 611, 'other': 0}  rss= 1670.3MB  (2473s)
step   312000/400000  eps=0.050  episodes=  629  mean_return=305.000  mean_loss= 2.04882  mean_foundation=  1.0/52  lifetime_outcomes={'won': 10, 'stalled': 6, 'truncated': 613, 'other': 0}  rss= 1670.3MB  (2476s)
step   313000/400000  eps=0.050  episodes=  631  mean_return=505.000  mean_loss= 1.90456  mean_foundation=  5.0/52  lifetime_outcomes={'won': 10, 'stalled': 6, 'truncated': 615, 'other': 0}  rss= 1670.3MB  (2480s)
step   314000/400000  eps=0.050  episodes=  633  mean_return=695.000  mean_loss= 1.81030  mean_foundation=  3.5/52  lifetime_outcomes={'won': 10, 'stalled': 6, 'truncated': 617, 'other': 0}  rss= 1670.3MB  (2483s)
step   315000/400000  eps=0.050  episodes=  635  mean_return=670.000  mean_loss= 1.90810  mean_foundation=  6.5/52  lifetime_outcomes={'won': 10, 'stalled': 6, 'truncated': 619, 'other': 0}  rss= 1670.3MB  (2487s)
step   316000/400000  eps=0.050  episodes=  637  mean_return=545.000  mean_loss= 1.90048  mean_foundation=  6.0/52  lifetime_outcomes={'won': 10, 'stalled': 6, 'truncated': 621, 'other': 0}  rss= 1670.3MB  (2490s)
step   317000/400000  eps=0.050  episodes=  640  mean_return=439.653  mean_loss= 1.94506  mean_foundation=  3.7/52  lifetime_outcomes={'won': 10, 'stalled': 7, 'truncated': 623, 'other': 0}  rss= 1670.3MB  (2494s)
step   318000/400000  eps=0.050  episodes=  642  mean_return=245.000  mean_loss= 1.89102  mean_foundation=  3.0/52  lifetime_outcomes={'won': 10, 'stalled': 7, 'truncated': 625, 'other': 0}  rss= 1670.3MB  (2497s)
step   319000/400000  eps=0.050  episodes=  644  mean_return=390.000  mean_loss= 1.87528  mean_foundation=  3.5/52  lifetime_outcomes={'won': 10, 'stalled': 7, 'truncated': 627, 'other': 0}  rss= 1670.3MB  (2501s)
step   320000/400000  eps=0.050  episodes=  646  mean_return=820.000  mean_loss= 1.91211  mean_foundation=  7.5/52  lifetime_outcomes={'won': 10, 'stalled': 7, 'truncated': 629, 'other': 0}  rss= 1670.3MB  (2504s)
  EVAL  step   320000  win_rate=0.00%  mean_return=265.000  mean_foundation=  2.8/52  mean_length=500.0  (greedy, 100 fixed deals)
step   321000/400000  eps=0.050  episodes=  648  mean_return=505.000  mean_loss= 2.02420  mean_foundation=  5.5/52  lifetime_outcomes={'won': 10, 'stalled': 7, 'truncated': 631, 'other': 0}  rss= 1670.3MB  (2555s)
step   322000/400000  eps=0.050  episodes=  650  mean_return=275.000  mean_loss= 1.86833  mean_foundation=  3.5/52  lifetime_outcomes={'won': 10, 'stalled': 7, 'truncated': 633, 'other': 0}  rss= 1670.3MB  (2558s)
step   323000/400000  eps=0.050  episodes=  652  mean_return=920.000  mean_loss= 1.94733  mean_foundation=  6.5/52  lifetime_outcomes={'won': 10, 'stalled': 7, 'truncated': 635, 'other': 0}  rss= 1670.3MB  (2561s)
step   324000/400000  eps=0.050  episodes=  654  mean_return=490.000  mean_loss= 1.94537  mean_foundation=  4.0/52  lifetime_outcomes={'won': 10, 'stalled': 7, 'truncated': 637, 'other': 0}  rss= 1670.3MB  (2565s)
step   325000/400000  eps=0.050  episodes=  656  mean_return=635.000  mean_loss= 2.04181  mean_foundation=  3.5/52  lifetime_outcomes={'won': 10, 'stalled': 7, 'truncated': 639, 'other': 0}  rss= 1670.3MB  (2568s)
step   326000/400000  eps=0.050  episodes=  658  mean_return=1190.000  mean_loss= 1.95908  mean_foundation=  9.0/52  lifetime_outcomes={'won': 10, 'stalled': 7, 'truncated': 641, 'other': 0}  rss= 1670.3MB  (2572s)
step   327000/400000  eps=0.050  episodes=  660  mean_return=690.000  mean_loss= 1.99527  mean_foundation=  6.0/52  lifetime_outcomes={'won': 10, 'stalled': 7, 'truncated': 643, 'other': 0}  rss= 1670.3MB  (2575s)
step   328000/400000  eps=0.050  episodes=  662  mean_return=450.000  mean_loss= 2.00902  mean_foundation=  4.5/52  lifetime_outcomes={'won': 10, 'stalled': 7, 'truncated': 645, 'other': 0}  rss= 1670.3MB  (2579s)
step   329000/400000  eps=0.050  episodes=  664  mean_return=220.000  mean_loss= 2.03834  mean_foundation=  3.5/52  lifetime_outcomes={'won': 10, 'stalled': 7, 'truncated': 647, 'other': 0}  rss= 1670.3MB  (2582s)
step   330000/400000  eps=0.050  episodes=  666  mean_return=650.000  mean_loss= 2.02921  mean_foundation=  7.5/52  lifetime_outcomes={'won': 10, 'stalled': 7, 'truncated': 649, 'other': 0}  rss= 1670.3MB  (2585s)
  EVAL  step   330000  win_rate=0.00%  mean_return=261.700  mean_foundation=  2.6/52  mean_length=500.0  (greedy, 100 fixed deals)
step   331000/400000  eps=0.050  episodes=  668  mean_return=505.000  mean_loss= 2.01361  mean_foundation=  5.5/52  lifetime_outcomes={'won': 10, 'stalled': 7, 'truncated': 651, 'other': 0}  rss= 1670.3MB  (2632s)
step   332000/400000  eps=0.050  episodes=  670  mean_return=590.000  mean_loss= 2.08863  mean_foundation=  6.5/52  lifetime_outcomes={'won': 10, 'stalled': 7, 'truncated': 653, 'other': 0}  rss= 1670.3MB  (2636s)
step   333000/400000  eps=0.050  episodes=  672  mean_return=725.000  mean_loss= 2.02113  mean_foundation=  3.0/52  lifetime_outcomes={'won': 10, 'stalled': 7, 'truncated': 655, 'other': 0}  rss= 1670.3MB  (2639s)
step   334000/400000  eps=0.050  episodes=  674  mean_return=810.000  mean_loss= 2.09146  mean_foundation=  8.5/52  lifetime_outcomes={'won': 10, 'stalled': 7, 'truncated': 657, 'other': 0}  rss= 1670.3MB  (2642s)
step   335000/400000  eps=0.050  episodes=  676  mean_return=765.000  mean_loss= 2.06402  mean_foundation=  4.5/52  lifetime_outcomes={'won': 10, 'stalled': 7, 'truncated': 659, 'other': 0}  rss= 1670.3MB  (2646s)
step   336000/400000  eps=0.050  episodes=  678  mean_return=430.000  mean_loss= 2.09713  mean_foundation=  3.5/52  lifetime_outcomes={'won': 10, 'stalled': 7, 'truncated': 661, 'other': 0}  rss= 1670.3MB  (2649s)
step   337000/400000  eps=0.050  episodes=  680  mean_return=570.000  mean_loss= 2.06305  mean_foundation=  6.0/52  lifetime_outcomes={'won': 10, 'stalled': 7, 'truncated': 663, 'other': 0}  rss= 1670.3MB  (2652s)
step   338000/400000  eps=0.050  episodes=  682  mean_return=480.000  mean_loss= 1.95979  mean_foundation=  4.0/52  lifetime_outcomes={'won': 10, 'stalled': 7, 'truncated': 665, 'other': 0}  rss= 1670.3MB  (2656s)
step   339000/400000  eps=0.050  episodes=  684  mean_return=435.000  mean_loss= 2.15178  mean_foundation=  9.5/52  lifetime_outcomes={'won': 10, 'stalled': 7, 'truncated': 667, 'other': 0}  rss= 1670.3MB  (2659s)
step   340000/400000  eps=0.050  episodes=  686  mean_return=655.000  mean_loss= 1.91562  mean_foundation= 10.0/52  lifetime_outcomes={'won': 10, 'stalled': 7, 'truncated': 669, 'other': 0}  rss= 1670.3MB  (2662s)
  EVAL  step   340000  win_rate=0.00%  mean_return=268.400  mean_foundation=  2.5/52  mean_length=500.0  (greedy, 100 fixed deals)
step   341000/400000  eps=0.050  episodes=  688  mean_return=410.000  mean_loss= 2.12457  mean_foundation=  2.5/52  lifetime_outcomes={'won': 10, 'stalled': 7, 'truncated': 671, 'other': 0}  rss= 1670.3MB  (2712s)
step   342000/400000  eps=0.050  episodes=  690  mean_return=780.000  mean_loss= 2.13870  mean_foundation=  8.5/52  lifetime_outcomes={'won': 10, 'stalled': 7, 'truncated': 673, 'other': 0}  rss= 1670.3MB  (2716s)
step   343000/400000  eps=0.050  episodes=  692  mean_return=615.000  mean_loss= 2.01059  mean_foundation=  4.5/52  lifetime_outcomes={'won': 10, 'stalled': 7, 'truncated': 675, 'other': 0}  rss= 1670.3MB  (2719s)
step   344000/400000  eps=0.050  episodes=  694  mean_return=785.000  mean_loss= 2.11840  mean_foundation=  8.5/52  lifetime_outcomes={'won': 10, 'stalled': 7, 'truncated': 677, 'other': 0}  rss= 1670.3MB  (2723s)
step   345000/400000  eps=0.050  episodes=  696  mean_return=505.000  mean_loss= 2.12172  mean_foundation=  9.0/52  lifetime_outcomes={'won': 10, 'stalled': 7, 'truncated': 679, 'other': 0}  rss= 1670.3MB  (2726s)
step   346000/400000  eps=0.050  episodes=  698  mean_return=1040.000  mean_loss= 2.23864  mean_foundation= 10.5/52  lifetime_outcomes={'won': 10, 'stalled': 7, 'truncated': 681, 'other': 0}  rss= 1670.3MB  (2730s)
step   347000/400000  eps=0.050  episodes=  700  mean_return=710.000  mean_loss= 2.13299  mean_foundation=  6.0/52  lifetime_outcomes={'won': 10, 'stalled': 7, 'truncated': 683, 'other': 0}  rss= 1670.3MB  (2733s)
step   348000/400000  eps=0.050  episodes=  702  mean_return=790.000  mean_loss= 2.14285  mean_foundation=  9.0/52  lifetime_outcomes={'won': 10, 'stalled': 7, 'truncated': 685, 'other': 0}  rss= 1670.3MB  (2737s)
step   349000/400000  eps=0.050  episodes=  704  mean_return=385.000  mean_loss= 2.25553  mean_foundation=  4.5/52  lifetime_outcomes={'won': 10, 'stalled': 7, 'truncated': 687, 'other': 0}  rss= 1670.3MB  (2741s)
step   350000/400000  eps=0.050  episodes=  706  mean_return=565.000  mean_loss= 2.21520  mean_foundation=  3.5/52  lifetime_outcomes={'won': 10, 'stalled': 7, 'truncated': 689, 'other': 0}  rss= 1670.3MB  (2744s)
  EVAL  step   350000  win_rate=0.00%  mean_return=272.100  mean_foundation=  1.8/52  mean_length=500.0  (greedy, 100 fixed deals)
step   351000/400000  eps=0.050  episodes=  708  mean_return=1050.000  mean_loss= 2.14458  mean_foundation= 10.5/52  lifetime_outcomes={'won': 10, 'stalled': 7, 'truncated': 691, 'other': 0}  rss= 1670.3MB  (2792s)
step   352000/400000  eps=0.050  episodes=  710  mean_return=705.000  mean_loss= 2.10369  mean_foundation=  9.5/52  lifetime_outcomes={'won': 10, 'stalled': 7, 'truncated': 693, 'other': 0}  rss= 1670.3MB  (2796s)
step   353000/400000  eps=0.050  episodes=  712  mean_return=495.000  mean_loss= 2.21094  mean_foundation=  7.0/52  lifetime_outcomes={'won': 10, 'stalled': 7, 'truncated': 695, 'other': 0}  rss= 1670.3MB  (2800s)
step   354000/400000  eps=0.050  episodes=  714  mean_return=325.000  mean_loss= 2.15565  mean_foundation=  2.5/52  lifetime_outcomes={'won': 10, 'stalled': 7, 'truncated': 697, 'other': 0}  rss= 1670.3MB  (2803s)
step   355000/400000  eps=0.050  episodes=  716  mean_return=260.000  mean_loss= 2.24370  mean_foundation=  3.0/52  lifetime_outcomes={'won': 10, 'stalled': 7, 'truncated': 699, 'other': 0}  rss= 1670.3MB  (2806s)
step   356000/400000  eps=0.050  episodes=  718  mean_return=545.000  mean_loss= 2.08253  mean_foundation=  7.5/52  lifetime_outcomes={'won': 10, 'stalled': 7, 'truncated': 701, 'other': 0}  rss= 1670.3MB  (2810s)
step   357000/400000  eps=0.050  episodes=  720  mean_return=200.000  mean_loss= 2.07754  mean_foundation=  2.0/52  lifetime_outcomes={'won': 10, 'stalled': 7, 'truncated': 703, 'other': 0}  rss= 1670.3MB  (2813s)
step   358000/400000  eps=0.050  episodes=  722  mean_return=895.000  mean_loss= 2.04665  mean_foundation=  9.5/52  lifetime_outcomes={'won': 10, 'stalled': 7, 'truncated': 705, 'other': 0}  rss= 1670.3MB  (2817s)
step   359000/400000  eps=0.050  episodes=  724  mean_return=715.000  mean_loss= 2.10944  mean_foundation=  8.5/52  lifetime_outcomes={'won': 10, 'stalled': 7, 'truncated': 707, 'other': 0}  rss= 1670.3MB  (2820s)
step   360000/400000  eps=0.050  episodes=  726  mean_return=750.000  mean_loss= 2.14398  mean_foundation=  9.5/52  lifetime_outcomes={'won': 10, 'stalled': 7, 'truncated': 709, 'other': 0}  rss= 1670.3MB  (2823s)
  EVAL  step   360000  win_rate=0.00%  mean_return=250.200  mean_foundation=  2.8/52  mean_length=500.0  (greedy, 100 fixed deals)
step   361000/400000  eps=0.050  episodes=  728  mean_return=560.000  mean_loss= 2.17286  mean_foundation=  6.0/52  lifetime_outcomes={'won': 10, 'stalled': 7, 'truncated': 711, 'other': 0}  rss= 1670.3MB  (2870s)
step   362000/400000  eps=0.050  episodes=  730  mean_return=485.000  mean_loss= 2.08829  mean_foundation=  5.0/52  lifetime_outcomes={'won': 10, 'stalled': 7, 'truncated': 713, 'other': 0}  rss= 1670.3MB  (2873s)
step   363000/400000  eps=0.050  episodes=  732  mean_return=525.000  mean_loss= 2.03107  mean_foundation=  7.5/52  lifetime_outcomes={'won': 10, 'stalled': 7, 'truncated': 715, 'other': 0}  rss= 1670.3MB  (2877s)
step   364000/400000  eps=0.050  episodes=  734  mean_return=1120.000  mean_loss= 2.07798  mean_foundation= 13.0/52  lifetime_outcomes={'won': 10, 'stalled': 7, 'truncated': 717, 'other': 0}  rss= 1670.3MB  (2880s)
step   365000/400000  eps=0.050  episodes=  736  mean_return=315.000  mean_loss= 2.26697  mean_foundation=  3.0/52  lifetime_outcomes={'won': 10, 'stalled': 7, 'truncated': 719, 'other': 0}  rss= 1670.3MB  (2883s)
step   366000/400000  eps=0.050  episodes=  738  mean_return=645.000  mean_loss= 2.17254  mean_foundation=  6.5/52  lifetime_outcomes={'won': 10, 'stalled': 7, 'truncated': 721, 'other': 0}  rss= 1670.3MB  (2886s)
step   367000/400000  eps=0.050  episodes=  740  mean_return=885.000  mean_loss= 2.18585  mean_foundation=  6.5/52  lifetime_outcomes={'won': 10, 'stalled': 7, 'truncated': 723, 'other': 0}  rss= 1670.3MB  (2889s)
step   368000/400000  eps=0.050  episodes=  742  mean_return=160.000  mean_loss= 2.26264  mean_foundation=  4.0/52  lifetime_outcomes={'won': 10, 'stalled': 7, 'truncated': 725, 'other': 0}  rss= 1670.3MB  (2893s)
step   369000/400000  eps=0.050  episodes=  744  mean_return=980.000  mean_loss= 2.24534  mean_foundation=  9.0/52  lifetime_outcomes={'won': 10, 'stalled': 7, 'truncated': 727, 'other': 0}  rss= 1670.3MB  (2896s)
step   370000/400000  eps=0.050  episodes=  746  mean_return=345.000  mean_loss= 2.16175  mean_foundation=  3.0/52  lifetime_outcomes={'won': 10, 'stalled': 7, 'truncated': 729, 'other': 0}  rss= 1670.3MB  (2899s)
  EVAL  step   370000  win_rate=0.00%  mean_return=305.300  mean_foundation=  3.6/52  mean_length=500.0  (greedy, 100 fixed deals)
step   371000/400000  eps=0.050  episodes=  748  mean_return=940.000  mean_loss= 2.22931  mean_foundation=  6.0/52  lifetime_outcomes={'won': 10, 'stalled': 7, 'truncated': 731, 'other': 0}  rss= 1672.6MB  (2949s)
step   372000/400000  eps=0.050  episodes=  750  mean_return=750.000  mean_loss= 2.38617  mean_foundation=  9.5/52  lifetime_outcomes={'won': 10, 'stalled': 7, 'truncated': 733, 'other': 0}  rss= 1672.6MB  (2952s)
step   373000/400000  eps=0.050  episodes=  752  mean_return=655.000  mean_loss= 2.31044  mean_foundation=  6.0/52  lifetime_outcomes={'won': 10, 'stalled': 7, 'truncated': 735, 'other': 0}  rss= 1672.6MB  (2956s)
step   374000/400000  eps=0.050  episodes=  754  mean_return=640.000  mean_loss= 2.23415  mean_foundation=  4.0/52  lifetime_outcomes={'won': 10, 'stalled': 7, 'truncated': 737, 'other': 0}  rss= 1672.6MB  (2959s)
step   375000/400000  eps=0.050  episodes=  756  mean_return=725.000  mean_loss= 2.47105  mean_foundation= 10.0/52  lifetime_outcomes={'won': 10, 'stalled': 7, 'truncated': 739, 'other': 0}  rss= 1672.6MB  (2963s)
step   376000/400000  eps=0.050  episodes=  758  mean_return=495.000  mean_loss= 2.30289  mean_foundation=  7.0/52  lifetime_outcomes={'won': 10, 'stalled': 7, 'truncated': 741, 'other': 0}  rss= 1672.6MB  (2966s)
step   377000/400000  eps=0.050  episodes=  760  mean_return=850.000  mean_loss= 2.31944  mean_foundation=  9.0/52  lifetime_outcomes={'won': 10, 'stalled': 7, 'truncated': 743, 'other': 0}  rss= 1672.6MB  (2970s)
step   378000/400000  eps=0.050  episodes=  763  mean_return=323.190  mean_loss= 2.32077  mean_foundation=  3.3/52  lifetime_outcomes={'won': 10, 'stalled': 8, 'truncated': 745, 'other': 0}  rss= 1672.6MB  (2973s)
step   379000/400000  eps=0.050  episodes=  765  mean_return=200.000  mean_loss= 2.40199  mean_foundation=  3.5/52  lifetime_outcomes={'won': 10, 'stalled': 8, 'truncated': 747, 'other': 0}  rss= 1672.6MB  (2977s)
step   380000/400000  eps=0.050  episodes=  767  mean_return=755.000  mean_loss= 2.38459  mean_foundation= 10.0/52  lifetime_outcomes={'won': 10, 'stalled': 8, 'truncated': 749, 'other': 0}  rss= 1672.6MB  (2981s)
  EVAL  step   380000  win_rate=0.00%  mean_return=317.200  mean_foundation=  2.9/52  mean_length=500.0  (greedy, 100 fixed deals)
step   381000/400000  eps=0.050  episodes=  770  mean_return=543.063  mean_loss= 2.17692  mean_foundation=  7.0/52  lifetime_outcomes={'won': 10, 'stalled': 9, 'truncated': 751, 'other': 0}  rss= 1672.6MB  (3031s)
step   382000/400000  eps=0.050  episodes=  772  mean_return=810.000  mean_loss= 2.26014  mean_foundation=  7.5/52  lifetime_outcomes={'won': 10, 'stalled': 9, 'truncated': 753, 'other': 0}  rss= 1672.6MB  (3035s)
step   383000/400000  eps=0.050  episodes=  774  mean_return=425.000  mean_loss= 2.43040  mean_foundation=  4.0/52  lifetime_outcomes={'won': 10, 'stalled': 9, 'truncated': 755, 'other': 0}  rss= 1672.6MB  (3038s)
step   384000/400000  eps=0.050  episodes=  776  mean_return=905.000  mean_loss= 2.43031  mean_foundation= 10.5/52  lifetime_outcomes={'won': 10, 'stalled': 9, 'truncated': 757, 'other': 0}  rss= 1672.6MB  (3042s)
step   385000/400000  eps=0.050  episodes=  778  mean_return=435.000  mean_loss= 2.35588  mean_foundation=  4.0/52  lifetime_outcomes={'won': 10, 'stalled': 9, 'truncated': 759, 'other': 0}  rss= 1672.6MB  (3045s)
step   386000/400000  eps=0.050  episodes=  780  mean_return=610.000  mean_loss= 2.29434  mean_foundation=  5.5/52  lifetime_outcomes={'won': 10, 'stalled': 9, 'truncated': 761, 'other': 0}  rss= 1672.6MB  (3049s)
step   387000/400000  eps=0.050  episodes=  782  mean_return=780.000  mean_loss= 2.35479  mean_foundation= 11.5/52  lifetime_outcomes={'won': 10, 'stalled': 9, 'truncated': 763, 'other': 0}  rss= 1672.6MB  (3052s)
step   388000/400000  eps=0.050  episodes=  784  mean_return=520.000  mean_loss= 2.28264  mean_foundation=  4.5/52  lifetime_outcomes={'won': 10, 'stalled': 9, 'truncated': 765, 'other': 0}  rss= 1672.6MB  (3056s)
step   389000/400000  eps=0.050  episodes=  786  mean_return=340.000  mean_loss= 2.43830  mean_foundation=  6.5/52  lifetime_outcomes={'won': 10, 'stalled': 9, 'truncated': 767, 'other': 0}  rss= 1672.6MB  (3059s)
step   390000/400000  eps=0.050  episodes=  788  mean_return=270.000  mean_loss= 2.49489  mean_foundation=  3.5/52  lifetime_outcomes={'won': 10, 'stalled': 9, 'truncated': 769, 'other': 0}  rss= 1672.6MB  (3063s)
  EVAL  step   390000  win_rate=0.00%  mean_return=283.300  mean_foundation=  2.7/52  mean_length=500.0  (greedy, 100 fixed deals)
step   391000/400000  eps=0.050  episodes=  790  mean_return=890.000  mean_loss= 2.38478  mean_foundation= 12.0/52  lifetime_outcomes={'won': 10, 'stalled': 9, 'truncated': 771, 'other': 0}  rss= 1672.6MB  (3112s)
step   392000/400000  eps=0.050  episodes=  792  mean_return=190.000  mean_loss= 2.29244  mean_foundation=  2.0/52  lifetime_outcomes={'won': 10, 'stalled': 9, 'truncated': 773, 'other': 0}  rss= 1672.6MB  (3115s)
step   393000/400000  eps=0.050  episodes=  794  mean_return=440.000  mean_loss= 2.20999  mean_foundation=  7.5/52  lifetime_outcomes={'won': 10, 'stalled': 9, 'truncated': 775, 'other': 0}  rss= 1672.6MB  (3119s)
step   394000/400000  eps=0.050  episodes=  796  mean_return=875.000  mean_loss= 2.18307  mean_foundation= 13.0/52  lifetime_outcomes={'won': 10, 'stalled': 9, 'truncated': 777, 'other': 0}  rss= 1672.6MB  (3122s)
step   395000/400000  eps=0.050  episodes=  798  mean_return=970.000  mean_loss= 2.20084  mean_foundation= 10.5/52  lifetime_outcomes={'won': 10, 'stalled': 9, 'truncated': 779, 'other': 0}  rss= 1672.6MB  (3125s)
step   396000/400000  eps=0.050  episodes=  800  mean_return=230.000  mean_loss= 2.22248  mean_foundation=  3.5/52  lifetime_outcomes={'won': 10, 'stalled': 9, 'truncated': 781, 'other': 0}  rss= 1672.6MB  (3128s)
step   397000/400000  eps=0.050  episodes=  802  mean_return=1280.000  mean_loss= 2.27134  mean_foundation=  7.0/52  lifetime_outcomes={'won': 10, 'stalled': 9, 'truncated': 783, 'other': 0}  rss= 1672.6MB  (3132s)
step   398000/400000  eps=0.050  episodes=  804  mean_return=360.000  mean_loss= 2.32658  mean_foundation=  2.5/52  lifetime_outcomes={'won': 10, 'stalled': 9, 'truncated': 785, 'other': 0}  rss= 1672.6MB  (3135s)
step   399000/400000  eps=0.050  episodes=  806  mean_return=245.000  mean_loss= 2.22677  mean_foundation=  2.0/52  lifetime_outcomes={'won': 10, 'stalled': 9, 'truncated': 787, 'other': 0}  rss= 1672.6MB  (3138s)
step   400000/400000  eps=0.050  episodes=  809  mean_return=336.333  mean_loss= 2.18433  mean_foundation=  4.7/52  lifetime_outcomes={'won': 10, 'stalled': 10, 'truncated': 789, 'other': 0}  rss= 1672.6MB  (3141s)
  EVAL  step   400000  win_rate=0.00%  mean_return=299.600  mean_foundation=  3.0/52  mean_length=500.0  (greedy, 100 fixed deals)
done. saved final checkpoint to runs/013_double_dqn_soft_nstep3_per_reward_shaping_stallfix/checkpoint_final.pt
=== train_resilient: training completed successfully ===
=== train_resilient: attempt 1 ===
run directory: runs/013_double_dqn_soft_nstep3_per_reward_shaping_stallfix (resuming from step 400000)
step   401000/450000  eps=0.393  episodes=    1  mean_return=440.000  mean_loss= 1.31448  mean_foundation=  7.0/52  lifetime_outcomes={'won': 0, 'stalled': 0, 'truncated': 1, 'other': 0}  rss= 1205.0MB  (3s)
Traceback (most recent call last):
  File "<frozen runpy>", line 198, in _run_module_as_main
  File "<frozen runpy>", line 88, in _run_code
  File "/home/jhenry/Source/Solitaire/agent/train.py", line 554, in <module>
    main()
  File "/home/jhenry/Source/Solitaire/agent/train.py", line 500, in main
    metrics.plot(str(plot_path))
  File "/home/jhenry/Source/Solitaire/agent/metrics.py", line 55, in plot
    rows = _read_rows(self.csv_path)
           ^^^^^^^^^^^^^^^^^^^^^^^^^
  File "/home/jhenry/Source/Solitaire/agent/metrics.py", line 128, in _read_rows
    rows.append({k: (float(v) if v not in ("", None) else float("nan")) for k, v in r.items()})
                ^^^^^^^^^^^^^^^^^^^^^^^^^^^^^^^^^^^^^^^^^^^^^^^^^^^^^^^^^^^^^^^^^^^^^^^^^^^^^^
  File "/home/jhenry/Source/Solitaire/agent/metrics.py", line 128, in <dictcomp>
    rows.append({k: (float(v) if v not in ("", None) else float("nan")) for k, v in r.items()})
                     ^^^^^^^^
TypeError: float() argument must be a string or a real number, not 'list'
=== train_resilient: training completed successfully ===
=== train_resilient: attempt 1 ===
run directory: runs/013_double_dqn_soft_nstep3_per_reward_shaping_stallfix (resuming from step 400000)
step   401000/450000  eps=0.393  episodes=    1  mean_return=440.000  mean_loss= 1.31448  mean_foundation=  7.0/52  lifetime_outcomes={'won': 0, 'stalled': 0, 'truncated': 1, 'other': 0}  rss= 1210.0MB  (3s)
step   402000/450000  eps=0.386  episodes=    2  mean_return=1460.000  mean_loss= 5.14596  mean_foundation= 13.0/52  lifetime_outcomes={'won': 0, 'stalled': 0, 'truncated': 2, 'other': 0}  rss= 1231.3MB  (6s)
step   403000/450000  eps=0.379  episodes=    3  mean_return=1210.000  mean_loss= 8.09477  mean_foundation= 16.0/52  lifetime_outcomes={'won': 0, 'stalled': 0, 'truncated': 3, 'other': 0}  rss= 1245.1MB  (9s)
step   404000/450000  eps=0.372  episodes=    4  mean_return=1100.000  mean_loss= 7.65013  mean_foundation= 18.0/52  lifetime_outcomes={'won': 0, 'stalled': 0, 'truncated': 4, 'other': 0}  rss= 1258.0MB  (13s)
step   405000/450000  eps=0.365  episodes=    5  mean_return=1820.000  mean_loss= 8.39219  mean_foundation= 26.0/52  lifetime_outcomes={'won': 0, 'stalled': 0, 'truncated': 5, 'other': 0}  rss= 1262.1MB  (16s)
step   406000/450000  eps=0.358  episodes=    6  mean_return=850.000  mean_loss= 9.21744  mean_foundation=  5.0/52  lifetime_outcomes={'won': 0, 'stalled': 0, 'truncated': 6, 'other': 0}  rss= 1269.1MB  (19s)
step   407000/450000  eps=0.351  episodes=    7  mean_return=670.000  mean_loss= 7.72864  mean_foundation=  7.0/52  lifetime_outcomes={'won': 0, 'stalled': 0, 'truncated': 7, 'other': 0}  rss= 1284.7MB  (22s)
step   408000/450000  eps=0.344  episodes=    8  mean_return=1370.000  mean_loss= 6.61249  mean_foundation= 11.0/52  lifetime_outcomes={'won': 0, 'stalled': 0, 'truncated': 8, 'other': 0}  rss= 1290.0MB  (25s)
step   409000/450000  eps=0.337  episodes=    9  mean_return=1260.000  mean_loss= 6.61349  mean_foundation=  8.0/52  lifetime_outcomes={'won': 0, 'stalled': 0, 'truncated': 9, 'other': 0}  rss= 1292.4MB  (28s)
step   410000/450000  eps=0.330  episodes=   10  mean_return=440.000  mean_loss= 6.42882  mean_foundation=  4.0/52  lifetime_outcomes={'won': 0, 'stalled': 0, 'truncated': 10, 'other': 0}  rss= 1298.5MB  (31s)
  EVAL  step   410000  win_rate=0.00%  mean_return=227.294  mean_foundation=  3.0/52  mean_length=990.6  (greedy, 100 fixed deals)
step   411000/450000  eps=0.323  episodes=   11  mean_return=1490.000  mean_loss= 5.86167  mean_foundation= 16.0/52  lifetime_outcomes={'won': 0, 'stalled': 0, 'truncated': 11, 'other': 0}  rss= 1314.1MB  (126s)
step   412000/450000  eps=0.316  episodes=   12  mean_return=228.710  mean_loss= 6.06035  mean_foundation=  8.0/52  lifetime_outcomes={'won': 0, 'stalled': 1, 'truncated': 11, 'other': 0}  rss= 1318.1MB  (129s)
step   413000/450000  eps=0.309  episodes=   13  mean_return=1720.000  mean_loss= 5.65668  mean_foundation= 34.0/52  lifetime_outcomes={'won': 0, 'stalled': 1, 'truncated': 12, 'other': 0}  rss= 1322.3MB  (133s)
step   414000/450000  eps=0.302  episodes=   14  mean_return=1070.000  mean_loss= 5.73046  mean_foundation= 15.0/52  lifetime_outcomes={'won': 0, 'stalled': 1, 'truncated': 13, 'other': 0}  rss= 1324.3MB  (136s)
step   415000/450000  eps=0.295  episodes=   15  mean_return=200.000  mean_loss= 5.41681  mean_foundation=  3.0/52  lifetime_outcomes={'won': 0, 'stalled': 1, 'truncated': 14, 'other': 0}  rss= 1330.3MB  (140s)
step   416000/450000  eps=0.288  episodes=   16  mean_return=1400.000  mean_loss= 5.21797  mean_foundation= 17.0/52  lifetime_outcomes={'won': 0, 'stalled': 1, 'truncated': 15, 'other': 0}  rss= 1332.3MB  (143s)
step   417000/450000  eps=0.281  episodes=   17  mean_return=690.000  mean_loss= 4.73677  mean_foundation=  4.0/52  lifetime_outcomes={'won': 0, 'stalled': 1, 'truncated': 16, 'other': 0}  rss= 1338.3MB  (146s)
step   418000/450000  eps=0.274  episodes=   18  mean_return=520.000  mean_loss= 4.33590  mean_foundation=  0.0/52  lifetime_outcomes={'won': 0, 'stalled': 1, 'truncated': 17, 'other': 0}  rss= 1342.3MB  (149s)
step   419000/450000  eps=0.267  episodes=   19  mean_return=1940.000  mean_loss= 4.94105  mean_foundation= 40.0/52  lifetime_outcomes={'won': 0, 'stalled': 1, 'truncated': 18, 'other': 0}  rss= 1344.3MB  (154s)
step   420000/450000  eps=0.260  episodes=   20  mean_return=1030.000  mean_loss= 4.71542  mean_foundation=  4.0/52  lifetime_outcomes={'won': 0, 'stalled': 1, 'truncated': 19, 'other': 0}  rss= 1350.4MB  (158s)
  EVAL  step   420000  win_rate=0.00%  mean_return=265.796  mean_foundation=  2.1/52  mean_length=990.5  (greedy, 100 fixed deals)
step   421000/450000  eps=0.253  episodes=   21  mean_return=610.000  mean_loss= 4.83489  mean_foundation=  7.0/52  lifetime_outcomes={'won': 0, 'stalled': 1, 'truncated': 20, 'other': 0}  rss= 1358.4MB  (252s)
step   422000/450000  eps=0.246  episodes=   22  mean_return=1770.000  mean_loss= 5.09166  mean_foundation= 21.0/52  lifetime_outcomes={'won': 0, 'stalled': 1, 'truncated': 21, 'other': 0}  rss= 1364.4MB  (255s)
step   423000/450000  eps=0.239  episodes=   23  mean_return=1180.000  mean_loss= 4.74257  mean_foundation= 17.0/52  lifetime_outcomes={'won': 0, 'stalled': 1, 'truncated': 22, 'other': 0}  rss= 1366.4MB  (258s)
step   424000/450000  eps=0.232  episodes=   24  mean_return=770.000  mean_loss= 4.67249  mean_foundation= 10.0/52  lifetime_outcomes={'won': 0, 'stalled': 1, 'truncated': 23, 'other': 0}  rss= 1372.4MB  (261s)
step   425000/450000  eps=0.225  episodes=   25  mean_return=1140.000  mean_loss= 4.47026  mean_foundation= 16.0/52  lifetime_outcomes={'won': 0, 'stalled': 1, 'truncated': 24, 'other': 0}  rss= 1376.4MB  (264s)
step   426000/450000  eps=0.218  episodes=   26  mean_return=720.000  mean_loss= 4.57175  mean_foundation=  3.0/52  lifetime_outcomes={'won': 0, 'stalled': 1, 'truncated': 25, 'other': 0}  rss= 1378.4MB  (268s)
step   427000/450000  eps=0.211  episodes=   27  mean_return=730.000  mean_loss= 4.24218  mean_foundation= 10.0/52  lifetime_outcomes={'won': 0, 'stalled': 1, 'truncated': 26, 'other': 0}  rss= 1384.5MB  (271s)
step   428000/450000  eps=0.204  episodes=   28  mean_return=620.000  mean_loss= 3.90504  mean_foundation=  4.0/52  lifetime_outcomes={'won': 0, 'stalled': 1, 'truncated': 27, 'other': 0}  rss= 1386.5MB  (274s)
step   429000/450000  eps=0.197  episodes=   29  mean_return=1200.000  mean_loss= 4.05494  mean_foundation=  8.0/52  lifetime_outcomes={'won': 0, 'stalled': 1, 'truncated': 28, 'other': 0}  rss= 1392.5MB  (277s)
step   430000/450000  eps=0.190  episodes=   30  mean_return=1650.000  mean_loss= 4.13730  mean_foundation= 21.0/52  lifetime_outcomes={'won': 0, 'stalled': 1, 'truncated': 29, 'other': 0}  rss= 1394.5MB  (280s)
  EVAL  step   430000  win_rate=0.00%  mean_return=224.000  mean_foundation=  2.1/52  mean_length=1000.0  (greedy, 100 fixed deals)
step   431000/450000  eps=0.183  episodes=   31  mean_return=1110.000  mean_loss= 3.88750  mean_foundation=  8.0/52  lifetime_outcomes={'won': 0, 'stalled': 1, 'truncated': 30, 'other': 0}  rss= 1404.6MB  (374s)
step   432000/450000  eps=0.176  episodes=   32  mean_return=670.000  mean_loss= 3.80316  mean_foundation=  7.0/52  lifetime_outcomes={'won': 0, 'stalled': 1, 'truncated': 31, 'other': 0}  rss= 1408.6MB  (378s)
step   433000/450000  eps=0.169  episodes=   33  mean_return=1580.000  mean_loss= 3.86234  mean_foundation= 14.0/52  lifetime_outcomes={'won': 0, 'stalled': 1, 'truncated': 32, 'other': 0}  rss= 1412.6MB  (381s)
step   434000/450000  eps=0.162  episodes=   34  mean_return=470.000  mean_loss= 3.44764  mean_foundation=  6.0/52  lifetime_outcomes={'won': 0, 'stalled': 1, 'truncated': 33, 'other': 0}  rss= 1418.6MB  (385s)
step   435000/450000  eps=0.155  episodes=   35  mean_return=1680.000  mean_loss= 3.24541  mean_foundation= 17.0/52  lifetime_outcomes={'won': 0, 'stalled': 1, 'truncated': 34, 'other': 0}  rss= 1420.6MB  (388s)
step   436000/450000  eps=0.148  episodes=   36  mean_return=1840.000  mean_loss= 3.41407  mean_foundation= 29.0/52  lifetime_outcomes={'won': 0, 'stalled': 1, 'truncated': 35, 'other': 0}  rss= 1424.6MB  (391s)
step   437000/450000  eps=0.141  episodes=   37  mean_return=760.000  mean_loss= 3.01274  mean_foundation=  7.0/52  lifetime_outcomes={'won': 0, 'stalled': 1, 'truncated': 36, 'other': 0}  rss= 1428.6MB  (394s)
step   438000/450000  eps=0.134  episodes=   38  mean_return=520.000  mean_loss= 3.10647  mean_foundation=  4.0/52  lifetime_outcomes={'won': 0, 'stalled': 1, 'truncated': 37, 'other': 0}  rss= 1432.6MB  (398s)
step   439000/450000  eps=0.127  episodes=   39  mean_return=1850.000  mean_loss= 3.16318  mean_foundation= 28.0/52  lifetime_outcomes={'won': 0, 'stalled': 1, 'truncated': 38, 'other': 0}  rss= 1436.7MB  (401s)
step   440000/450000  eps=0.120  episodes=   40  mean_return=840.000  mean_loss= 2.94302  mean_foundation= 10.0/52  lifetime_outcomes={'won': 0, 'stalled': 1, 'truncated': 39, 'other': 0}  rss= 1440.7MB  (404s)
  EVAL  step   440000  win_rate=0.00%  mean_return=263.400  mean_foundation=  3.0/52  mean_length=1000.0  (greedy, 100 fixed deals)
step   441000/450000  eps=0.113  episodes=   41  mean_return=1580.000  mean_loss= 2.88606  mean_foundation= 31.0/52  lifetime_outcomes={'won': 0, 'stalled': 1, 'truncated': 40, 'other': 0}  rss= 1442.7MB  (498s)
step   442000/450000  eps=0.106  episodes=   42  mean_return=570.000  mean_loss= 2.89578  mean_foundation=  5.0/52  lifetime_outcomes={'won': 0, 'stalled': 1, 'truncated': 41, 'other': 0}  rss= 1448.7MB  (501s)
step   443000/450000  eps=0.099  episodes=   43  mean_return=1470.000  mean_loss= 2.77835  mean_foundation= 19.0/52  lifetime_outcomes={'won': 0, 'stalled': 1, 'truncated': 42, 'other': 0}  rss= 1448.7MB  (504s)
step   444000/450000  eps=0.092  episodes=   44  mean_return=2040.000  mean_loss= 2.65042  mean_foundation= 48.0/52  lifetime_outcomes={'won': 0, 'stalled': 1, 'truncated': 43, 'other': 0}  rss= 1448.7MB  (507s)
step   445000/450000  eps=0.085  episodes=   45  mean_return=660.000  mean_loss= 2.82453  mean_foundation=  5.0/52  lifetime_outcomes={'won': 0, 'stalled': 1, 'truncated': 44, 'other': 0}  rss= 1448.7MB  (510s)
step   446000/450000  eps=0.078  episodes=   46  mean_return=750.000  mean_loss= 2.43249  mean_foundation=  5.0/52  lifetime_outcomes={'won': 0, 'stalled': 1, 'truncated': 45, 'other': 0}  rss= 1448.7MB  (514s)
step   447000/450000  eps=0.071  episodes=   47  mean_return=750.000  mean_loss= 2.45121  mean_foundation=  3.0/52  lifetime_outcomes={'won': 0, 'stalled': 1, 'truncated': 46, 'other': 0}  rss= 1457.3MB  (517s)
step   448000/450000  eps=0.064  episodes=   48  mean_return=1270.000  mean_loss= 2.45089  mean_foundation=  7.0/52  lifetime_outcomes={'won': 0, 'stalled': 1, 'truncated': 47, 'other': 0}  rss= 1459.3MB  (520s)
step   449000/450000  eps=0.057  episodes=   49  mean_return=350.000  mean_loss= 2.33582  mean_foundation=  5.0/52  lifetime_outcomes={'won': 0, 'stalled': 1, 'truncated': 48, 'other': 0}  rss= 1465.3MB  (523s)
step   450000/450000  eps=0.050  episodes=   50  mean_return=710.000  mean_loss= 2.22968  mean_foundation= 12.0/52  lifetime_outcomes={'won': 0, 'stalled': 1, 'truncated': 49, 'other': 0}  rss= 1469.3MB  (526s)
  EVAL  step   450000  win_rate=0.00%  mean_return=244.700  mean_foundation=  2.3/52  mean_length=1000.0  (greedy, 100 fixed deals)
done. saved final checkpoint to runs/013_double_dqn_soft_nstep3_per_reward_shaping_stallfix/checkpoint_final.pt
=== train_resilient: training completed successfully ===
