step,episodes,epsilon,mean_return,mean_loss,mean_episode_len,win_rate,stalled_rate,truncated_rate,mean_final_foundation,lifetime_wins
1000,1,0.99575,420.00000000000887,nan,1000.0,0.0,0.0,1.0,3.0,0
2000,2,0.9915,1680.0000000000089,nan,1000.0,0.0,0.0,1.0,6.0,0
3000,3,0.98725,1190.000000000009,nan,1000.0,0.0,0.0,1.0,11.0,0
4000,4,0.983,1430.0000000000089,nan,1000.0,0.0,0.0,1.0,4.0,0
5000,5,0.97875,1660.0000000000089,10.580514907836914,1000.0,0.0,0.0,1.0,6.0,0
6000,6,0.9745,790.0000000000089,64.9143050365448,1000.0,0.0,0.0,1.0,12.0,0
7000,7,0.97025,1210.0000000000089,90.6747375717163,1000.0,0.0,0.0,1.0,3.0,0
8000,8,0.966,1500.000000000009,101.41747378540039,1000.0,0.0,0.0,1.0,7.0,0
9000,9,0.96175,1790.000000000009,107.08914167022705,1000.0,0.0,0.0,1.0,23.0,0
10000,10,0.9575,1310.0000000000089,105.31831674194336,1000.0,0.0,0.0,1.0,4.0,0
11000,11,0.95325,1760.0000000000089,105.10386002349854,1000.0,0.0,0.0,1.0,4.0,0
12000,12,0.949,1780.0000000000089,103.44677787780762,1000.0,0.0,0.0,1.0,25.0,0
13000,13,0.94475,1910.000000000009,102.18954695129395,1000.0,0.0,0.0,1.0,31.0,0
14000,14,0.9405,800.0000000000091,101.06303367614746,1000.0,0.0,0.0,1.0,8.0,0
15000,15,0.93625,320.00000000000904,99.35030076599121,1000.0,0.0,0.0,1.0,1.0,0
16000,16,0.9319999999999999,890.0000000000091,96.13122756958008,1000.0,0.0,0.0,1.0,4.0,0
17000,17,0.92775,1860.0000000000089,97.49597396850587,1000.0,0.0,0.0,1.0,26.0,0
18000,18,0.9235,690.0000000000091,95.32383255004883,1000.0,0.0,0.0,1.0,6.0,0
19000,19,0.91925,1980.000000000009,96.78128475952148,1000.0,0.0,0.0,1.0,41.0,0
20000,20,0.915,800.0000000000091,93.22584407043458,1000.0,0.0,0.0,1.0,11.0,0
21000,21,0.91075,1050.0000000000089,89.9925548248291,1000.0,0.0,0.0,1.0,9.0,0
22000,22,0.9065,780.0000000000091,90.75468907165528,1000.0,0.0,0.0,1.0,8.0,0
23000,23,0.90225,1960.0000000000089,87.33980206298828,1000.0,0.0,0.0,1.0,28.0,0
24000,24,0.898,960.0000000000088,87.56764508056641,1000.0,0.0,0.0,1.0,12.0,0
25000,25,0.89375,2010.0000000000089,85.76255897521973,1000.0,0.0,0.0,1.0,37.0,0
26000,26,0.8895,400.00000000000904,87.23769850158692,1000.0,0.0,0.0,1.0,6.0,0
27000,27,0.88525,1860.0000000000089,84.71659797668457,1000.0,0.0,0.0,1.0,32.0,0
28000,28,0.881,2040.000000000009,82.72456664276123,1000.0,0.0,0.0,1.0,41.0,0
29000,29,0.87675,2040.000000000009,81.68158911132812,1000.0,0.0,0.0,1.0,49.0,0
30000,30,0.8725,860.0000000000091,81.89632102966308,1000.0,0.0,0.0,1.0,5.0,0
31000,31,0.86825,2040.000000000009,80.43090213394166,1000.0,0.0,0.0,1.0,47.0,0
32000,32,0.864,530.0000000000091,79.57001551818847,1000.0,0.0,0.0,1.0,7.0,0
33000,33,0.85975,2040.0000000000089,79.99595310974121,1000.0,0.0,0.0,1.0,46.0,0
34000,34,0.8554999999999999,1240.0000000000089,81.72567665100098,1000.0,0.0,0.0,1.0,17.0,0
35000,35,0.8512500000000001,1290.0000000000089,77.81252938842773,1000.0,0.0,0.0,1.0,15.0,0
36000,36,0.847,2030.000000000009,80.88868356323242,1000.0,0.0,0.0,1.0,47.0,0
37000,37,0.84275,1300.000000000009,79.70063690948486,1000.0,0.0,0.0,1.0,14.0,0
38000,38,0.8385,470.00000000000904,76.13023519134522,1000.0,0.0,0.0,1.0,4.0,0
39000,39,0.8342499999999999,450.00000000000904,77.80941233062744,1000.0,0.0,0.0,1.0,2.0,0
40000,40,0.83,7041.340000000007,77.05884927368164,866.0,1.0,0.0,0.0,52.0,1
41000,41,0.82575,960.000000000009,75.04776011657715,1000.0,0.0,0.0,1.0,12.0,1
42000,42,0.8215,1240.000000000009,72.76785992431641,1000.0,0.0,0.0,1.0,13.0,1
43000,43,0.81725,1100.0000000000089,74.78374406433106,1000.0,0.0,0.0,1.0,16.0,1
44000,44,0.813,1520.000000000009,73.3933334350586,1000.0,0.0,0.0,1.0,24.0,1
45000,45,0.80875,7043.950000000005,73.65015585327149,605.0,1.0,0.0,0.0,52.0,2
46000,46,0.8045,1410.0000000000089,73.84507527160645,1000.0,0.0,0.0,1.0,26.0,2
47000,47,0.80025,1190.000000000009,71.45547788238525,1000.0,0.0,0.0,1.0,10.0,2
48000,48,0.796,600.0000000000089,72.74132972717285,1000.0,0.0,0.0,1.0,11.0,2
49000,49,0.79175,7043.350000000006,70.0756393585205,665.0,1.0,0.0,0.0,52.0,3
50000,50,0.7875,1230.000000000009,70.17946787261963,1000.0,0.0,0.0,1.0,10.0,3
51000,52,0.78325,4005.950000000008,73.69198856353759,905.0,0.5,0.0,0.5,30.0,4
52000,53,0.779,7041.120000000008,68.5607802658081,888.0,1.0,0.0,0.0,52.0,5
53000,54,0.77475,1980.000000000009,71.44519995880127,1000.0,0.0,0.0,1.0,46.0,5
54000,56,0.7705,7044.470000000005,67.96207567596436,553.0,1.0,0.0,0.0,52.0,7
55000,57,0.76625,650.0000000000091,69.40581233215332,1000.0,0.0,0.0,1.0,6.0,7
56000,58,0.762,7044.750000000005,67.41559271240234,525.0,1.0,0.0,0.0,52.0,8
57000,59,0.75775,7042.350000000007,68.75835681152344,765.0,1.0,0.0,0.0,52.0,9
58000,60,0.7535000000000001,600.0000000000084,66.71000299072266,1000.0,0.0,0.0,1.0,6.0,9
59000,61,0.74925,710.0000000000091,67.59704698181153,1000.0,0.0,0.0,1.0,3.0,9
60000,62,0.745,960.0000000000091,64.9335316619873,1000.0,0.0,0.0,1.0,9.0,9
61000,64,0.74075,4001.285000000008,66.16072862243652,871.5,0.5,0.0,0.5,27.0,10
62000,65,0.7364999999999999,1160.0000000000064,66.12802503204345,1000.0,0.0,0.0,1.0,8.0,10
63000,66,0.7322500000000001,420.000000000009,66.74138329315186,1000.0,0.0,0.0,1.0,5.0,10
64000,67,0.728,7040.6400000000085,66.19526841735839,936.0,1.0,0.0,0.0,52.0,11
65000,68,0.72375,7043.550000000006,66.79337817382813,645.0,1.0,0.0,0.0,52.0,12
66000,69,0.7195,840.0000000000089,65.11590782165527,1000.0,0.0,0.0,1.0,11.0,12
67000,70,0.7152499999999999,7044.800000000005,63.30699388885498,520.0,1.0,0.0,0.0,52.0,13
68000,71,0.711,880.0000000000091,65.56410139465332,1000.0,0.0,0.0,1.0,9.0,13
69000,72,0.70675,490.000000000009,62.51431269073486,1000.0,0.0,0.0,1.0,1.0,13
70000,73,0.7025,550.0000000000091,64.36173905181884,1000.0,0.0,0.0,1.0,2.0,13
71000,75,0.69825,3952.375000000007,62.219575286865236,762.5,0.5,0.0,0.5,31.5,14
72000,76,0.694,7044.620000000004,61.39701095581054,538.0,1.0,0.0,0.0,52.0,15
73000,77,0.6897500000000001,440.0000000000091,63.580702659606935,1000.0,0.0,0.0,1.0,3.0,15
74000,79,0.6855,3861.5300000000075,60.81531200408936,847.0,0.5,0.0,0.5,28.0,16
75000,80,0.68125,1520.000000000009,61.459894691467284,1000.0,0.0,0.0,1.0,15.0,16
76000,81,0.677,7042.640000000007,62.991718605041505,736.0,1.0,0.0,0.0,52.0,17
77000,82,0.67275,300.00000000000693,61.31625402069092,1000.0,0.0,0.0,1.0,0.0,17
78000,83,0.6685,1220.0000000000086,60.96845792388916,1000.0,0.0,0.0,1.0,10.0,17
79000,85,0.66425,7043.490000000005,61.99520553588867,651.0,1.0,0.0,0.0,52.0,19
80000,86,0.6599999999999999,1250.000000000009,60.60925442504883,1000.0,0.0,0.0,1.0,7.0,19
81000,87,0.65575,7045.310000000004,60.66081488037109,469.0,1.0,0.0,0.0,52.0,20
82000,88,0.6515,7042.520000000005,59.13639025878906,748.0,1.0,0.0,0.0,52.0,21
83000,89,0.6472500000000001,1500.0000000000089,60.29461355209351,1000.0,0.0,0.0,1.0,32.0,21
84000,91,0.643,4016.910000000007,60.29754750061035,809.0,0.5,0.0,0.5,30.5,22
85000,93,0.63875,7044.735000000004,60.69503622436523,526.5,1.0,0.0,0.0,52.0,24
86000,95,0.6345000000000001,7044.390000000005,59.739025283813476,561.0,1.0,0.0,0.0,52.0,26
87000,96,0.63025,1300.000000000009,62.65077951812744,1000.0,0.0,0.0,1.0,16.0,26
88000,97,0.626,890.0000000000081,59.891571723937986,1000.0,0.0,0.0,1.0,6.0,26
89000,98,0.62175,7041.210000000008,59.79552333831787,879.0,1.0,0.0,0.0,52.0,27
90000,99,0.6174999999999999,1120.0000000000082,58.475898880004884,1000.0,0.0,0.0,1.0,10.0,27
91000,100,0.6132500000000001,7044.450000000004,60.00463179779053,555.0,1.0,0.0,0.0,52.0,28
92000,101,0.609,1030.000000000009,59.053693405151364,1000.0,0.0,0.0,1.0,2.0,28
93000,103,0.60475,3787.8500000000063,58.55283219146729,715.0,0.5,0.0,0.5,28.5,29
94000,104,0.6005,7042.820000000006,59.66465035247803,718.0,1.0,0.0,0.0,52.0,30
95000,105,0.59625,1050.0000000000089,59.15519950866699,1000.0,0.0,0.0,1.0,10.0,30
96000,107,0.5920000000000001,7042.735000000006,58.47418056488037,726.5,1.0,0.0,0.0,52.0,32
97000,108,0.58775,7045.350000000004,58.99256758880615,465.0,1.0,0.0,0.0,52.0,33
98000,110,0.5835,7043.565000000005,59.14223809814453,643.5,1.0,0.0,0.0,52.0,35
99000,111,0.57925,840.0000000000091,61.810775596618655,1000.0,0.0,0.0,1.0,5.0,35
100000,112,0.575,1620.000000000009,59.46010962677002,1000.0,0.0,0.0,1.0,34.0,35
101000,113,0.5707500000000001,1290.0000000000089,59.07566532897949,1000.0,0.0,0.0,1.0,3.0,35
102000,114,0.5665,1360.0000000000089,59.0141555557251,1000.0,0.0,0.0,1.0,12.0,35
103000,115,0.56225,560.000000000009,60.146887954711914,1000.0,0.0,0.0,1.0,2.0,35
104000,117,0.558,7045.610000000003,60.84177906036377,439.0,1.0,0.0,0.0,52.0,37
105000,118,0.55375,7043.210000000006,58.78430499267578,679.0,1.0,0.0,0.0,52.0,38
106000,119,0.5495,200.00000000000898,59.273347160339355,1000.0,0.0,0.0,1.0,6.0,38
107000,120,0.54525,400.00000000000887,59.78998467254639,1000.0,0.0,0.0,1.0,4.0,38
108000,121,0.5409999999999999,980.000000000009,57.2282124710083,1000.0,0.0,0.0,1.0,6.0,38
109000,122,0.5367500000000001,1190.000000000009,57.576583267211916,1000.0,0.0,0.0,1.0,12.0,38
110000,123,0.5325,1150.0000000000089,58.107791015625,1000.0,0.0,0.0,1.0,10.0,38
111000,125,0.52825,4133.125000000006,56.55886827850342,687.5,0.5,0.0,0.5,32.5,39
112000,126,0.524,1230.0000000000089,57.348354927062985,1000.0,0.0,0.0,1.0,5.0,39
113000,127,0.51975,640.0000000000086,57.67796884918213,1000.0,0.0,0.0,1.0,1.0,39
114000,130,0.5155000000000001,7046.1566666666695,58.77129569244385,384.3333333333333,1.0,0.0,0.0,52.0,42
115000,131,0.51125,7046.190000000003,58.61730588531494,381.0,1.0,0.0,0.0,52.0,43
116000,133,0.5070000000000001,4366.295000000007,58.60297392272949,870.5,0.5,0.0,0.5,41.5,44
117000,134,0.50275,1700.0000000000089,59.508157676696776,1000.0,0.0,0.0,1.0,38.0,44
118000,135,0.49850000000000005,390.0000000000083,57.582674133300785,1000.0,0.0,0.0,1.0,3.0,44
119000,136,0.4942500000000001,640.000000000009,59.16572840881348,1000.0,0.0,0.0,1.0,4.0,44
120000,137,0.49,240.00000000000824,56.23855235290527,1000.0,0.0,0.0,1.0,6.0,44
121000,138,0.48575,1080.000000000009,58.5445313873291,1000.0,0.0,0.0,1.0,6.0,44
122000,139,0.48150000000000004,1350.000000000009,57.137262855529784,1000.0,0.0,0.0,1.0,22.0,44
123000,140,0.47725000000000006,7046.590000000002,56.93713726806641,341.0,1.0,0.0,0.0,52.0,45
124000,141,0.473,870.000000000009,56.50398104858398,1000.0,0.0,0.0,1.0,9.0,45
125000,142,0.46875,810.000000000009,56.99494164276123,1000.0,0.0,0.0,1.0,7.0,45
126000,143,0.4645,730.0000000000084,56.10077977752685,1000.0,0.0,0.0,1.0,7.0,45
127000,145,0.46025000000000005,4057.4900000000066,56.157455032348636,751.0,0.5,0.0,0.5,33.5,46
128000,146,0.45599999999999996,750.0000000000091,54.85748268890381,1000.0,0.0,0.0,1.0,6.0,46
129000,147,0.45175,260.0000000000084,55.6831897354126,1000.0,0.0,0.0,1.0,6.0,46
130000,148,0.4475,600.0000000000085,56.358372241973875,1000.0,0.0,0.0,1.0,4.0,46
131000,149,0.44325000000000003,750.000000000009,55.13867498016357,1000.0,0.0,0.0,1.0,4.0,46
132000,151,0.43899999999999995,7044.700000000004,55.96844151306152,530.0,1.0,0.0,0.0,52.0,48
133000,153,0.43474999999999997,7046.180000000003,57.29354567718506,382.0,1.0,0.0,0.0,52.0,50
134000,154,0.4305,530.0000000000089,55.14022048950196,1000.0,0.0,0.0,1.0,10.0,50
135000,156,0.42625,3883.7750000000055,57.07545431137085,622.5,0.5,0.0,0.5,28.0,51
136000,158,0.42199999999999993,7043.940000000006,55.66803517150879,606.0,1.0,0.0,0.0,52.0,53
137000,159,0.41774999999999995,900.0000000000091,56.18723886108398,1000.0,0.0,0.0,1.0,18.0,53
138000,160,0.4135000000000001,970.0000000000091,55.68563288116455,1000.0,0.0,0.0,1.0,7.0,53
139000,161,0.40925,970.0000000000089,55.28685369110107,1000.0,0.0,0.0,1.0,14.0,53
140000,162,0.405,7046.640000000003,56.8381242980957,336.0,1.0,0.0,0.0,52.0,54
141000,163,0.40075000000000005,780.0000000000089,56.07917983245849,1000.0,0.0,0.0,1.0,5.0,54
142000,164,0.3965000000000001,880.0000000000091,55.72924290466309,1000.0,0.0,0.0,1.0,15.0,54
143000,166,0.39225,7042.9200000000055,55.1619732093811,708.0,1.0,0.0,0.0,52.0,56
144000,167,0.388,800.0000000000089,54.51134413909912,1000.0,0.0,0.0,1.0,5.0,56
145000,168,0.38375000000000004,870.000000000009,54.8224486618042,1000.0,0.0,0.0,1.0,7.0,56
146000,169,0.37950000000000006,820.0000000000083,54.546757667541506,1000.0,0.0,0.0,1.0,5.0,56
147000,171,0.37525,7045.5750000000035,54.1985389251709,442.5,1.0,0.0,0.0,52.0,58
148000,172,0.371,7044.060000000005,53.961076080322265,594.0,1.0,0.0,0.0,52.0,59
149000,174,0.36675,4153.135000000006,52.93663906097412,686.5,0.5,0.0,0.5,32.5,60
150000,175,0.36250000000000004,7045.540000000004,52.27220375823975,446.0,1.0,0.0,0.0,52.0,61
151000,176,0.35825000000000007,1450.0000000000084,54.255176956176754,1000.0,0.0,0.0,1.0,18.0,61
152000,178,0.354,3796.7500000000073,54.24278052520752,825.0,0.5,0.0,0.5,26.5,62
153000,180,0.34975,7044.755000000005,53.88399493408203,524.5,1.0,0.0,0.0,52.0,64
154000,181,0.34550000000000003,730.000000000009,52.50845956802368,1000.0,0.0,0.0,1.0,6.0,64
155000,182,0.34125000000000005,7044.940000000004,52.630572540283204,506.0,1.0,0.0,0.0,52.0,65
156000,183,0.33699999999999997,650.000000000009,52.14372540283203,1000.0,0.0,0.0,1.0,5.0,65
157000,185,0.33275,3917.315000000007,53.20041859436035,768.5,0.5,0.0,0.5,31.0,66
158000,186,0.3285,190.00000000000907,51.746234203338624,1000.0,0.0,0.0,1.0,5.0,66
159000,187,0.32425000000000004,1220.0000000000089,52.44506076431274,1000.0,0.0,0.0,1.0,17.0,66
160000,189,0.31999999999999995,7024.575000000004,52.98432238006592,542.5,1.0,0.0,0.0,52.0,68
161000,190,0.31575,7044.970000000005,53.05997682952881,503.0,1.0,0.0,0.0,52.0,69
162000,191,0.3115,340.0000000000083,53.455291015625,1000.0,0.0,0.0,1.0,3.0,69
163000,192,0.30725,880.000000000009,52.95863669586181,1000.0,0.0,0.0,1.0,8.0,69
164000,194,0.30300000000000005,3788.315000000006,53.4970537109375,668.5,0.5,0.0,0.5,29.0,70
165000,195,0.29875000000000007,1140.0000000000089,51.199751697540286,1000.0,0.0,0.0,1.0,10.0,70
166000,196,0.2945000000000001,7046.700000000003,51.953710716247556,330.0,1.0,0.0,0.0,52.0,71
167000,198,0.29025,3827.8000000000065,51.027006492614746,720.0,0.5,0.0,0.5,29.5,72
168000,199,0.28600000000000003,400.00000000000904,50.46585594177246,1000.0,0.0,0.0,1.0,11.0,72
169000,200,0.28175000000000006,700.0000000000089,50.20000391387939,1000.0,0.0,0.0,1.0,9.0,72
170000,202,0.2775000000000001,4407.5050000000065,50.48862096405029,749.5,0.5,0.0,0.5,46.0,73
171000,203,0.27325,1710.000000000009,51.17625998687744,1000.0,0.0,0.0,1.0,29.0,73
172000,204,0.269,380.00000000000887,50.34027893829346,1000.0,0.0,0.0,1.0,8.0,73
173000,205,0.26475000000000004,530.0000000000091,50.85242491912842,1000.0,0.0,0.0,1.0,8.0,73
174000,206,0.26050000000000006,400.0000000000091,49.98287058258057,1000.0,0.0,0.0,1.0,4.0,73
175000,207,0.25625,810.000000000009,49.2806784286499,1000.0,0.0,0.0,1.0,9.0,73
176000,208,0.252,550.000000000009,48.99880268859863,1000.0,0.0,0.0,1.0,4.0,73
177000,209,0.24775000000000003,870.0000000000091,46.386693084716796,1000.0,0.0,0.0,1.0,14.0,73
178000,210,0.24350000000000005,940.000000000009,47.693657154083255,1000.0,0.0,0.0,1.0,11.0,73
179000,211,0.23924999999999996,1610.000000000009,48.0641418838501,1000.0,0.0,0.0,1.0,22.0,73
180000,213,0.235,7045.585000000004,48.19881242752075,441.5,1.0,0.0,0.0,52.0,75
181000,214,0.23075,7047.110000000002,47.20365682983398,289.0,1.0,0.0,0.0,52.0,76
182000,216,0.22650000000000003,3947.7450000000063,50.63051061248779,725.5,0.5,0.0,0.5,34.5,77
183000,217,0.22224999999999995,840.0000000000089,48.00955763244629,1000.0,0.0,0.0,1.0,7.0,77
184000,218,0.21799999999999997,7045.680000000004,48.73063052368164,432.0,1.0,0.0,0.0,52.0,78
185000,221,0.21375,4913.633333333339,50.55488787841797,636.6666666666666,0.6666666666666666,0.0,0.3333333333333333,35.666666666666664,80
186000,222,0.20950000000000002,710.0000000000091,50.411483436584476,1000.0,0.0,0.0,1.0,10.0,80
187000,224,0.20524999999999993,7026.055000000003,49.62798508071899,394.5,1.0,0.0,0.0,52.0,82
188000,225,0.20100000000000007,7045.140000000004,47.83434677886963,486.0,1.0,0.0,0.0,52.0,83
189000,226,0.1967500000000001,880.0000000000091,47.882274490356444,1000.0,0.0,0.0,1.0,8.0,83
190000,228,0.1925,4141.255000000008,46.75973345184326,874.5,0.5,0.0,0.5,29.0,84
191000,229,0.18825000000000003,670.0000000000091,49.26511856842041,1000.0,0.0,0.0,1.0,13.0,84
192000,230,0.18400000000000005,610.0000000000091,47.472623344421386,1000.0,0.0,0.0,1.0,4.0,84
193000,231,0.17975000000000008,810.0000000000091,47.65678993988037,1000.0,0.0,0.0,1.0,12.0,84
194000,232,0.1755,1060.0000000000089,47.08559846496582,1000.0,0.0,0.0,1.0,8.0,84
195000,233,0.17125,7045.840000000004,50.273816619873045,416.0,1.0,0.0,0.0,52.0,85
196000,235,0.16700000000000004,3542.2400000000034,48.67019539260864,776.0,0.5,0.0,0.5,28.5,86
197000,236,0.16275000000000006,7047.770000000001,47.702961353302,223.0,1.0,0.0,0.0,52.0,87
198000,238,0.15849999999999997,3811.3750000000073,49.243196800231935,862.5,0.5,0.0,0.5,28.0,88
199000,239,0.15425,1190.0000000000089,47.81925887298584,1000.0,0.0,0.0,1.0,21.0,88
200000,240,0.15000000000000002,1350.0000000000089,47.972059982299804,1000.0,0.0,0.0,1.0,22.0,88
201000,241,0.15000000000000002,7046.310000000003,47.30084511566162,369.0,1.0,0.0,0.0,52.0,89
202000,242,0.15000000000000002,560.0000000000091,47.84526803588867,1000.0,0.0,0.0,1.0,10.0,89
203000,243,0.15000000000000002,1180.0000000000089,47.51654164123535,1000.0,0.0,0.0,1.0,11.0,89
204000,245,0.15000000000000002,4131.755000000007,47.64521453094483,824.5,0.5,0.0,0.5,33.5,90
205000,246,0.15000000000000002,7046.520000000003,47.91106261062622,348.0,1.0,0.0,0.0,52.0,91
206000,249,0.15000000000000002,7044.810000000004,47.511102195739745,519.0,1.0,0.0,0.0,52.0,94
207000,251,0.15000000000000002,7044.725000000004,48.82128938293457,527.5,1.0,0.0,0.0,52.0,96
208000,252,0.15000000000000002,1380.000000000009,47.383986824035645,1000.0,0.0,0.0,1.0,11.0,96
209000,253,0.15000000000000002,1480.0000000000086,48.914299430847166,1000.0,0.0,0.0,1.0,30.0,96
210000,254,0.15000000000000002,7045.340000000004,48.31207592391968,466.0,1.0,0.0,0.0,52.0,97
211000,256,0.15000000000000002,3843.4500000000057,46.25714259338379,655.0,0.5,0.0,0.5,31.0,98
212000,257,0.15000000000000002,1130.000000000009,45.34857594680786,1000.0,0.0,0.0,1.0,15.0,98
213000,258,0.15000000000000002,7045.760000000004,47.60664518737793,424.0,1.0,0.0,0.0,52.0,99
214000,261,0.15000000000000002,4830.386666666672,47.535946739196774,628.0,0.6666666666666666,0.0,0.3333333333333333,35.333333333333336,101
215000,262,0.15000000000000002,1630.0000000000089,46.9820710067749,1000.0,0.0,0.0,1.0,21.0,101
216000,263,0.15000000000000002,560.0000000000088,46.60481042098999,1000.0,0.0,0.0,1.0,5.0,101
217000,264,0.15000000000000002,210.00000000000836,47.07039893722534,1000.0,0.0,0.0,1.0,5.0,101
218000,265,0.15000000000000002,1200.000000000009,46.98952466583252,1000.0,0.0,0.0,1.0,5.0,101
219000,267,0.15000000000000002,7045.680000000004,47.148901641845704,432.0,1.0,0.0,0.0,52.0,103
220000,269,0.15000000000000002,7025.135000000004,46.37224055862427,486.5,1.0,0.0,0.0,52.0,105
221000,270,0.15000000000000002,7041.320000000008,49.216150245666505,868.0,1.0,0.0,0.0,52.0,106
222000,271,0.15000000000000002,300.00000000000875,48.27252244567871,1000.0,0.0,0.0,1.0,7.0,106
223000,272,0.15000000000000002,1140.000000000009,46.18208641052246,1000.0,0.0,0.0,1.0,21.0,106
224000,273,0.15000000000000002,680.000000000009,47.39786861801147,1000.0,0.0,0.0,1.0,4.0,106
225000,274,0.15000000000000002,560.0000000000086,44.83610752105713,1000.0,0.0,0.0,1.0,7.0,106
226000,275,0.15000000000000002,1110.0000000000089,45.82812544631958,1000.0,0.0,0.0,1.0,12.0,106
227000,277,0.15000000000000002,3798.5450000000055,45.105186168670656,645.5,0.5,0.0,0.5,29.0,107
228000,278,0.15000000000000002,190.00000000000904,45.60859585571289,1000.0,0.0,0.0,1.0,2.0,107
229000,279,0.15000000000000002,7045.530000000004,44.17917274475098,447.0,1.0,0.0,0.0,52.0,108
230000,281,0.15000000000000002,3808.8950000000054,45.36623765563965,610.5,0.5,0.0,0.5,33.0,109
231000,282,0.15000000000000002,7045.130000000003,45.19113273239136,487.0,1.0,0.0,0.0,52.0,110
232000,283,0.15000000000000002,770.000000000009,45.29177536392212,1000.0,0.0,0.0,1.0,10.0,110
233000,285,0.15000000000000002,4172.030000000007,44.811875938415525,797.0,0.5,0.0,0.5,29.0,111
234000,286,0.15000000000000002,700.0000000000091,45.12915777587891,1000.0,0.0,0.0,1.0,8.0,111
235000,287,0.15000000000000002,1310.000000000009,44.12093760681152,1000.0,0.0,0.0,1.0,13.0,111
236000,288,0.15000000000000002,69.99999999999552,45.85327839279175,1000.0,0.0,0.0,1.0,3.0,111
237000,289,0.15000000000000002,7042.730000000007,43.96697068786621,727.0,1.0,0.0,0.0,52.0,112
238000,290,0.15000000000000002,1430.000000000009,45.47131267166138,1000.0,0.0,0.0,1.0,21.0,112
239000,292,0.15000000000000002,4233.450000000005,43.25263126373291,655.0,0.5,0.0,0.5,35.0,113
240000,294,0.15000000000000002,7044.670000000004,43.82007981109619,533.0,1.0,0.0,0.0,52.0,115
241000,295,0.15000000000000002,1080.000000000009,42.89411231231689,1000.0,0.0,0.0,1.0,17.0,115
242000,296,0.15000000000000002,1490.000000000009,41.86341134643555,1000.0,0.0,0.0,1.0,17.0,115
243000,297,0.15000000000000002,7047.440000000002,44.50155463409424,256.0,1.0,0.0,0.0,52.0,116
244000,298,0.15000000000000002,730.0000000000091,43.485919136047364,1000.0,0.0,0.0,1.0,5.0,116
245000,300,0.15000000000000002,4022.7350000000065,43.52234658050537,726.5,0.5,0.0,0.5,31.5,117
246000,301,0.15000000000000002,7044.3300000000045,41.79478256225586,567.0,1.0,0.0,0.0,52.0,118
247000,302,0.15000000000000002,700.000000000009,42.84394761657715,1000.0,0.0,0.0,1.0,6.0,118
248000,303,0.15000000000000002,330.0000000000091,43.04131551361084,1000.0,0.0,0.0,1.0,5.0,118
249000,304,0.15000000000000002,970.0000000000089,42.50125601959228,1000.0,0.0,0.0,1.0,9.0,118
250000,306,0.15000000000000002,3982.5050000000065,41.959281539916994,749.5,0.5,0.0,0.5,28.5,119
251000,307,0.15000000000000002,1060.000000000009,43.89723448562622,1000.0,0.0,0.0,1.0,27.0,119
252000,308,0.15000000000000002,7044.440000000005,43.279385772705076,556.0,1.0,0.0,0.0,52.0,120
253000,309,0.15000000000000002,840.000000000009,41.608400051116945,1000.0,0.0,0.0,1.0,10.0,120
254000,310,0.15000000000000002,860.0000000000091,40.61715602111816,1000.0,0.0,0.0,1.0,11.0,120
255000,311,0.15000000000000002,1240.0000000000089,40.64612900161743,1000.0,0.0,0.0,1.0,13.0,120
256000,312,0.15000000000000002,1190.000000000009,41.304182361602784,1000.0,0.0,0.0,1.0,6.0,120
257000,314,0.15000000000000002,3881.005000000008,39.806982242584226,899.5,0.5,0.0,0.5,28.0,121
258000,315,0.15000000000000002,1580.000000000009,39.86021488952637,1000.0,0.0,0.0,1.0,21.0,121
259000,316,0.15000000000000002,800.0000000000091,38.02652828216553,1000.0,0.0,0.0,1.0,1.0,121
260000,317,0.15000000000000002,1370.0000000000089,40.53268563461304,1000.0,0.0,0.0,1.0,19.0,121
261000,318,0.15000000000000002,1820.000000000009,40.83571374511719,1000.0,0.0,0.0,1.0,40.0,121
262000,320,0.15000000000000002,7045.890000000003,39.40718273162842,411.0,1.0,0.0,0.0,52.0,123
263000,321,0.15000000000000002,670.000000000009,38.31331128692627,1000.0,0.0,0.0,1.0,13.0,123
264000,322,0.15000000000000002,7043.470000000006,38.1052119140625,653.0,1.0,0.0,0.0,52.0,124
265000,323,0.15000000000000002,980.0000000000091,38.15023850250244,1000.0,0.0,0.0,1.0,6.0,124
266000,324,0.15000000000000002,160.00000000000827,38.51295641708374,1000.0,0.0,0.0,1.0,7.0,124
267000,325,0.15000000000000002,310.00000000000875,40.202678199768066,1000.0,0.0,0.0,1.0,3.0,124
268000,326,0.15000000000000002,7043.450000000006,37.957873432159424,655.0,1.0,0.0,0.0,52.0,125
269000,327,0.15000000000000002,480.00000000000904,38.48344248199463,1000.0,0.0,0.0,1.0,12.0,125
270000,328,0.15000000000000002,1060.0000000000089,38.87279454421997,1000.0,0.0,0.0,1.0,12.0,125
271000,329,0.15000000000000002,1150.000000000009,36.86008785629272,1000.0,0.0,0.0,1.0,12.0,125
272000,330,0.15000000000000002,1070.000000000009,37.907337310791014,1000.0,0.0,0.0,1.0,7.0,125
273000,332,0.15000000000000002,4224.0000000000055,38.21421019744873,600.0,0.5,0.0,0.5,35.5,126
274000,333,0.15000000000000002,930.0000000000091,37.44130387115479,1000.0,0.0,0.0,1.0,8.0,126
275000,334,0.15000000000000002,980.000000000009,35.73081697463989,1000.0,0.0,0.0,1.0,6.0,126
276000,337,0.15000000000000002,4864.516666666671,35.610451671600345,548.3333333333334,0.6666666666666666,0.0,0.3333333333333333,37.0,128
277000,338,0.15000000000000002,440.0000000000091,36.54950807189942,1000.0,0.0,0.0,1.0,5.0,128
278000,339,0.15000000000000002,1250.000000000009,36.89553327941895,1000.0,0.0,0.0,1.0,26.0,128
279000,340,0.15000000000000002,680.0000000000089,34.69450477218628,1000.0,0.0,0.0,1.0,15.0,128
280000,341,0.15000000000000002,7047.050000000003,34.21980619430542,295.0,1.0,0.0,0.0,52.0,129
281000,342,0.15000000000000002,7041.2600000000075,34.642899585723875,874.0,1.0,0.0,0.0,52.0,130
282000,343,0.15000000000000002,1070.0000000000084,34.21828367614746,1000.0,0.0,0.0,1.0,13.0,130
283000,344,0.15000000000000002,390.0000000000091,34.64080263519287,1000.0,0.0,0.0,1.0,4.0,130
284000,346,0.15000000000000002,4111.995000000007,33.74727219772339,800.5,0.5,0.0,0.5,33.5,131
285000,347,0.15000000000000002,1430.000000000009,35.8223327331543,1000.0,0.0,0.0,1.0,15.0,131
286000,348,0.15000000000000002,880.0000000000091,36.26627248764038,1000.0,0.0,0.0,1.0,3.0,131
287000,349,0.15000000000000002,550.0000000000089,33.427867233276366,1000.0,0.0,0.0,1.0,6.0,131
288000,350,0.15000000000000002,7043.520000000006,33.647747215270996,648.0,1.0,0.0,0.0,52.0,132
289000,351,0.15000000000000002,1420.0000000000089,32.07669595336914,1000.0,0.0,0.0,1.0,14.0,132
290000,352,0.15000000000000002,250.00000000000864,33.48219088363648,1000.0,0.0,0.0,1.0,5.0,132
291000,354,0.15000000000000002,3713.175000000006,33.036564987182615,682.5,0.5,0.0,0.5,30.0,133
292000,355,0.15000000000000002,1770.000000000009,32.29121338272095,1000.0,0.0,0.0,1.0,40.0,133
293000,356,0.15000000000000002,750.0000000000088,32.368822414398196,1000.0,0.0,0.0,1.0,12.0,133
294000,357,0.15000000000000002,360.000000000009,32.11415552902222,1000.0,0.0,0.0,1.0,2.0,133
295000,358,0.15000000000000002,780.0000000000089,32.618351150512694,1000.0,0.0,0.0,1.0,5.0,133
296000,359,0.15000000000000002,470.0000000000091,32.41621839523315,1000.0,0.0,0.0,1.0,3.0,133
297000,361,0.15000000000000002,7045.270000000004,31.412333560943605,473.0,1.0,0.0,0.0,52.0,135
298000,362,0.15000000000000002,7044.070000000005,32.06148494720459,593.0,1.0,0.0,0.0,52.0,136
299000,364,0.15000000000000002,4332.365000000007,31.77038335800171,763.5,0.5,0.0,0.5,41.0,137
300000,365,0.15000000000000002,680.0000000000091,30.284969882965086,1000.0,0.0,0.0,1.0,10.0,137
301000,366,0.15000000000000002,730.0000000000091,30.3549829788208,1000.0,0.0,0.0,1.0,6.0,137
302000,367,0.15000000000000002,660.0000000000085,31.063499481201173,1000.0,0.0,0.0,1.0,7.0,137
303000,368,0.15000000000000002,1720.0000000000089,31.064310642242432,1000.0,0.0,0.0,1.0,28.0,137
304000,369,0.15000000000000002,740.0000000000089,31.023948345184326,1000.0,0.0,0.0,1.0,5.0,137
305000,370,0.15000000000000002,7046.030000000003,30.559580074310304,397.0,1.0,0.0,0.0,52.0,138
306000,371,0.15000000000000002,840.000000000009,30.277309913635253,1000.0,0.0,0.0,1.0,6.0,138
307000,373,0.15000000000000002,3892.6700000000064,28.758494983673096,733.0,0.5,0.0,0.5,30.0,139
308000,374,0.15000000000000002,1220.0000000000089,28.69548602294922,1000.0,0.0,0.0,1.0,18.0,139
309000,375,0.15000000000000002,480.00000000000847,29.771661739349366,1000.0,0.0,0.0,1.0,4.0,139
310000,376,0.15000000000000002,530.0000000000089,28.504518939971923,1000.0,0.0,0.0,1.0,4.0,139
311000,377,0.15000000000000002,690.0000000000091,29.24549811553955,1000.0,0.0,0.0,1.0,15.0,139
312000,378,0.15000000000000002,1430.000000000009,30.213607971191408,1000.0,0.0,0.0,1.0,16.0,139
313000,379,0.15000000000000002,7005.680000000004,30.831857448577882,432.0,1.0,0.0,0.0,52.0,140
314000,380,0.15000000000000002,770.000000000009,29.259309574127197,1000.0,0.0,0.0,1.0,6.0,140
315000,381,0.15000000000000002,420.000000000009,30.64389722251892,1000.0,0.0,0.0,1.0,9.0,140
316000,384,0.15000000000000002,5070.350000000006,29.381419708251954,631.6666666666666,0.6666666666666666,0.0,0.3333333333333333,39.0,142
317000,385,0.15000000000000002,770.0000000000085,27.302337783813478,1000.0,0.0,0.0,1.0,15.0,142
318000,386,0.15000000000000002,7047.250000000002,29.009556400299072,275.0,1.0,0.0,0.0,52.0,143
319000,388,0.15000000000000002,264.2750000000048,30.300129749298097,573.0,0.0,0.5,0.5,5.5,143
320000,390,0.15000000000000002,3738.205000000006,28.677355773925783,679.5,0.5,0.0,0.5,31.0,144
321000,391,0.15000000000000002,1140.000000000009,28.394961109161375,1000.0,0.0,0.0,1.0,13.0,144
322000,392,0.15000000000000002,760.0000000000091,28.047446487426757,1000.0,0.0,0.0,1.0,14.0,144
323000,393,0.15000000000000002,1370.0000000000089,28.600980783462525,1000.0,0.0,0.0,1.0,18.0,144
324000,394,0.15000000000000002,230.00000000000895,29.156561576843263,1000.0,0.0,0.0,1.0,3.0,144
325000,395,0.15000000000000002,7046.800000000003,27.405078718185425,320.0,1.0,0.0,0.0,52.0,145
326000,396,0.15000000000000002,1050.0000000000089,27.767768608093263,1000.0,0.0,0.0,1.0,13.0,145
327000,398,0.15000000000000002,4018.2200000000057,28.15030072402954,678.0,0.5,0.0,0.5,30.0,146
328000,399,0.15000000000000002,1370.0000000000089,29.542588748931884,1000.0,0.0,0.0,1.0,25.0,146
329000,400,0.15000000000000002,7041.230000000008,28.200060916900636,877.0,1.0,0.0,0.0,52.0,147
330000,401,0.15000000000000002,960.0000000000091,27.477199764251708,1000.0,0.0,0.0,1.0,9.0,147
331000,403,0.15000000000000002,3767.4750000000067,28.44450020980835,752.5,0.5,0.0,0.5,27.5,148
332000,404,0.15000000000000002,7045.450000000004,27.991953845977783,455.0,1.0,0.0,0.0,52.0,149
333000,405,0.15000000000000002,900.000000000009,29.49767574119568,1000.0,0.0,0.0,1.0,9.0,149
334000,406,0.15000000000000002,7040.910000000008,29.009708335876464,909.0,1.0,0.0,0.0,52.0,150
335000,407,0.15000000000000002,830.0000000000091,28.491990253448485,1000.0,0.0,0.0,1.0,15.0,150
336000,408,0.15000000000000002,860.0000000000086,28.277793174743653,1000.0,0.0,0.0,1.0,3.0,150
337000,409,0.15000000000000002,900.0000000000091,27.308904537200927,1000.0,0.0,0.0,1.0,12.0,150
338000,410,0.15000000000000002,1110.000000000009,26.336165214538575,1000.0,0.0,0.0,1.0,17.0,150
339000,411,0.15000000000000002,520.0000000000089,27.310067394256592,1000.0,0.0,0.0,1.0,9.0,150
340000,412,0.15000000000000002,820.0000000000091,28.30556023788452,1000.0,0.0,0.0,1.0,7.0,150
341000,414,0.15000000000000002,3607.4800000000064,26.19628729248047,752.0,0.5,0.0,0.5,27.5,151
342000,415,0.15000000000000002,1610.000000000009,27.783997400283813,1000.0,0.0,0.0,1.0,29.0,151
343000,416,0.15000000000000002,860.0000000000091,27.92882851409912,1000.0,0.0,0.0,1.0,14.0,151
344000,417,0.15000000000000002,7046.020000000003,26.623691268920897,398.0,1.0,0.0,0.0,52.0,152
345000,418,0.15000000000000002,290.00000000000904,28.11120800971985,1000.0,0.0,0.0,1.0,1.0,152
346000,419,0.15000000000000002,1570.000000000009,26.731858184814453,1000.0,0.0,0.0,1.0,20.0,152
347000,422,0.15000000000000002,5090.236666666672,26.351321781158447,643.0,0.6666666666666666,0.0,0.3333333333333333,36.0,154
348000,423,0.15000000000000002,1030.0000000000089,26.547623369216918,1000.0,0.0,0.0,1.0,15.0,154
349000,424,0.15000000000000002,1120.0000000000086,26.791300329208376,1000.0,0.0,0.0,1.0,9.0,154
350000,425,0.15000000000000002,1170.000000000009,26.66454831314087,1000.0,0.0,0.0,1.0,15.0,154
351000,426,0.15000000000000002,780.0000000000089,27.358830947875976,1000.0,0.0,0.0,1.0,9.0,154
352000,428,0.15000000000000002,7045.570000000003,26.212363414764404,443.0,1.0,0.0,0.0,52.0,156
353000,429,0.15000000000000002,1610.0000000000086,26.04286488342285,1000.0,0.0,0.0,1.0,26.0,156
354000,430,0.15000000000000002,580.0000000000091,25.19758795928955,1000.0,0.0,0.0,1.0,4.0,156
355000,431,0.15000000000000002,1410.0000000000089,26.417045265197753,1000.0,0.0,0.0,1.0,14.0,156
356000,432,0.15000000000000002,7046.620000000003,26.376526107788084,338.0,1.0,0.0,0.0,52.0,157
357000,433,0.15000000000000002,980.000000000009,26.269603843688966,1000.0,0.0,0.0,1.0,12.0,157
358000,434,0.15000000000000002,450.00000000000904,25.44747761154175,1000.0,0.0,0.0,1.0,6.0,157
359000,436,0.15000000000000002,3952.700000000006,25.644802043914794,730.0,0.5,0.0,0.5,32.0,158
360000,438,0.15000000000000002,7043.495000000006,25.837183710098266,650.5,1.0,0.0,0.0,52.0,160
361000,439,0.15000000000000002,1090.0000000000086,25.53472896194458,1000.0,0.0,0.0,1.0,8.0,160
362000,440,0.15000000000000002,1020.0000000000091,25.771456163406373,1000.0,0.0,0.0,1.0,9.0,160
363000,441,0.15000000000000002,400.0000000000089,24.910359411239625,1000.0,0.0,0.0,1.0,1.0,160
364000,442,0.15000000000000002,1810.0000000000089,24.72244644165039,1000.0,0.0,0.0,1.0,44.0,160
365000,443,0.15000000000000002,500.00000000000875,25.21273468017578,1000.0,0.0,0.0,1.0,6.0,160
366000,444,0.15000000000000002,1220.000000000009,24.618282634735106,1000.0,0.0,0.0,1.0,12.0,160
367000,445,0.15000000000000002,1330.000000000009,23.156610471725465,1000.0,0.0,0.0,1.0,9.0,160
368000,446,0.15000000000000002,1480.000000000009,23.87524937438965,1000.0,0.0,0.0,1.0,20.0,160
369000,447,0.15000000000000002,7047.170000000002,24.573885982513428,283.0,1.0,0.0,0.0,52.0,161
370000,449,0.15000000000000002,4113.040000000006,23.44181266593933,696.0,0.5,0.0,0.5,33.0,162
371000,450,0.15000000000000002,7005.160000000004,23.02682258415222,484.0,1.0,0.0,0.0,52.0,163
372000,452,0.15000000000000002,3792.5800000000067,24.468801895141603,742.0,0.5,0.0,0.5,27.0,164
373000,453,0.15000000000000002,940.0000000000091,23.460257990837096,1000.0,0.0,0.0,1.0,5.0,164
374000,454,0.15000000000000002,1610.0000000000077,23.900592290878297,1000.0,0.0,0.0,1.0,24.0,164
375000,455,0.15000000000000002,630.000000000009,22.678980514526366,1000.0,0.0,0.0,1.0,9.0,164
376000,456,0.15000000000000002,7041.940000000007,24.387878479003906,806.0,1.0,0.0,0.0,52.0,165
377000,457,0.15000000000000002,1410.000000000009,23.16711269569397,1000.0,0.0,0.0,1.0,14.0,165
378000,458,0.15000000000000002,970.0000000000091,22.309538833618163,1000.0,0.0,0.0,1.0,8.0,165
379000,459,0.15000000000000002,1350.0000000000089,23.375416509628295,1000.0,0.0,0.0,1.0,22.0,165
380000,461,0.15000000000000002,4053.0800000000063,23.269387046813964,692.0,0.5,0.0,0.5,30.5,166
381000,462,0.15000000000000002,380.000000000009,23.721520212173463,1000.0,0.0,0.0,1.0,5.0,166
382000,463,0.15000000000000002,660.000000000009,22.31635081100464,1000.0,0.0,0.0,1.0,6.0,166
383000,464,0.15000000000000002,1330.0000000000089,24.126188064575196,1000.0,0.0,0.0,1.0,21.0,166
384000,465,0.15000000000000002,890.000000000009,22.633178092956545,1000.0,0.0,0.0,1.0,6.0,166
385000,466,0.15000000000000002,1130.0000000000089,22.82705103302002,1000.0,0.0,0.0,1.0,21.0,166
386000,467,0.15000000000000002,480.00000000000904,20.747374702453612,1000.0,0.0,0.0,1.0,2.0,166
387000,468,0.15000000000000002,1170.0000000000089,22.592046001434326,1000.0,0.0,0.0,1.0,10.0,166
388000,470,0.15000000000000002,7046.165000000003,21.320233242034913,383.5,1.0,0.0,0.0,52.0,168
389000,471,0.15000000000000002,790.000000000009,23.14822217178345,1000.0,0.0,0.0,1.0,12.0,168
390000,473,0.15000000000000002,3988.2600000000057,23.06357865905762,674.0,0.5,0.0,0.5,32.0,169
391000,474,0.15000000000000002,950.000000000009,22.264266010284423,1000.0,0.0,0.0,1.0,2.0,169
392000,475,0.15000000000000002,1470.000000000009,21.890562084198,1000.0,0.0,0.0,1.0,20.0,169
393000,476,0.15000000000000002,1050.000000000009,23.006854118347167,1000.0,0.0,0.0,1.0,11.0,169
394000,477,0.15000000000000002,620.0000000000086,22.263981508255004,1000.0,0.0,0.0,1.0,5.0,169
395000,479,0.15000000000000002,7046.120000000003,23.01235066986084,388.0,1.0,0.0,0.0,52.0,171
396000,480,0.15000000000000002,1300.000000000009,21.519060821533202,1000.0,0.0,0.0,1.0,13.0,171
397000,481,0.15000000000000002,1000.0000000000091,22.158305002212526,1000.0,0.0,0.0,1.0,12.0,171
398000,482,0.15000000000000002,7046.070000000003,22.114207036972047,393.0,1.0,0.0,0.0,52.0,172
399000,483,0.15000000000000002,810.0000000000091,21.763450716018678,1000.0,0.0,0.0,1.0,8.0,172
400000,484,0.15000000000000002,1270.0000000000084,21.41992586326599,1000.0,0.0,0.0,1.0,10.0,172
401000,485,0.15000000000000002,1430.0000000000089,20.74928179550171,1000.0,0.0,0.0,1.0,18.0,172
402000,487,0.15000000000000002,3918.350000000006,20.608103265762328,665.0,0.5,0.0,0.5,29.5,173
403000,488,0.15000000000000002,1410.000000000009,21.087798358917237,1000.0,0.0,0.0,1.0,13.0,173
404000,489,0.15000000000000002,7042.010000000007,22.10002984046936,799.0,1.0,0.0,0.0,52.0,174
405000,491,0.15000000000000002,3688.175000000006,21.535585779190065,682.5,0.5,0.0,0.5,28.0,175
406000,492,0.15000000000000002,560.0000000000091,21.106153703689575,1000.0,0.0,0.0,1.0,10.0,175
407000,493,0.15000000000000002,7043.430000000006,21.724073518753052,657.0,1.0,0.0,0.0,52.0,176
408000,495,0.15000000000000002,4201.505000000007,20.440322553634644,849.5,0.5,0.0,0.5,37.0,177
409000,496,0.15000000000000002,7043.230000000006,21.324071269989012,677.0,1.0,0.0,0.0,52.0,178
410000,497,0.15000000000000002,7002.470000000007,21.627184085845947,753.0,1.0,0.0,0.0,52.0,179
411000,498,0.15000000000000002,650.0000000000091,20.181806241989136,1000.0,0.0,0.0,1.0,3.0,179
412000,499,0.15000000000000002,520.0000000000089,21.77047543334961,1000.0,0.0,0.0,1.0,0.0,179
413000,500,0.15000000000000002,1180.000000000009,20.704969942092895,1000.0,0.0,0.0,1.0,6.0,179
414000,501,0.15000000000000002,470.00000000000887,21.23169787979126,1000.0,0.0,0.0,1.0,2.0,179
415000,502,0.15000000000000002,1050.0000000000089,20.70201833343506,1000.0,0.0,0.0,1.0,12.0,179
416000,503,0.15000000000000002,510.0000000000091,20.105444229125975,1000.0,0.0,0.0,1.0,5.0,179
417000,504,0.15000000000000002,1090.000000000009,20.809992021560667,1000.0,0.0,0.0,1.0,11.0,179
418000,505,0.15000000000000002,790.0000000000091,19.874168128967284,1000.0,0.0,0.0,1.0,6.0,179
419000,506,0.15000000000000002,7041.100000000008,19.11108981895447,890.0,1.0,0.0,0.0,52.0,180
420000,507,0.15000000000000002,410.00000000000904,18.898681543350218,1000.0,0.0,0.0,1.0,7.0,180
421000,509,0.15000000000000002,3963.0150000000062,19.331517185211183,698.5,0.5,0.0,0.5,33.0,181
422000,511,0.15000000000000002,7045.645000000004,19.82647749519348,435.5,1.0,0.0,0.0,52.0,183
423000,512,0.15000000000000002,770.0000000000089,20.586041893005373,1000.0,0.0,0.0,1.0,14.0,183
424000,514,0.15000000000000002,7044.4150000000045,18.83001946258545,558.5,1.0,0.0,0.0,52.0,185
425000,515,0.15000000000000002,119.99999999999736,19.46909264755249,1000.0,0.0,0.0,1.0,7.0,185
426000,516,0.15000000000000002,7045.210000000005,19.607932069778442,479.0,1.0,0.0,0.0,52.0,186
427000,517,0.15000000000000002,460.0000000000091,19.003242433547975,1000.0,0.0,0.0,1.0,2.0,186
428000,518,0.15000000000000002,1530.0000000000089,19.427451765060425,1000.0,0.0,0.0,1.0,39.0,186
429000,520,0.15000000000000002,4058.6900000000055,18.882855583190917,631.0,0.5,0.0,0.5,36.0,187
430000,522,0.15000000000000002,4027.7000000000066,19.75532169151306,730.0,0.5,0.0,0.5,29.5,188
431000,523,0.15000000000000002,190.0000000000088,18.874504812240602,1000.0,0.0,0.0,1.0,5.0,188
432000,524,0.15000000000000002,800.000000000009,18.557175037384035,1000.0,0.0,0.0,1.0,7.0,188
433000,525,0.15000000000000002,430.0000000000091,19.51588088989258,1000.0,0.0,0.0,1.0,9.0,188
434000,526,0.15000000000000002,1580.000000000009,18.891058139801025,1000.0,0.0,0.0,1.0,25.0,188
435000,527,0.15000000000000002,790.0000000000089,19.430007369995117,1000.0,0.0,0.0,1.0,5.0,188
436000,528,0.15000000000000002,650.0000000000091,19.27957860183716,1000.0,0.0,0.0,1.0,4.0,188
437000,530,0.15000000000000002,7044.575000000004,17.73094952201843,542.5,1.0,0.0,0.0,52.0,190
438000,531,0.15000000000000002,600.000000000009,20.004397958755494,1000.0,0.0,0.0,1.0,6.0,190
439000,532,0.15000000000000002,1170.0000000000089,18.566808767318726,1000.0,0.0,0.0,1.0,10.0,190
440000,533,0.15000000000000002,230.00000000000824,18.481151470184326,1000.0,0.0,0.0,1.0,4.0,190
441000,534,0.15000000000000002,720.0000000000091,18.539281379699705,1000.0,0.0,0.0,1.0,5.0,190
442000,535,0.15000000000000002,850.000000000009,17.8512537651062,1000.0,0.0,0.0,1.0,6.0,190
443000,536,0.15000000000000002,1170.000000000009,19.121078186035156,1000.0,0.0,0.0,1.0,10.0,190
444000,537,0.15000000000000002,820.000000000009,18.233642190933228,1000.0,0.0,0.0,1.0,4.0,190
445000,538,0.15000000000000002,1340.0000000000089,18.343783071517944,1000.0,0.0,0.0,1.0,7.0,190
446000,539,0.15000000000000002,7040.130000000008,18.385818767547608,987.0,1.0,0.0,0.0,52.0,191
447000,540,0.15000000000000002,7045.7000000000035,18.00664093017578,430.0,1.0,0.0,0.0,52.0,192
448000,542,0.15000000000000002,4002.6850000000068,17.954229606628417,731.5,0.5,0.0,0.5,32.0,193
449000,543,0.15000000000000002,390.0000000000091,18.622841259002687,1000.0,0.0,0.0,1.0,6.0,193
450000,544,0.15000000000000002,1080.000000000009,19.26095650100708,1000.0,0.0,0.0,1.0,10.0,193
451000,545,0.15000000000000002,840.0000000000091,18.28986366844177,1000.0,0.0,0.0,1.0,5.0,193
452000,546,0.15000000000000002,7040.710000000008,18.475805126190185,929.0,1.0,0.0,0.0,52.0,194
453000,547,0.15000000000000002,670.0000000000089,18.886181762695312,1000.0,0.0,0.0,1.0,8.0,194
454000,549,0.15000000000000002,7045.215000000004,17.959949712753296,478.5,1.0,0.0,0.0,52.0,196
455000,550,0.15000000000000002,7044.900000000004,19.003023754119873,510.0,1.0,0.0,0.0,52.0,197
456000,551,0.15000000000000002,1470.000000000009,17.85507044029236,1000.0,0.0,0.0,1.0,14.0,197
457000,553,0.15000000000000002,3927.190000000007,18.148373149871826,781.0,0.5,0.0,0.5,31.0,198
458000,554,0.15000000000000002,7046.460000000003,18.247269716262817,354.0,1.0,0.0,0.0,52.0,199
459000,555,0.15000000000000002,1310.0000000000089,17.501108285903932,1000.0,0.0,0.0,1.0,23.0,199
460000,556,0.15000000000000002,1580.0000000000089,17.593420991897585,1000.0,0.0,0.0,1.0,29.0,199
461000,557,0.15000000000000002,830.0000000000091,17.998735939025877,1000.0,0.0,0.0,1.0,5.0,199
462000,558,0.15000000000000002,950.0000000000091,17.08141481781006,1000.0,0.0,0.0,1.0,15.0,199
463000,559,0.15000000000000002,720.0000000000085,19.24560019302368,1000.0,0.0,0.0,1.0,11.0,199
464000,561,0.15000000000000002,3838.035000000006,18.155095626831056,696.5,0.5,0.0,0.5,31.0,200
465000,563,0.15000000000000002,3723.230000000006,17.27529577064514,677.0,0.5,0.0,0.5,28.5,201
466000,564,0.15000000000000002,7006.7400000000025,17.317612352371217,326.0,1.0,0.0,0.0,52.0,202
467000,565,0.15000000000000002,510.0000000000091,19.131645221710205,1000.0,0.0,0.0,1.0,2.0,202
468000,566,0.15000000000000002,1000.0000000000091,17.38812828063965,1000.0,0.0,0.0,1.0,13.0,202
469000,567,0.15000000000000002,1550.000000000009,17.037849450111388,1000.0,0.0,0.0,1.0,18.0,202
470000,568,0.15000000000000002,1010.0000000000091,19.127362783432005,1000.0,0.0,0.0,1.0,8.0,202
471000,569,0.15000000000000002,1120.000000000009,17.448056467056276,1000.0,0.0,0.0,1.0,9.0,202
472000,570,0.15000000000000002,790.000000000009,17.873929531097414,1000.0,0.0,0.0,1.0,6.0,202
473000,571,0.15000000000000002,520.000000000009,17.889508083343507,1000.0,0.0,0.0,1.0,4.0,202
474000,573,0.15000000000000002,3707.4350000000063,18.27805401992798,756.5,0.5,0.0,0.5,30.5,203
475000,574,0.15000000000000002,7045.990000000003,17.28376332092285,401.0,1.0,0.0,0.0,52.0,204
476000,575,0.15000000000000002,1060.000000000009,17.17409810066223,1000.0,0.0,0.0,1.0,8.0,204
477000,576,0.15000000000000002,680.0000000000086,18.389614736557007,1000.0,0.0,0.0,1.0,9.0,204
478000,577,0.15000000000000002,1020.0000000000091,17.65307492828369,1000.0,0.0,0.0,1.0,5.0,204
479000,580,0.15000000000000002,5213.880000000006,17.468845426559447,612.0,0.6666666666666666,0.0,0.3333333333333333,42.0,206
480000,581,0.15000000000000002,1210.0000000000089,17.057260833740234,1000.0,0.0,0.0,1.0,18.0,206
481000,582,0.15000000000000002,770.0000000000091,17.56713860321045,1000.0,0.0,0.0,1.0,5.0,206
482000,584,0.15000000000000002,7045.370000000004,17.126293479919433,463.0,1.0,0.0,0.0,52.0,208
483000,585,0.15000000000000002,640.0000000000089,17.09722362613678,1000.0,0.0,0.0,1.0,8.0,208
484000,586,0.15000000000000002,500.00000000000904,17.530140623092652,1000.0,0.0,0.0,1.0,9.0,208
485000,587,0.15000000000000002,7042.7100000000055,16.528022087097167,729.0,1.0,0.0,0.0,52.0,209
486000,588,0.15000000000000002,1680.000000000009,18.286941595077515,1000.0,0.0,0.0,1.0,36.0,209
487000,589,0.15000000000000002,1080.0000000000089,17.382382534027098,1000.0,0.0,0.0,1.0,10.0,209
488000,590,0.15000000000000002,990.000000000009,17.137274085998534,1000.0,0.0,0.0,1.0,8.0,209
489000,592,0.15000000000000002,3668.175000000006,17.38544330787659,682.5,0.5,0.0,0.5,28.0,210
490000,593,0.15000000000000002,1770.000000000009,18.025882942199708,1000.0,0.0,0.0,1.0,39.0,210
491000,594,0.15000000000000002,7044.200000000005,17.389575059890745,580.0,1.0,0.0,0.0,52.0,211
492000,596,0.15000000000000002,4383.230000000006,17.465312379837037,677.0,0.5,0.0,0.5,42.0,212
493000,597,0.15000000000000002,7045.840000000004,16.445962230682373,416.0,1.0,0.0,0.0,52.0,213
494000,599,0.15000000000000002,3812.500000000007,17.73405528640747,750.0,0.5,0.0,0.5,29.0,214
495000,600,0.15000000000000002,7043.550000000006,16.75305359649658,645.0,1.0,0.0,0.0,52.0,215
496000,602,0.15000000000000002,3702.6200000000063,18.24538924407959,738.0,0.5,0.0,0.5,29.0,216
497000,603,0.15000000000000002,7047.960000000001,17.613664487838744,204.0,1.0,0.0,0.0,52.0,217
498000,605,0.15000000000000002,3902.295000000007,16.657917028427125,770.5,0.5,0.0,0.5,29.5,218
499000,606,0.15000000000000002,1360.0000000000089,16.153330001831055,1000.0,0.0,0.0,1.0,10.0,218
500000,607,0.15000000000000002,860.000000000009,16.389370164871217,1000.0,0.0,0.0,1.0,5.0,218
501000,608,0.15000000000000002,7045.320000000003,16.682022006988525,468.0,1.0,0.0,0.0,52.0,219
502000,609,0.15000000000000002,1550.000000000009,16.827589281082155,1000.0,0.0,0.0,1.0,27.0,219
503000,610,0.15000000000000002,1050.0000000000086,17.423003690719604,1000.0,0.0,0.0,1.0,17.0,219
504000,612,0.15000000000000002,3847.8800000000065,16.63632244682312,712.0,0.5,0.0,0.5,30.0,220
505000,613,0.15000000000000002,7043.400000000006,16.661813732147216,660.0,1.0,0.0,0.0,52.0,221
506000,614,0.15000000000000002,560.000000000009,17.113311014175416,1000.0,0.0,0.0,1.0,7.0,221
507000,616,0.15000000000000002,3962.480000000007,16.965036747932434,752.0,0.5,0.0,0.5,35.0,222
508000,618,0.15000000000000002,7025.015000000005,16.613851331710816,498.5,1.0,0.0,0.0,52.0,224
509000,620,0.15000000000000002,4028.6700000000055,16.344137517929077,633.0,0.5,0.0,0.5,32.5,225
510000,621,0.15000000000000002,7041.7600000000075,16.332090785980224,824.0,1.0,0.0,0.0,52.0,226
511000,622,0.15000000000000002,1230.000000000009,17.061270269393923,1000.0,0.0,0.0,1.0,11.0,226
512000,623,0.15000000000000002,1230.0000000000089,16.106562864303587,1000.0,0.0,0.0,1.0,16.0,226
513000,624,0.15000000000000002,310.00000000000904,15.591880479812621,1000.0,0.0,0.0,1.0,7.0,226
514000,625,0.15000000000000002,1100.000000000009,17.536583988189697,1000.0,0.0,0.0,1.0,12.0,226
515000,626,0.15000000000000002,540.0000000000091,16.915064849853515,1000.0,0.0,0.0,1.0,8.0,226
516000,627,0.15000000000000002,7041.850000000008,17.03018571472168,815.0,1.0,0.0,0.0,52.0,227
517000,628,0.15000000000000002,1310.000000000009,17.411262187957764,1000.0,0.0,0.0,1.0,19.0,227
518000,629,0.15000000000000002,860.000000000009,16.960319087982178,1000.0,0.0,0.0,1.0,8.0,227
519000,630,0.15000000000000002,830.000000000009,15.840110258102417,1000.0,0.0,0.0,1.0,5.0,227
520000,631,0.15000000000000002,680.0000000000091,15.905971559524536,1000.0,0.0,0.0,1.0,13.0,227
521000,632,0.15000000000000002,1130.0000000000089,16.610679651260376,1000.0,0.0,0.0,1.0,10.0,227
522000,633,0.15000000000000002,1080.000000000009,16.577979513168334,1000.0,0.0,0.0,1.0,9.0,227
523000,634,0.15000000000000002,7043.140000000006,17.33592367744446,686.0,1.0,0.0,0.0,52.0,228
524000,636,0.15000000000000002,7044.580000000004,16.412172157287596,542.0,1.0,0.0,0.0,52.0,230
525000,638,0.15000000000000002,3683.2050000000054,15.828618154525756,679.5,0.5,0.0,0.5,28.5,231
526000,639,0.15000000000000002,7043.980000000005,17.001630586624145,602.0,1.0,0.0,0.0,52.0,232
527000,640,0.15000000000000002,1300.000000000009,16.264837659835816,1000.0,0.0,0.0,1.0,13.0,232
528000,641,0.15000000000000002,1370.0000000000089,15.64780136871338,1000.0,0.0,0.0,1.0,20.0,232
529000,642,0.15000000000000002,1360.000000000009,16.781027564048767,1000.0,0.0,0.0,1.0,15.0,232
530000,643,0.15000000000000002,980.000000000009,16.437256682395937,1000.0,0.0,0.0,1.0,10.0,232
531000,644,0.15000000000000002,7043.5000000000055,15.761211791992187,650.0,1.0,0.0,0.0,52.0,233
532000,646,0.15000000000000002,3926.6450000000073,16.32082096862793,835.5,0.5,0.0,0.5,32.0,234
533000,647,0.15000000000000002,1220.000000000009,15.986996995925903,1000.0,0.0,0.0,1.0,15.0,234
534000,648,0.15000000000000002,830.0000000000091,17.851451506614683,1000.0,0.0,0.0,1.0,10.0,234
535000,649,0.15000000000000002,1520.000000000009,15.670378677368165,1000.0,0.0,0.0,1.0,19.0,234
536000,650,0.15000000000000002,520.0000000000091,15.539860982894897,1000.0,0.0,0.0,1.0,8.0,234
537000,651,0.15000000000000002,220.00000000000895,16.432058755874635,1000.0,0.0,0.0,1.0,7.0,234
538000,652,0.15000000000000002,630.0000000000086,15.804787075042725,1000.0,0.0,0.0,1.0,13.0,234
539000,653,0.15000000000000002,1190.0000000000089,16.156462631225587,1000.0,0.0,0.0,1.0,10.0,234
540000,654,0.15000000000000002,170.00000000000907,15.915855178833008,1000.0,0.0,0.0,1.0,2.0,234
541000,655,0.15000000000000002,720.0000000000089,15.53596618938446,1000.0,0.0,0.0,1.0,2.0,234
542000,656,0.15000000000000002,7044.740000000004,16.529283073425294,526.0,1.0,0.0,0.0,52.0,235
543000,657,0.15000000000000002,590.000000000009,15.180721923828125,1000.0,0.0,0.0,1.0,7.0,235
544000,658,0.15000000000000002,1520.0000000000089,16.73262047672272,1000.0,0.0,0.0,1.0,20.0,235
545000,660,0.15000000000000002,3997.195000000007,14.80352998161316,780.5,0.5,0.0,0.5,33.0,236
546000,661,0.15000000000000002,7046.170000000004,15.842496715545654,383.0,1.0,0.0,0.0,52.0,237
547000,664,0.15000000000000002,4981.446666666671,15.762973077774047,522.0,0.6666666666666666,0.0,0.3333333333333333,36.666666666666664,239
548000,665,0.15000000000000002,1310.000000000009,16.423211517333986,1000.0,0.0,0.0,1.0,21.0,239
549000,666,0.15000000000000002,550.0000000000089,15.236262531280518,1000.0,0.0,0.0,1.0,7.0,239
550000,667,0.15000000000000002,1020.0000000000091,16.24701113986969,1000.0,0.0,0.0,1.0,14.0,239
551000,668,0.15000000000000002,990.0000000000091,15.097341861724853,1000.0,0.0,0.0,1.0,8.0,239
552000,669,0.15000000000000002,7046.310000000003,15.577045679092407,369.0,1.0,0.0,0.0,52.0,240
553000,670,0.15000000000000002,1360.0000000000089,16.208719066619874,1000.0,0.0,0.0,1.0,16.0,240
554000,672,0.15000000000000002,3710.9050000000075,15.438315448760987,909.5,0.5,0.0,0.5,28.5,241
555000,673,0.15000000000000002,1070.000000000009,16.5069103679657,1000.0,0.0,0.0,1.0,18.0,241
556000,674,0.15000000000000002,480.00000000000904,16.590158229827882,1000.0,0.0,0.0,1.0,11.0,241
557000,676,0.15000000000000002,7044.840000000005,16.267137979507446,516.0,1.0,0.0,0.0,52.0,243
558000,677,0.15000000000000002,7045.380000000004,16.136668817520142,462.0,1.0,0.0,0.0,52.0,244
559000,678,0.15000000000000002,420.0000000000064,15.797744354248048,1000.0,0.0,0.0,1.0,1.0,244
560000,679,0.15000000000000002,7042.110000000007,15.94369714164734,789.0,1.0,0.0,0.0,52.0,245
561000,680,0.15000000000000002,710.000000000009,16.337960233688353,1000.0,0.0,0.0,1.0,3.0,245
562000,681,0.15000000000000002,910.0000000000091,16.42843212223053,1000.0,0.0,0.0,1.0,20.0,245
563000,683,0.15000000000000002,4153.595000000006,15.40274027633667,640.5,0.5,0.0,0.5,34.5,246
564000,685,0.15000000000000002,4133.620000000005,15.46332920742035,638.0,0.5,0.0,0.5,35.5,247
565000,686,0.15000000000000002,7043.080000000005,15.884263975143433,692.0,1.0,0.0,0.0,52.0,248
566000,687,0.15000000000000002,790.0000000000089,15.17173760509491,1000.0,0.0,0.0,1.0,17.0,248
567000,688,0.15000000000000002,180.00000000000807,16.018731189727784,1000.0,0.0,0.0,1.0,3.0,248
568000,689,0.15000000000000002,840.0000000000089,15.166259016036987,1000.0,0.0,0.0,1.0,18.0,248
569000,690,0.15000000000000002,1210.000000000009,15.363139808654784,1000.0,0.0,0.0,1.0,12.0,248
570000,691,0.15000000000000002,1360.0000000000082,16.222005207061766,1000.0,0.0,0.0,1.0,19.0,248
571000,692,0.15000000000000002,1160.0000000000089,15.05946619606018,1000.0,0.0,0.0,1.0,8.0,248
572000,693,0.15000000000000002,630.000000000009,15.28617594909668,1000.0,0.0,0.0,1.0,9.0,248
573000,694,0.15000000000000002,1390.000000000009,14.960983713150025,1000.0,0.0,0.0,1.0,14.0,248
574000,695,0.15000000000000002,880.0000000000091,15.345103986740112,1000.0,0.0,0.0,1.0,18.0,248
575000,696,0.15000000000000002,700.0000000000091,16.344542152404784,1000.0,0.0,0.0,1.0,6.0,248
576000,697,0.15000000000000002,620.0000000000091,14.608496335983276,1000.0,0.0,0.0,1.0,5.0,248
577000,698,0.15000000000000002,270.000000000009,16.249256546020508,1000.0,0.0,0.0,1.0,7.0,248
578000,700,0.15000000000000002,4322.600000000007,15.810513116836548,740.0,0.5,0.0,0.5,42.5,249
579000,701,0.15000000000000002,250.00000000000892,14.595623683929443,1000.0,0.0,0.0,1.0,4.0,249
580000,702,0.15000000000000002,1080.0000000000089,15.201315538406373,1000.0,0.0,0.0,1.0,14.0,249
581000,704,0.15000000000000002,7046.585000000003,16.029921712875367,341.5,1.0,0.0,0.0,52.0,251
582000,705,0.15000000000000002,180.00000000000756,15.229650873184204,1000.0,0.0,0.0,1.0,3.0,251
583000,706,0.15000000000000002,730.0000000000091,14.928985034942627,1000.0,0.0,0.0,1.0,4.0,251
584000,708,0.15000000000000002,3633.510000000005,14.605085815429687,649.0,0.5,0.0,0.5,28.5,252
585000,709,0.15000000000000002,1040.0000000000089,14.261661148071289,1000.0,0.0,0.0,1.0,12.0,252
586000,710,0.15000000000000002,440.000000000009,14.905283066749572,1000.0,0.0,0.0,1.0,6.0,252
587000,711,0.15000000000000002,880.0000000000086,14.772298825263977,1000.0,0.0,0.0,1.0,6.0,252
588000,712,0.15000000000000002,7007.550000000002,15.349022491455077,245.0,1.0,0.0,0.0,52.0,253
589000,714,0.15000000000000002,4403.135000000006,14.631175283432007,686.5,0.5,0.0,0.5,38.0,254
590000,715,0.15000000000000002,680.0000000000091,14.06308928489685,1000.0,0.0,0.0,1.0,6.0,254
591000,716,0.15000000000000002,580.0000000000091,15.180884559631348,1000.0,0.0,0.0,1.0,9.0,254
592000,717,0.15000000000000002,7043.870000000005,13.878646495819092,613.0,1.0,0.0,0.0,52.0,255
593000,718,0.15000000000000002,1190.000000000009,15.298726099014281,1000.0,0.0,0.0,1.0,21.0,255
594000,719,0.15000000000000002,850.0000000000089,15.499776505470276,1000.0,0.0,0.0,1.0,10.0,255
595000,720,0.15000000000000002,670.000000000009,14.823463381767272,1000.0,0.0,0.0,1.0,7.0,255
596000,723,0.15000000000000002,4900.7066666666715,14.623265743255615,596.0,0.6666666666666666,0.0,0.3333333333333333,38.0,257
597000,724,0.15000000000000002,570.000000000009,14.561385730743408,1000.0,0.0,0.0,1.0,6.0,257
598000,725,0.15000000000000002,900.0000000000088,14.257515578269958,1000.0,0.0,0.0,1.0,6.0,257
599000,726,0.15000000000000002,1680.0000000000086,15.011889297485352,1000.0,0.0,0.0,1.0,36.0,257
600000,727,0.15000000000000002,7040.410000000009,13.463758167266846,959.0,1.0,0.0,0.0,52.0,258
601000,728,0.15000000000000002,7046.590000000003,15.469326089859008,341.0,1.0,0.0,0.0,52.0,259
602000,729,0.15000000000000002,710.0000000000091,14.185621948242188,1000.0,0.0,0.0,1.0,6.0,259
603000,730,0.15000000000000002,720.0000000000091,14.739426187515258,1000.0,0.0,0.0,1.0,4.0,259
604000,731,0.15000000000000002,980.0000000000089,14.312361993789672,1000.0,0.0,0.0,1.0,14.0,259
605000,732,0.15000000000000002,630.000000000009,15.640082473754882,1000.0,0.0,0.0,1.0,6.0,259
606000,733,0.15000000000000002,1350.000000000009,14.306352361679076,1000.0,0.0,0.0,1.0,8.0,259
607000,734,0.15000000000000002,1080.0000000000086,15.599750104904174,1000.0,0.0,0.0,1.0,5.0,259
608000,735,0.15000000000000002,1410.0000000000089,13.669791716575622,1000.0,0.0,0.0,1.0,9.0,259
609000,736,0.15000000000000002,1190.0000000000089,13.540963933944703,1000.0,0.0,0.0,1.0,12.0,259
610000,737,0.15000000000000002,7041.0500000000075,14.358977613449097,895.0,1.0,0.0,0.0,52.0,260
611000,739,0.15000000000000002,3696.8200000000074,14.136755475997925,818.0,0.5,0.0,0.5,29.5,261
612000,740,0.15000000000000002,570.0000000000088,15.510807182312012,1000.0,0.0,0.0,1.0,6.0,261
613000,741,0.15000000000000002,7043.280000000006,14.012366585731506,672.0,1.0,0.0,0.0,52.0,262
614000,742,0.15000000000000002,1130.000000000009,15.08304304599762,1000.0,0.0,0.0,1.0,10.0,262
615000,743,0.15000000000000002,1070.000000000009,13.226712491989137,1000.0,0.0,0.0,1.0,13.0,262
616000,745,0.15000000000000002,3713.375000000006,14.463691871643066,662.5,0.5,0.0,0.5,27.5,263
617000,747,0.15000000000000002,7043.975000000006,14.471533819198608,602.5,1.0,0.0,0.0,52.0,265
618000,748,0.15000000000000002,1170.000000000009,14.145732842445373,1000.0,0.0,0.0,1.0,9.0,265
619000,749,0.15000000000000002,1470.000000000009,14.530139387130736,1000.0,0.0,0.0,1.0,25.0,265
620000,750,0.15000000000000002,360.0000000000088,13.671007153511047,1000.0,0.0,0.0,1.0,7.0,265
621000,751,0.15000000000000002,7041.990000000007,14.661762742996215,801.0,1.0,0.0,0.0,52.0,266
622000,752,0.15000000000000002,1120.0000000000089,14.70976836013794,1000.0,0.0,0.0,1.0,10.0,266
623000,753,0.15000000000000002,7043.540000000005,14.011746753692627,646.0,1.0,0.0,0.0,52.0,267
624000,754,0.15000000000000002,1950.000000000009,12.836979528427124,1000.0,0.0,0.0,1.0,43.0,267
625000,755,0.15000000000000002,860.0000000000091,13.81892037677765,1000.0,0.0,0.0,1.0,14.0,267
626000,757,0.15000000000000002,4418.355000000006,13.067520454406738,664.5,0.5,0.0,0.5,44.0,268
627000,758,0.15000000000000002,490.00000000000875,13.365109632492066,1000.0,0.0,0.0,1.0,3.0,268
628000,759,0.15000000000000002,1350.000000000009,13.71994655418396,1000.0,0.0,0.0,1.0,23.0,268
629000,760,0.15000000000000002,1220.000000000009,15.083079486846923,1000.0,0.0,0.0,1.0,10.0,268
630000,761,0.15000000000000002,990.000000000009,13.498379014015198,1000.0,0.0,0.0,1.0,15.0,268
631000,762,0.15000000000000002,7041.070000000008,14.252208209991455,893.0,1.0,0.0,0.0,52.0,269
632000,763,0.15000000000000002,1280.000000000009,14.032356698989869,1000.0,0.0,0.0,1.0,21.0,269
633000,764,0.15000000000000002,660.0000000000089,12.553719594955444,1000.0,0.0,0.0,1.0,10.0,269
634000,765,0.15000000000000002,250.0000000000091,14.152941078186036,1000.0,0.0,0.0,1.0,5.0,269
635000,767,0.15000000000000002,4058.3650000000057,13.747618697166443,663.5,0.5,0.0,0.5,29.5,270
636000,769,0.15000000000000002,7045.010000000004,13.003221210479737,499.0,1.0,0.0,0.0,52.0,272
637000,770,0.15000000000000002,800.0000000000091,13.24818370628357,1000.0,0.0,0.0,1.0,4.0,272
638000,771,0.15000000000000002,920.0000000000089,14.355321947097778,1000.0,0.0,0.0,1.0,5.0,272
639000,772,0.15000000000000002,7045.750000000004,13.646527248382569,425.0,1.0,0.0,0.0,52.0,273
640000,774,0.15000000000000002,3768.215000000006,12.921604862213135,678.5,0.5,0.0,0.5,33.5,274
641000,775,0.15000000000000002,1000.0000000000091,13.636453984260559,1000.0,0.0,0.0,1.0,7.0,274
642000,776,0.15000000000000002,7044.900000000004,13.736041669845582,510.0,1.0,0.0,0.0,52.0,275
643000,777,0.15000000000000002,730.0000000000088,13.206819758415222,1000.0,0.0,0.0,1.0,6.0,275
644000,778,0.15000000000000002,280.0000000000085,13.593188159942628,1000.0,0.0,0.0,1.0,5.0,275
645000,780,0.15000000000000002,3803.580000000006,12.895782972335816,642.0,0.5,0.0,0.5,30.0,276
646000,781,0.15000000000000002,7043.060000000005,13.869143671989441,694.0,1.0,0.0,0.0,52.0,277
647000,782,0.15000000000000002,970.0000000000089,13.248372386932372,1000.0,0.0,0.0,1.0,4.0,277
648000,783,0.15000000000000002,1110.0000000000086,13.794879468917847,1000.0,0.0,0.0,1.0,8.0,277
649000,784,0.15000000000000002,290.00000000000904,13.14341940498352,1000.0,0.0,0.0,1.0,2.0,277
650000,787,0.15000000000000002,4801.4566666666715,13.474069707870484,521.0,0.6666666666666666,0.0,0.3333333333333333,36.333333333333336,279
651000,788,0.15000000000000002,7041.350000000008,12.812419574737548,865.0,1.0,0.0,0.0,52.0,280
652000,789,0.15000000000000002,1150.0000000000086,13.11725640487671,1000.0,0.0,0.0,1.0,9.0,280
653000,790,0.15000000000000002,640.0000000000091,12.992310199737549,1000.0,0.0,0.0,1.0,10.0,280
654000,791,0.15000000000000002,1290.000000000009,13.967541484832763,1000.0,0.0,0.0,1.0,12.0,280
655000,792,0.15000000000000002,7045.9500000000035,13.113275150299073,405.0,1.0,0.0,0.0,52.0,281
656000,793,0.15000000000000002,1510.0000000000084,12.304261141777038,1000.0,0.0,0.0,1.0,18.0,281
657000,794,0.15000000000000002,1010.000000000009,13.189886410713196,1000.0,0.0,0.0,1.0,16.0,281
658000,795,0.15000000000000002,730.000000000009,12.466307079315186,1000.0,0.0,0.0,1.0,4.0,281
659000,797,0.15000000000000002,4041.5500000000075,12.837276995182037,845.0,0.5,0.0,0.5,28.0,282
660000,798,0.15000000000000002,1610.0000000000089,13.187689428329469,1000.0,0.0,0.0,1.0,34.0,282
661000,799,0.15000000000000002,870.0000000000091,12.226708562850952,1000.0,0.0,0.0,1.0,5.0,282
662000,800,0.15000000000000002,7044.0000000000055,13.305031345367432,600.0,1.0,0.0,0.0,52.0,283
663000,801,0.15000000000000002,7040.700000000008,12.753908489227294,930.0,1.0,0.0,0.0,52.0,284
664000,802,0.15000000000000002,370.00000000000904,12.320998783111571,1000.0,0.0,0.0,1.0,13.0,284
665000,804,0.15000000000000002,3773.0850000000064,12.22038046169281,691.5,0.5,0.0,0.5,29.5,285
666000,805,0.15000000000000002,1440.000000000009,12.954657514572144,1000.0,0.0,0.0,1.0,17.0,285
667000,806,0.15000000000000002,520.0000000000091,11.852456706047057,1000.0,0.0,0.0,1.0,10.0,285
668000,807,0.15000000000000002,1300.000000000009,12.500281010627747,1000.0,0.0,0.0,1.0,13.0,285
669000,808,0.15000000000000002,320.0000000000086,12.65997857093811,1000.0,0.0,0.0,1.0,8.0,285
670000,809,0.15000000000000002,740.000000000009,12.225744724273682,1000.0,0.0,0.0,1.0,2.0,285
671000,810,0.15000000000000002,7044.160000000005,12.268433200836181,584.0,1.0,0.0,0.0,52.0,286
672000,811,0.15000000000000002,1460.000000000009,12.642861976623536,1000.0,0.0,0.0,1.0,19.0,286
673000,812,0.15000000000000002,810.000000000009,11.573452543258666,1000.0,0.0,0.0,1.0,10.0,286
674000,814,0.15000000000000002,4186.615000000007,12.527510879516601,838.5,0.5,0.0,0.5,33.0,287
675000,815,0.15000000000000002,810.0000000000091,11.7156505651474,1000.0,0.0,0.0,1.0,8.0,287
676000,816,0.15000000000000002,720.0000000000089,12.23438097000122,1000.0,0.0,0.0,1.0,6.0,287
677000,817,0.15000000000000002,1140.000000000009,13.43783146095276,1000.0,0.0,0.0,1.0,15.0,287
678000,818,0.15000000000000002,770.0000000000091,11.54459301185608,1000.0,0.0,0.0,1.0,2.0,287
679000,819,0.15000000000000002,7046.360000000002,12.44678779220581,364.0,1.0,0.0,0.0,52.0,288
680000,821,0.15000000000000002,3922.950000000006,11.044130326271057,705.0,0.5,0.0,0.5,29.0,289
681000,822,0.15000000000000002,700.0000000000091,12.597224336624146,1000.0,0.0,0.0,1.0,11.0,289
682000,823,0.15000000000000002,870.0000000000091,12.01224236679077,1000.0,0.0,0.0,1.0,17.0,289
683000,824,0.15000000000000002,290.00000000000864,12.161526659011841,1000.0,0.0,0.0,1.0,11.0,289
684000,825,0.15000000000000002,730.0000000000088,11.777886434555054,1000.0,0.0,0.0,1.0,4.0,289
685000,826,0.15000000000000002,1660.000000000009,12.517848878860473,1000.0,0.0,0.0,1.0,34.0,289
686000,827,0.15000000000000002,1280.0000000000089,11.811102619171143,1000.0,0.0,0.0,1.0,15.0,289
687000,828,0.15000000000000002,1330.0000000000089,12.132654371261596,1000.0,0.0,0.0,1.0,10.0,289
688000,829,0.15000000000000002,1220.000000000009,12.317151500701904,1000.0,0.0,0.0,1.0,10.0,289
689000,830,0.15000000000000002,780.0000000000089,11.933799668312073,1000.0,0.0,0.0,1.0,13.0,289
690000,831,0.15000000000000002,7043.070000000006,11.38641065979004,693.0,1.0,0.0,0.0,52.0,290
691000,832,0.15000000000000002,1020.0000000000091,11.732430227279663,1000.0,0.0,0.0,1.0,5.0,290
692000,834,0.15000000000000002,4018.9750000000054,12.229086124420165,602.5,0.5,0.0,0.5,33.5,291
693000,835,0.15000000000000002,7040.690000000008,11.977411693572998,931.0,1.0,0.0,0.0,52.0,292
694000,836,0.15000000000000002,7044.530000000004,11.478572114467621,547.0,1.0,0.0,0.0,52.0,293
695000,837,0.15000000000000002,730.000000000009,11.10344964313507,1000.0,0.0,0.0,1.0,4.0,293
696000,839,0.15000000000000002,3830.5200000000086,11.331239314079285,948.0,0.5,0.0,0.5,32.5,294
697000,840,0.15000000000000002,7043.720000000005,11.466638270378112,628.0,1.0,0.0,0.0,52.0,295
698000,841,0.15000000000000002,950.0000000000091,12.057728740692138,1000.0,0.0,0.0,1.0,6.0,295
699000,842,0.15000000000000002,7045.340000000004,11.31140382862091,466.0,1.0,0.0,0.0,52.0,296
700000,844,0.15000000000000002,3992.100000000007,12.492045162200927,790.0,0.5,0.0,0.5,27.0,297
701000,846,0.15000000000000002,7044.425000000005,12.258428713798523,557.5,1.0,0.0,0.0,52.0,299
702000,847,0.15000000000000002,370.00000000000796,11.014164791107177,1000.0,0.0,0.0,1.0,5.0,299
703000,848,0.15000000000000002,520.0000000000091,10.73232061767578,1000.0,0.0,0.0,1.0,9.0,299
704000,850,0.15000000000000002,7045.0350000000035,12.321494041442872,496.5,1.0,0.0,0.0,52.0,301
705000,851,0.15000000000000002,1590.000000000009,10.776955533981324,1000.0,0.0,0.0,1.0,19.0,301
706000,852,0.15000000000000002,1280.000000000009,10.974060331344605,1000.0,0.0,0.0,1.0,11.0,301
707000,854,0.15000000000000002,7045.935000000003,10.979337023735047,406.5,1.0,0.0,0.0,52.0,303
708000,856,0.15000000000000002,3908.350000000006,10.717175483703613,665.0,0.5,0.0,0.5,30.0,304
709000,857,0.15000000000000002,560.0000000000091,10.666287324905396,1000.0,0.0,0.0,1.0,7.0,304
710000,859,0.15000000000000002,7045.520000000003,11.069976699829102,448.0,1.0,0.0,0.0,52.0,306
711000,860,0.15000000000000002,1430.000000000009,10.660365020751954,1000.0,0.0,0.0,1.0,21.0,306
712000,861,0.15000000000000002,1100.000000000009,11.2107647895813,1000.0,0.0,0.0,1.0,13.0,306
713000,862,0.15000000000000002,7045.340000000004,10.5148955783844,466.0,1.0,0.0,0.0,52.0,307
714000,863,0.15000000000000002,680.0000000000091,11.188816673278808,1000.0,0.0,0.0,1.0,11.0,307
715000,865,0.15000000000000002,3572.3499999999995,10.301146240234376,765.0,0.5,0.0,0.5,26.0,308
716000,867,0.15000000000000002,7045.835000000003,11.11040160369873,416.5,1.0,0.0,0.0,52.0,310
717000,869,0.15000000000000002,3833.525000000006,11.232609112739564,647.5,0.5,0.0,0.5,28.0,311
718000,870,0.15000000000000002,480.00000000000904,10.174710792541504,1000.0,0.0,0.0,1.0,8.0,311
719000,872,0.15000000000000002,7046.645000000002,10.925272674560548,335.5,1.0,0.0,0.0,52.0,313
720000,874,0.15000000000000002,4262.870000000006,10.605017086982727,713.0,0.5,0.0,0.5,33.5,314
721000,876,0.15000000000000002,7046.5300000000025,11.28236338710785,347.0,1.0,0.0,0.0,52.0,316
722000,877,0.15000000000000002,350.00000000000875,10.24749155330658,1000.0,0.0,0.0,1.0,7.0,316
723000,878,0.15000000000000002,570.0000000000091,10.70800954914093,1000.0,0.0,0.0,1.0,8.0,316
724000,879,0.15000000000000002,300.0000000000087,9.948531220436097,1000.0,0.0,0.0,1.0,3.0,316
725000,880,0.15000000000000002,1190.000000000009,10.119891551017762,1000.0,0.0,0.0,1.0,22.0,316
726000,882,0.15000000000000002,7044.240000000005,10.418977648735046,576.0,1.0,0.0,0.0,52.0,318
727000,883,0.15000000000000002,490.00000000000904,10.613304635047912,1000.0,0.0,0.0,1.0,4.0,318
728000,884,0.15000000000000002,890.0000000000091,10.625879504203796,1000.0,0.0,0.0,1.0,11.0,318
729000,885,0.15000000000000002,7047.210000000003,11.029101810455323,279.0,1.0,0.0,0.0,52.0,319
730000,886,0.15000000000000002,460.0000000000091,10.631313871383666,1000.0,0.0,0.0,1.0,6.0,319
731000,887,0.15000000000000002,1260.000000000009,10.195882235527039,1000.0,0.0,0.0,1.0,14.0,319
732000,888,0.15000000000000002,600.0000000000091,10.365982694625854,1000.0,0.0,0.0,1.0,6.0,319
733000,890,0.15000000000000002,3738.400000000006,10.598466581344605,660.0,0.5,0.0,0.5,29.5,320
734000,891,0.15000000000000002,520.000000000009,10.404400340080262,1000.0,0.0,0.0,1.0,3.0,320
735000,893,0.15000000000000002,3927.865000000006,9.957845274925232,713.5,0.5,0.0,0.5,32.0,321
736000,894,0.15000000000000002,1410.0000000000089,10.16645417881012,1000.0,0.0,0.0,1.0,18.0,321
737000,895,0.15000000000000002,670.000000000009,9.904985477447509,1000.0,0.0,0.0,1.0,3.0,321
738000,896,0.15000000000000002,310.00000000000875,10.24131714630127,1000.0,0.0,0.0,1.0,6.0,321
739000,897,0.15000000000000002,900.0000000000091,11.183196024894714,1000.0,0.0,0.0,1.0,4.0,321
740000,898,0.15000000000000002,810.0000000000089,10.503538155555725,1000.0,0.0,0.0,1.0,9.0,321
741000,899,0.15000000000000002,538.6800000000011,9.621109697341918,133.0,0.0,1.0,0.0,9.0,321
742000,900,0.15000000000000002,550.0000000000091,9.833368998527527,1000.0,0.0,0.0,1.0,4.0,321
743000,902,0.15000000000000002,4031.960000000007,10.392881921768188,804.0,0.5,0.0,0.5,32.0,322
744000,903,0.15000000000000002,1050.000000000009,10.242684567451477,1000.0,0.0,0.0,1.0,17.0,322
745000,905,0.15000000000000002,7024.2500000000055,9.929090650558472,575.0,1.0,0.0,0.0,52.0,324
746000,906,0.15000000000000002,410.00000000000847,9.640587727546691,1000.0,0.0,0.0,1.0,7.0,324
747000,907,0.15000000000000002,470.0000000000091,9.91719345664978,1000.0,0.0,0.0,1.0,10.0,324
748000,908,0.15000000000000002,7041.2200000000075,10.896501960754394,878.0,1.0,0.0,0.0,52.0,325
749000,910,0.15000000000000002,7043.980000000005,9.685502915382385,602.0,1.0,0.0,0.0,52.0,327
750000,911,0.15000000000000002,480.00000000000887,9.165805068969727,1000.0,0.0,0.0,1.0,10.0,327
751000,912,0.15000000000000002,330.00000000000887,10.164493741989135,1000.0,0.0,0.0,1.0,9.0,327
752000,913,0.15000000000000002,7044.880000000005,9.352837920188904,512.0,1.0,0.0,0.0,52.0,328
753000,914,0.15000000000000002,7042.060000000007,9.482512747764588,794.0,1.0,0.0,0.0,52.0,329
754000,915,0.15000000000000002,860.0000000000088,9.292468625068665,1000.0,0.0,0.0,1.0,3.0,329
755000,916,0.15000000000000002,1190.000000000009,10.731911293029786,1000.0,0.0,0.0,1.0,11.0,329
756000,919,0.15000000000000002,5197.406666666671,9.837081899642945,592.6666666666666,0.6666666666666666,0.0,0.3333333333333333,43.666666666666664,331
757000,920,0.15000000000000002,490.00000000000904,8.866645392417908,1000.0,0.0,0.0,1.0,4.0,331
758000,922,0.15000000000000002,7047.210000000002,8.769068216323852,279.0,1.0,0.0,0.0,52.0,333
759000,923,0.15000000000000002,1630.0000000000086,9.940159768104554,1000.0,0.0,0.0,1.0,28.0,333
760000,924,0.15000000000000002,7044.130000000005,9.478269801139831,587.0,1.0,0.0,0.0,52.0,334
761000,926,0.15000000000000002,3945.955000000008,9.054328326225281,904.5,0.5,0.0,0.5,32.0,335
762000,927,0.15000000000000002,1230.000000000009,9.552067752838134,1000.0,0.0,0.0,1.0,9.0,335
763000,929,0.15000000000000002,7045.075000000004,10.044500034809113,492.5,1.0,0.0,0.0,52.0,337
764000,930,0.15000000000000002,1430.000000000009,9.577811252593994,1000.0,0.0,0.0,1.0,15.0,337
765000,931,0.15000000000000002,7042.170000000007,8.810049674987793,783.0,1.0,0.0,0.0,52.0,338
766000,932,0.15000000000000002,1510.000000000009,9.946415644168853,1000.0,0.0,0.0,1.0,18.0,338
767000,933,0.15000000000000002,640.000000000009,9.808264631271362,1000.0,0.0,0.0,1.0,3.0,338
768000,934,0.15000000000000002,260.00000000000887,9.068843473434448,1000.0,0.0,0.0,1.0,2.0,338
769000,935,0.15000000000000002,200.00000000000725,9.20115574836731,1000.0,0.0,0.0,1.0,5.0,338
770000,936,0.15000000000000002,1370.0000000000089,9.023819924354553,1000.0,0.0,0.0,1.0,23.0,338
771000,937,0.15000000000000002,1340.0000000000089,8.699187836647035,1000.0,0.0,0.0,1.0,7.0,338
772000,938,0.15000000000000002,7044.0800000000045,9.340758554458619,592.0,1.0,0.0,0.0,52.0,339
773000,939,0.15000000000000002,960.0000000000091,8.46939962387085,1000.0,0.0,0.0,1.0,8.0,339
774000,940,0.15000000000000002,1300.0000000000089,9.46070496416092,1000.0,0.0,0.0,1.0,12.0,339
775000,941,0.15000000000000002,830.0000000000091,8.489562702655792,1000.0,0.0,0.0,1.0,12.0,339
776000,943,0.15000000000000002,4167.335000000006,8.491641168594361,766.5,0.5,0.0,0.5,34.0,340
777000,944,0.15000000000000002,630.000000000009,9.107236443519593,1000.0,0.0,0.0,1.0,6.0,340
778000,945,0.15000000000000002,1520.0000000000089,8.567715951919556,1000.0,0.0,0.0,1.0,19.0,340
779000,946,0.15000000000000002,850.0000000000091,9.493586245536804,1000.0,0.0,0.0,1.0,4.0,340
780000,947,0.15000000000000002,1560.000000000009,8.932643838882447,1000.0,0.0,0.0,1.0,29.0,340
781000,948,0.15000000000000002,1000.000000000009,8.934351921081543,1000.0,0.0,0.0,1.0,12.0,340
782000,949,0.15000000000000002,7042.260000000007,9.08261814880371,774.0,1.0,0.0,0.0,52.0,341
783000,950,0.15000000000000002,690.0000000000086,8.963421218872071,1000.0,0.0,0.0,1.0,12.0,341
784000,951,0.15000000000000002,300.00000000000887,8.698193121910096,1000.0,0.0,0.0,1.0,10.0,341
785000,953,0.15000000000000002,7044.855000000005,8.30821136713028,514.5,1.0,0.0,0.0,52.0,343
786000,955,0.15000000000000002,7044.690000000004,9.261935341835022,531.0,1.0,0.0,0.0,52.0,345
787000,957,0.15000000000000002,319.67500000000456,8.737628942489623,533.0,0.0,0.5,0.5,0.0,345
788000,958,0.15000000000000002,490.00000000000904,9.837810114860535,1000.0,0.0,0.0,1.0,6.0,345
789000,959,0.15000000000000002,1930.0000000000089,9.561629286766053,1000.0,0.0,0.0,1.0,43.0,345
790000,960,0.15000000000000002,770.000000000009,8.208461294651032,1000.0,0.0,0.0,1.0,5.0,345
791000,961,0.15000000000000002,7046.140000000003,8.746365389823914,386.0,1.0,0.0,0.0,52.0,346
792000,963,0.15000000000000002,4048.3600000000056,9.184370680809021,664.0,0.5,0.0,0.5,32.0,347
793000,964,0.15000000000000002,1010.0000000000091,9.136040028572083,1000.0,0.0,0.0,1.0,7.0,347
794000,966,0.15000000000000002,3938.5800000000054,8.345399512290955,642.0,0.5,0.0,0.5,30.5,348
795000,967,0.15000000000000002,1100.000000000009,8.605800992012023,1000.0,0.0,0.0,1.0,11.0,348
796000,968,0.15000000000000002,1150.0000000000089,8.947300825119019,1000.0,0.0,0.0,1.0,12.0,348
797000,969,0.15000000000000002,7045.590000000004,8.014764559745789,441.0,1.0,0.0,0.0,52.0,349
798000,970,0.15000000000000002,520.0000000000091,8.353737100601196,1000.0,0.0,0.0,1.0,4.0,349
799000,971,0.15000000000000002,870.0000000000091,7.71608634853363,1000.0,0.0,0.0,1.0,16.0,349
800000,972,0.15000000000000002,620.0000000000091,7.717052709579468,1000.0,0.0,0.0,1.0,5.0,349
801000,973,0.15000000000000002,1640.0000000000084,8.078389929771424,1000.0,0.0,0.0,1.0,28.0,349
802000,974,0.15000000000000002,250.00000000000904,8.41197187423706,1000.0,0.0,0.0,1.0,4.0,349
803000,975,0.15000000000000002,1340.0000000000089,7.814824579238891,1000.0,0.0,0.0,1.0,16.0,349
804000,976,0.15000000000000002,810.0000000000091,7.729639113903046,1000.0,0.0,0.0,1.0,10.0,349
805000,978,0.15000000000000002,4237.665000000006,7.819706878185272,733.5,0.5,0.0,0.5,38.5,350
806000,979,0.15000000000000002,1890.0000000000089,7.944850512027741,1000.0,0.0,0.0,1.0,39.0,350
807000,980,0.15000000000000002,870.0000000000091,8.021867939949036,1000.0,0.0,0.0,1.0,9.0,350
808000,981,0.15000000000000002,350.000000000009,8.35238376903534,1000.0,0.0,0.0,1.0,6.0,350
809000,982,0.15000000000000002,540.0000000000091,7.565904037475586,1000.0,0.0,0.0,1.0,6.0,350
810000,983,0.15000000000000002,7044.7000000000035,7.540497549057007,530.0,1.0,0.0,0.0,52.0,351
811000,984,0.15000000000000002,850.0000000000091,7.312308808326721,1000.0,0.0,0.0,1.0,5.0,351
812000,985,0.15000000000000002,1290.0000000000089,7.508053497314453,1000.0,0.0,0.0,1.0,16.0,351
813000,987,0.15000000000000002,4201.870000000006,7.501279328346253,813.0,0.5,0.0,0.5,38.5,352
814000,988,0.15000000000000002,7046.260000000003,7.282592324256897,374.0,1.0,0.0,0.0,52.0,353
815000,990,0.15000000000000002,3857.5850000000064,8.10200911283493,741.5,0.5,0.0,0.5,32.5,354
816000,992,0.15000000000000002,7044.2500000000055,8.445825553417206,575.0,1.0,0.0,0.0,52.0,356
817000,993,0.15000000000000002,7045.300000000003,7.638360765457153,470.0,1.0,0.0,0.0,52.0,357
818000,994,0.15000000000000002,1480.000000000009,7.6338415632247925,1000.0,0.0,0.0,1.0,21.0,357
819000,996,0.15000000000000002,3938.360000000006,7.796280564308167,664.0,0.5,0.0,0.5,28.5,358
820000,997,0.15000000000000002,240.00000000000887,7.512020592689514,1000.0,0.0,0.0,1.0,5.0,358
821000,999,0.15000000000000002,7044.140000000005,7.372163444519043,586.0,1.0,0.0,0.0,52.0,360
822000,1000,0.15000000000000002,1480.000000000009,7.702827023506164,1000.0,0.0,0.0,1.0,26.0,360
823000,1001,0.15000000000000002,840.0000000000089,7.745299322128296,1000.0,0.0,0.0,1.0,10.0,360
824000,1002,0.15000000000000002,7041.710000000007,7.739133466720581,829.0,1.0,0.0,0.0,52.0,361
825000,1004,0.15000000000000002,729.3850000000051,8.243850731372833,562.0,0.0,0.5,0.5,7.0,361
826000,1005,0.15000000000000002,7045.600000000004,7.320830728530884,440.0,1.0,0.0,0.0,52.0,362
827000,1006,0.15000000000000002,1520.000000000009,7.711731851577759,1000.0,0.0,0.0,1.0,20.0,362
828000,1009,0.15000000000000002,4850.970000000005,7.39641027212143,569.6666666666666,0.6666666666666666,0.0,0.3333333333333333,37.0,364
829000,1010,0.15000000000000002,1080.0000000000089,7.582071395874023,1000.0,0.0,0.0,1.0,15.0,364
830000,1011,0.15000000000000002,7043.630000000006,7.688146036148071,637.0,1.0,0.0,0.0,52.0,365
831000,1012,0.15000000000000002,1310.000000000009,7.6777474355697635,1000.0,0.0,0.0,1.0,18.0,365
832000,1013,0.15000000000000002,810.0000000000091,7.237628153800964,1000.0,0.0,0.0,1.0,11.0,365
833000,1014,0.15000000000000002,1630.000000000009,7.022922507286072,1000.0,0.0,0.0,1.0,28.0,365
834000,1015,0.15000000000000002,1040.0000000000089,6.937463690280914,1000.0,0.0,0.0,1.0,9.0,365
835000,1017,0.15000000000000002,3772.890000000006,7.093438485622406,711.0,0.5,0.0,0.5,29.0,366
836000,1018,0.15000000000000002,7043.430000000006,7.56172414112091,657.0,1.0,0.0,0.0,52.0,367
837000,1020,0.15000000000000002,3649.5650000000046,7.535315246105194,544.0,0.5,0.5,0.0,28.5,368
838000,1021,0.15000000000000002,1040.0000000000086,7.457020768165588,1000.0,0.0,0.0,1.0,2.0,368
839000,1022,0.15000000000000002,1460.000000000009,6.9586644477844235,1000.0,0.0,0.0,1.0,18.0,368
840000,1024,0.15000000000000002,7045.155000000004,7.327511322498322,484.5,1.0,0.0,0.0,52.0,370
841000,1026,0.15000000000000002,7045.705000000004,7.306009491920471,429.5,1.0,0.0,0.0,52.0,372
842000,1027,0.15000000000000002,1160.000000000009,6.989195901870728,1000.0,0.0,0.0,1.0,6.0,372
843000,1028,0.15000000000000002,820.0000000000085,6.943837555885315,1000.0,0.0,0.0,1.0,9.0,372
844000,1030,0.15000000000000002,3827.5150000000067,7.405634642601013,748.5,0.5,0.0,0.5,30.0,373
845000,1031,0.15000000000000002,340.00000000000904,7.333232861995697,1000.0,0.0,0.0,1.0,4.0,373
846000,1032,0.15000000000000002,7046.000000000004,7.613572588920594,400.0,1.0,0.0,0.0,52.0,374
847000,1033,0.15000000000000002,390.00000000000904,7.366775220394135,1000.0,0.0,0.0,1.0,3.0,374
848000,1034,0.15000000000000002,1430.0000000000086,7.359469900131225,1000.0,0.0,0.0,1.0,16.0,374
849000,1035,0.15000000000000002,1020.0000000000091,6.782064496040344,1000.0,0.0,0.0,1.0,6.0,374
850000,1036,0.15000000000000002,650.0000000000091,7.239752805233001,1000.0,0.0,0.0,1.0,8.0,374
851000,1037,0.15000000000000002,1020.0000000000089,7.282775234222412,1000.0,0.0,0.0,1.0,8.0,374
852000,1038,0.15000000000000002,440.00000000000887,7.077217838764191,1000.0,0.0,0.0,1.0,6.0,374
853000,1039,0.15000000000000002,1190.000000000009,7.20588290309906,1000.0,0.0,0.0,1.0,17.0,374
854000,1040,0.15000000000000002,280.00000000000864,7.165271486282348,1000.0,0.0,0.0,1.0,5.0,374
855000,1041,0.15000000000000002,1140.000000000009,6.87984966468811,1000.0,0.0,0.0,1.0,13.0,374
856000,1042,0.15000000000000002,910.0000000000091,6.6885956840515135,1000.0,0.0,0.0,1.0,1.0,374
857000,1044,0.15000000000000002,3927.4500000000066,7.028460768699646,755.0,0.5,0.0,0.5,30.0,375
858000,1046,0.15000000000000002,7024.570000000004,6.6207858095169065,543.0,1.0,0.0,0.0,52.0,377
859000,1047,0.15000000000000002,7045.900000000003,7.211928195953369,410.0,1.0,0.0,0.0,52.0,378
860000,1048,0.15000000000000002,670.0000000000091,6.726837393760682,1000.0,0.0,0.0,1.0,11.0,378
861000,1049,0.15000000000000002,910.0000000000081,6.3835684332847595,1000.0,0.0,0.0,1.0,11.0,378
862000,1050,0.15000000000000002,580.000000000009,6.692783315181732,1000.0,0.0,0.0,1.0,5.0,378
863000,1051,0.15000000000000002,590.0000000000086,6.953403988838196,1000.0,0.0,0.0,1.0,4.0,378
864000,1053,0.15000000000000002,4108.275000000005,6.671341504573822,672.5,0.5,0.0,0.5,33.5,379
865000,1054,0.15000000000000002,7045.4100000000035,6.057828961372375,459.0,1.0,0.0,0.0,52.0,380
866000,1056,0.15000000000000002,3702.5050000000065,6.430323428153992,749.5,0.5,0.0,0.5,29.0,381
867000,1057,0.15000000000000002,7044.880000000005,6.638793745517731,512.0,1.0,0.0,0.0,52.0,382
868000,1058,0.15000000000000002,840.0000000000091,6.461275475025177,1000.0,0.0,0.0,1.0,8.0,382
869000,1059,0.15000000000000002,7040.940000000008,6.439468994617462,906.0,1.0,0.0,0.0,52.0,383
870000,1061,0.15000000000000002,3856.2000000000075,6.614724012374878,880.0,0.5,0.0,0.5,31.0,384
871000,1062,0.15000000000000002,1070.0000000000089,6.606974440574646,1000.0,0.0,0.0,1.0,20.0,384
872000,1063,0.15000000000000002,200.0000000000085,6.190348606586456,1000.0,0.0,0.0,1.0,5.0,384
873000,1064,0.15000000000000002,1030.0000000000089,6.574159346103668,1000.0,0.0,0.0,1.0,13.0,384
874000,1065,0.15000000000000002,850.0000000000086,6.4490295448303225,1000.0,0.0,0.0,1.0,12.0,384
875000,1066,0.15000000000000002,7046.060000000003,6.427513156414032,394.0,1.0,0.0,0.0,52.0,385
876000,1068,0.15000000000000002,3917.8500000000063,6.416954460144043,715.0,0.5,0.0,0.5,28.5,386
877000,1069,0.15000000000000002,7044.0400000000045,6.319803867340088,596.0,1.0,0.0,0.0,52.0,387
878000,1070,0.15000000000000002,1150.000000000009,6.540804498195648,1000.0,0.0,0.0,1.0,17.0,387
879000,1071,0.15000000000000002,950.000000000009,6.011867076873779,1000.0,0.0,0.0,1.0,13.0,387
880000,1072,0.15000000000000002,1210.0000000000089,6.041500488758087,1000.0,0.0,0.0,1.0,8.0,387
881000,1073,0.15000000000000002,1470.0000000000089,6.285615379333496,1000.0,0.0,0.0,1.0,14.0,387
882000,1075,0.15000000000000002,4187.820000000005,6.221089991569519,718.0,0.5,0.0,0.5,31.5,388
883000,1076,0.15000000000000002,1920.000000000009,6.232368156909943,1000.0,0.0,0.0,1.0,40.0,388
884000,1077,0.15000000000000002,270.0000000000072,6.087406488418579,1000.0,0.0,0.0,1.0,3.0,388
885000,1078,0.15000000000000002,1350.000000000009,5.905313014507294,1000.0,0.0,0.0,1.0,13.0,388
886000,1079,0.15000000000000002,1050.0000000000089,5.852283930301666,1000.0,0.0,0.0,1.0,17.0,388
887000,1080,0.15000000000000002,7046.690000000002,6.1988695449829105,331.0,1.0,0.0,0.0,52.0,389
888000,1082,0.15000000000000002,4071.075000000008,5.900530104160309,892.5,0.5,0.0,0.5,30.0,390
889000,1083,0.15000000000000002,7005.050000000004,6.140213154315949,495.0,1.0,0.0,0.0,52.0,391
890000,1085,0.15000000000000002,3997.965000000006,5.587733898639679,703.5,0.5,0.0,0.5,29.5,392
891000,1086,0.15000000000000002,460.0000000000088,5.971463687896729,1000.0,0.0,0.0,1.0,5.0,392
892000,1087,0.15000000000000002,7005.580000000004,6.078035430908203,442.0,1.0,0.0,0.0,52.0,393
893000,1088,0.15000000000000002,860.0000000000091,5.910796226501465,1000.0,0.0,0.0,1.0,8.0,393
894000,1089,0.15000000000000002,1130.000000000009,5.7921571230888365,1000.0,0.0,0.0,1.0,15.0,393
895000,1091,0.15000000000000002,4096.145000000008,5.912204803943634,885.5,0.5,0.0,0.5,32.5,394
896000,1092,0.15000000000000002,510.000000000009,5.921901975631714,1000.0,0.0,0.0,1.0,6.0,394
897000,1093,0.15000000000000002,7045.880000000003,5.731532721996308,412.0,1.0,0.0,0.0,52.0,395
898000,1095,0.15000000000000002,4228.180000000006,5.616614065647125,682.0,0.5,0.0,0.5,33.0,396
899000,1096,0.15000000000000002,1550.000000000009,5.800643676280975,1000.0,0.0,0.0,1.0,13.0,396
900000,1097,0.15000000000000002,780.0000000000091,5.538609217643738,1000.0,0.0,0.0,1.0,9.0,396
901000,1099,0.15000000000000002,7045.4100000000035,5.767374248504638,459.0,1.0,0.0,0.0,52.0,398
902000,1100,0.15000000000000002,1600.000000000009,5.750423704624176,1000.0,0.0,0.0,1.0,34.0,398
903000,1101,0.15000000000000002,7046.380000000003,5.812883019924164,362.0,1.0,0.0,0.0,52.0,399
904000,1103,0.15000000000000002,4301.2600000000075,5.572006548404693,874.0,0.5,0.0,0.5,38.0,400
905000,1104,0.15000000000000002,890.0000000000088,5.439339661121369,1000.0,0.0,0.0,1.0,14.0,400
906000,1105,0.15000000000000002,1330.000000000009,5.3978636264801025,1000.0,0.0,0.0,1.0,18.0,400
907000,1106,0.15000000000000002,7042.520000000007,5.654978708744049,748.0,1.0,0.0,0.0,52.0,401
908000,1107,0.15000000000000002,1330.000000000009,5.407964495182037,1000.0,0.0,0.0,1.0,13.0,401
909000,1108,0.15000000000000002,430.0000000000091,5.448314428806305,1000.0,0.0,0.0,1.0,4.0,401
910000,1109,0.15000000000000002,1210.0000000000089,5.615418104171753,1000.0,0.0,0.0,1.0,17.0,401
911000,1110,0.15000000000000002,1420.000000000009,5.3716480798721316,1000.0,0.0,0.0,1.0,15.0,401
912000,1111,0.15000000000000002,7042.930000000006,5.327765686511993,707.0,1.0,0.0,0.0,52.0,402
913000,1113,0.15000000000000002,3861.8400000000074,5.454586113929748,816.0,0.5,0.0,0.5,30.5,403
914000,1114,0.15000000000000002,520.0000000000089,5.295559647083283,1000.0,0.0,0.0,1.0,3.0,403
915000,1115,0.15000000000000002,7004.8300000000045,5.4206737370491025,517.0,1.0,0.0,0.0,52.0,404
916000,1116,0.15000000000000002,800.000000000009,5.479552468776703,1000.0,0.0,0.0,1.0,11.0,404
917000,1117,0.15000000000000002,1540.0000000000089,5.4610382475852965,1000.0,0.0,0.0,1.0,27.0,404
918000,1119,0.15000000000000002,3837.4850000000065,5.365691595554352,751.5,0.5,0.0,0.5,28.0,405
919000,1120,0.15000000000000002,1380.000000000009,5.258158806324005,1000.0,0.0,0.0,1.0,11.0,405
920000,1121,0.15000000000000002,740.0000000000082,5.2530773162841795,1000.0,0.0,0.0,1.0,8.0,405
921000,1122,0.15000000000000002,7043.870000000005,5.152331768989563,613.0,1.0,0.0,0.0,52.0,406
922000,1123,0.15000000000000002,1110.000000000009,5.030357161521912,1000.0,0.0,0.0,1.0,10.0,406
923000,1125,0.15000000000000002,7044.140000000005,5.327999203205109,586.0,1.0,0.0,0.0,52.0,408
924000,1126,0.15000000000000002,1480.0000000000089,5.008505799293518,1000.0,0.0,0.0,1.0,21.0,408
925000,1127,0.15000000000000002,7040.100000000009,4.862107766628266,990.0,1.0,0.0,0.0,52.0,409
926000,1128,0.15000000000000002,1200.000000000009,5.3257294359207155,1000.0,0.0,0.0,1.0,14.0,409
927000,1129,0.15000000000000002,600.0000000000084,5.020011871814728,1000.0,0.0,0.0,1.0,6.0,409
928000,1130,0.15000000000000002,7043.310000000006,5.247929603099823,669.0,1.0,0.0,0.0,52.0,410
929000,1132,0.15000000000000002,3852.8450000000066,5.075857302188873,715.5,0.5,0.0,0.5,29.5,411
930000,1133,0.15000000000000002,1180.000000000009,4.918203847885132,1000.0,0.0,0.0,1.0,15.0,411
931000,1134,0.15000000000000002,1420.0000000000089,4.958167517662049,1000.0,0.0,0.0,1.0,17.0,411
932000,1135,0.15000000000000002,320.00000000000904,5.12774914932251,1000.0,0.0,0.0,1.0,8.0,411
933000,1137,0.15000000000000002,7045.300000000004,4.979258962154389,470.0,1.0,0.0,0.0,52.0,413
934000,1138,0.15000000000000002,7041.320000000008,5.044460506439209,868.0,1.0,0.0,0.0,52.0,414
935000,1139,0.15000000000000002,840.0000000000091,5.054075677633286,1000.0,0.0,0.0,1.0,3.0,414
936000,1141,0.15000000000000002,4023.375000000006,4.992291763782501,662.5,0.5,0.0,0.5,33.5,415
937000,1142,0.15000000000000002,840.000000000007,4.952725691795349,1000.0,0.0,0.0,1.0,10.0,415
938000,1143,0.15000000000000002,920.0000000000091,4.95060937166214,1000.0,0.0,0.0,1.0,9.0,415
939000,1144,0.15000000000000002,7046.510000000003,4.941832270145416,349.0,1.0,0.0,0.0,52.0,416
940000,1145,0.15000000000000002,330.0000000000088,4.829078166007996,1000.0,0.0,0.0,1.0,3.0,416
941000,1146,0.15000000000000002,7041.640000000007,4.861634134292602,836.0,1.0,0.0,0.0,52.0,417
942000,1147,0.15000000000000002,830.0000000000091,4.930324946880341,1000.0,0.0,0.0,1.0,9.0,417
943000,1149,0.15000000000000002,3873.3000000000056,4.8767609167099,670.0,0.5,0.0,0.5,30.0,418
944000,1151,0.15000000000000002,3982.210000000007,4.822764119625091,779.0,0.5,0.0,0.5,32.5,419
945000,1152,0.15000000000000002,1080.0000000000089,4.905451702594757,1000.0,0.0,0.0,1.0,7.0,419
946000,1153,0.15000000000000002,7045.650000000003,4.983585703849792,435.0,1.0,0.0,0.0,52.0,420
947000,1154,0.15000000000000002,960.000000000009,4.6273461241722105,1000.0,0.0,0.0,1.0,10.0,420
948000,1155,0.15000000000000002,1010.000000000009,4.756992984294891,1000.0,0.0,0.0,1.0,11.0,420
949000,1156,0.15000000000000002,440.00000000000904,4.74194218635559,1000.0,0.0,0.0,1.0,6.0,420
950000,1158,0.15000000000000002,3677.785000000006,4.56112397480011,721.5,0.5,0.0,0.5,27.5,421
951000,1159,0.15000000000000002,1810.0000000000089,4.6471060538291935,1000.0,0.0,0.0,1.0,39.0,421
952000,1160,0.15000000000000002,1490.000000000009,4.574221578121185,1000.0,0.0,0.0,1.0,10.0,421
953000,1162,0.15000000000000002,7044.465000000005,4.790574981212616,553.5,1.0,0.0,0.0,52.0,423
954000,1163,0.15000000000000002,7044.600000000005,4.674182175159454,540.0,1.0,0.0,0.0,52.0,424
955000,1165,0.15000000000000002,7044.435000000005,4.621749394893646,556.5,1.0,0.0,0.0,52.0,426
956000,1166,0.15000000000000002,940.000000000009,4.6047790503501895,1000.0,0.0,0.0,1.0,8.0,426
957000,1168,0.15000000000000002,7023.695000000005,4.576976235866547,630.5,1.0,0.0,0.0,52.0,428
958000,1169,0.15000000000000002,480.0000000000091,4.59947892665863,1000.0,0.0,0.0,1.0,6.0,428
959000,1170,0.15000000000000002,1570.0000000000086,4.507731070995331,1000.0,0.0,0.0,1.0,27.0,428
960000,1171,0.15000000000000002,560.0000000000091,4.496228886127472,1000.0,0.0,0.0,1.0,9.0,428
961000,1172,0.15000000000000002,710.0000000000091,4.740502103328705,1000.0,0.0,0.0,1.0,4.0,428
962000,1173,0.15000000000000002,320.00000000000836,4.521569570541382,1000.0,0.0,0.0,1.0,4.0,428
963000,1174,0.15000000000000002,660.0000000000091,4.699456099510193,1000.0,0.0,0.0,1.0,4.0,428
964000,1175,0.15000000000000002,550.000000000009,4.588107189655304,1000.0,0.0,0.0,1.0,2.0,428
965000,1176,0.15000000000000002,1330.000000000009,4.5160673751831055,1000.0,0.0,0.0,1.0,10.0,428
966000,1177,0.15000000000000002,470.00000000000887,4.4064310574531556,1000.0,0.0,0.0,1.0,6.0,428
967000,1179,0.15000000000000002,7044.9550000000045,4.2465519485473635,504.5,1.0,0.0,0.0,52.0,430
968000,1180,0.15000000000000002,1000.0000000000086,4.470343798160553,1000.0,0.0,0.0,1.0,14.0,430
969000,1181,0.15000000000000002,920.000000000009,4.433101055383682,1000.0,0.0,0.0,1.0,9.0,430
970000,1182,0.15000000000000002,7046.980000000002,4.454754456996918,302.0,1.0,0.0,0.0,52.0,431
971000,1184,0.15000000000000002,4395.930000000008,4.361275167942047,907.0,0.5,0.0,0.5,42.5,432
972000,1185,0.15000000000000002,7046.200000000003,4.498631411075592,380.0,1.0,0.0,0.0,52.0,433
973000,1186,0.15000000000000002,1720.000000000009,4.378113304615021,1000.0,0.0,0.0,1.0,33.0,433
974000,1187,0.15000000000000002,1310.0000000000089,4.437224656105042,1000.0,0.0,0.0,1.0,24.0,433
975000,1188,0.15000000000000002,1040.000000000009,4.433857865333557,1000.0,0.0,0.0,1.0,15.0,433
976000,1189,0.15000000000000002,7042.840000000006,4.590295850753784,716.0,1.0,0.0,0.0,52.0,434
977000,1191,0.15000000000000002,3828.175000000006,4.302814220428467,682.5,0.5,0.0,0.5,27.0,435
978000,1192,0.15000000000000002,1470.000000000009,4.242899056911469,1000.0,0.0,0.0,1.0,25.0,435
979000,1194,0.15000000000000002,7023.865000000005,4.469502119541168,613.5,1.0,0.0,0.0,52.0,437
980000,1195,0.15000000000000002,1030.000000000009,4.34860879278183,1000.0,0.0,0.0,1.0,22.0,437
981000,1197,0.15000000000000002,7044.325000000004,4.134637660503388,567.5,1.0,0.0,0.0,52.0,439
982000,1198,0.15000000000000002,570.0000000000082,4.425519008159638,1000.0,0.0,0.0,1.0,8.0,439
983000,1199,0.15000000000000002,830.000000000009,4.173912312030792,1000.0,0.0,0.0,1.0,9.0,439
984000,1200,0.15000000000000002,590.000000000009,4.03207204914093,1000.0,0.0,0.0,1.0,11.0,439
985000,1201,0.15000000000000002,7044.570000000004,4.352297054767608,543.0,1.0,0.0,0.0,52.0,440
986000,1202,0.15000000000000002,1650.0000000000089,4.403041387557983,1000.0,0.0,0.0,1.0,33.0,440
987000,1204,0.15000000000000002,4116.875000000006,4.034043723583221,812.5,0.5,0.0,0.5,31.0,441
988000,1205,0.15000000000000002,7044.430000000005,4.1260832209587095,557.0,1.0,0.0,0.0,52.0,442
989000,1206,0.15000000000000002,1250.0000000000089,4.118282333612442,1000.0,0.0,0.0,1.0,13.0,442
990000,1207,0.15000000000000002,310.0000000000089,4.232774137020111,1000.0,0.0,0.0,1.0,2.0,442
991000,1209,0.15000000000000002,3682.6750000000065,4.136385117530823,732.5,0.5,0.0,0.5,30.5,443
992000,1210,0.15000000000000002,1590.000000000009,4.250001314640045,1000.0,0.0,0.0,1.0,27.0,443
993000,1211,0.15000000000000002,1610.000000000009,4.143380796432495,1000.0,0.0,0.0,1.0,33.0,443
994000,1212,0.15000000000000002,1660.000000000009,4.184891137123108,1000.0,0.0,0.0,1.0,30.0,443
995000,1214,0.15000000000000002,7045.8250000000035,4.053037463188171,417.5,1.0,0.0,0.0,52.0,445
996000,1215,0.15000000000000002,1140.0000000000089,4.2440829086303715,1000.0,0.0,0.0,1.0,6.0,445
997000,1216,0.15000000000000002,1080.000000000009,4.276566210269928,1000.0,0.0,0.0,1.0,9.0,445
998000,1217,0.15000000000000002,7044.060000000005,4.111133238792419,594.0,1.0,0.0,0.0,52.0,446
999000,1218,0.15000000000000002,1010.0000000000089,4.027115687847138,1000.0,0.0,0.0,1.0,12.0,446
1000000,1219,0.15000000000000002,920.0000000000088,4.075111217021942,1000.0,0.0,0.0,1.0,10.0,446
1001000,1220,0.15000000000000002,230.00000000000887,4.235867436885834,1000.0,0.0,0.0,1.0,7.0,446
1002000,1221,0.15000000000000002,230.0000000000088,4.246797639369965,1000.0,0.0,0.0,1.0,2.0,446
1003000,1222,0.15000000000000002,1200.000000000009,4.144282778739929,1000.0,0.0,0.0,1.0,14.0,446
1004000,1223,0.15000000000000002,800.000000000009,4.2017516112327575,1000.0,0.0,0.0,1.0,5.0,446
1005000,1224,0.15000000000000002,1200.000000000009,3.967554335594177,1000.0,0.0,0.0,1.0,19.0,446
1006000,1226,0.15000000000000002,7043.930000000006,3.900257492542267,607.0,1.0,0.0,0.0,52.0,448
1007000,1227,0.15000000000000002,1420.000000000009,3.93966192317009,1000.0,0.0,0.0,1.0,16.0,448
1008000,1228,0.15000000000000002,750.0000000000091,3.9173365786075593,1000.0,0.0,0.0,1.0,3.0,448
1009000,1229,0.15000000000000002,550.0000000000088,3.9083471083641053,1000.0,0.0,0.0,1.0,3.0,448
1010000,1231,0.15000000000000002,7044.130000000005,3.876553828716278,587.0,1.0,0.0,0.0,52.0,450
1011000,1232,0.15000000000000002,830.0000000000088,3.9106716618537902,1000.0,0.0,0.0,1.0,2.0,450
1012000,1233,0.15000000000000002,1420.0000000000082,3.9098765625953673,1000.0,0.0,0.0,1.0,15.0,450
1013000,1234,0.15000000000000002,1010.0000000000089,4.073149864196777,1000.0,0.0,0.0,1.0,7.0,450
1014000,1235,0.15000000000000002,1060.000000000009,4.077311264514923,1000.0,0.0,0.0,1.0,8.0,450
1015000,1236,0.15000000000000002,570.0000000000091,3.8932881865501403,1000.0,0.0,0.0,1.0,8.0,450
1016000,1237,0.15000000000000002,7046.660000000003,3.9583071804046632,334.0,1.0,0.0,0.0,52.0,451
1017000,1239,0.15000000000000002,3831.3700000000076,3.805015684843063,863.0,0.5,0.0,0.5,30.0,452
1018000,1241,0.15000000000000002,7045.330000000004,3.8106025738716127,467.0,1.0,0.0,0.0,52.0,454
1019000,1242,0.15000000000000002,450.00000000000813,3.8696277623176574,1000.0,0.0,0.0,1.0,4.0,454
1020000,1244,0.15000000000000002,7046.710000000003,3.9440214269161222,329.0,1.0,0.0,0.0,52.0,456
1021000,1245,0.15000000000000002,1390.000000000009,3.9371583065986635,1000.0,0.0,0.0,1.0,27.0,456
1022000,1246,0.15000000000000002,410.00000000000904,3.8231671025753022,1000.0,0.0,0.0,1.0,7.0,456
1023000,1247,0.15000000000000002,7042.8400000000065,3.9263689637184145,716.0,1.0,0.0,0.0,52.0,457
1024000,1248,0.15000000000000002,860.0000000000091,3.931883415699005,1000.0,0.0,0.0,1.0,5.0,457
1025000,1249,0.15000000000000002,1030.000000000009,3.8828990955352785,1000.0,0.0,0.0,1.0,13.0,457
1026000,1250,0.15000000000000002,800.0000000000091,3.812918080329895,1000.0,0.0,0.0,1.0,12.0,457
1027000,1251,0.15000000000000002,200.00000000000907,3.5644317445755003,1000.0,0.0,0.0,1.0,6.0,457
1028000,1252,0.15000000000000002,1180.000000000009,3.905723516464233,1000.0,0.0,0.0,1.0,10.0,457
1029000,1253,0.15000000000000002,930.0000000000089,3.7532071089744568,1000.0,0.0,0.0,1.0,9.0,457
1030000,1254,0.15000000000000002,7041.310000000008,3.7722614698410033,869.0,1.0,0.0,0.0,52.0,458
1031000,1257,0.15000000000000002,5013.980000000005,3.6794295330047606,602.0,0.6666666666666666,0.0,0.3333333333333333,37.0,460
1032000,1258,0.15000000000000002,980.000000000009,3.6173279700279237,1000.0,0.0,0.0,1.0,12.0,460
1033000,1259,0.15000000000000002,1240.000000000009,3.689659963607788,1000.0,0.0,0.0,1.0,15.0,460
1034000,1262,0.15000000000000002,7046.546666666669,3.677887457370758,345.3333333333333,1.0,0.0,0.0,52.0,463
1035000,1263,0.15000000000000002,7046.980000000002,3.703765692949295,302.0,1.0,0.0,0.0,52.0,464
1036000,1265,0.15000000000000002,4298.075000000006,3.7509872612953186,692.5,0.5,0.0,0.5,35.0,465
1037000,1266,0.15000000000000002,670.0000000000084,3.592532737970352,1000.0,0.0,0.0,1.0,7.0,465
1038000,1267,0.15000000000000002,360.0000000000087,3.708673540592194,1000.0,0.0,0.0,1.0,6.0,465
1039000,1268,0.15000000000000002,560.000000000009,3.691997432231903,1000.0,0.0,0.0,1.0,9.0,465
1040000,1270,0.15000000000000002,3847.9400000000064,3.852437827587128,706.0,0.5,0.0,0.5,27.5,466
1041000,1271,0.15000000000000002,7045.490000000003,3.6370589356422425,451.0,1.0,0.0,0.0,52.0,467
1042000,1272,0.15000000000000002,1270.000000000009,3.9030649585723878,1000.0,0.0,0.0,1.0,8.0,467
1043000,1273,0.15000000000000002,870.0000000000091,3.6491299471855165,1000.0,0.0,0.0,1.0,10.0,467
1044000,1274,0.15000000000000002,1130.0000000000089,3.623929072856903,1000.0,0.0,0.0,1.0,8.0,467
1045000,1275,0.15000000000000002,1580.000000000009,3.4398822150230406,1000.0,0.0,0.0,1.0,26.0,467
1046000,1276,0.15000000000000002,7043.4200000000055,3.6053887045383455,658.0,1.0,0.0,0.0,52.0,468
1047000,1278,0.15000000000000002,4000.655000000008,3.645344069957733,934.5,0.5,0.0,0.5,28.0,469
1048000,1279,0.15000000000000002,590.0000000000091,3.6995306968688966,1000.0,0.0,0.0,1.0,10.0,469
1049000,1280,0.15000000000000002,1260.000000000009,3.666547290325165,1000.0,0.0,0.0,1.0,18.0,469
1050000,1281,0.15000000000000002,1330.0000000000089,3.534069055557251,1000.0,0.0,0.0,1.0,10.0,469
1051000,1282,0.15000000000000002,1380.0000000000089,3.6361935992240904,1000.0,0.0,0.0,1.0,15.0,469
1052000,1283,0.15000000000000002,810.0000000000088,3.4966083669662478,1000.0,0.0,0.0,1.0,8.0,469
1053000,1284,0.15000000000000002,750.0000000000089,3.4398486893177034,1000.0,0.0,0.0,1.0,3.0,469
1054000,1285,0.15000000000000002,7045.0400000000045,3.549675735473633,496.0,1.0,0.0,0.0,52.0,470
1055000,1287,0.15000000000000002,3803.3600000000056,3.441280744075775,664.0,0.5,0.0,0.5,29.0,471
1056000,1288,0.15000000000000002,1050.000000000009,3.447284010410309,1000.0,0.0,0.0,1.0,9.0,471
1057000,1289,0.15000000000000002,1560.000000000009,3.5551135110855103,1000.0,0.0,0.0,1.0,24.0,471
1058000,1290,0.15000000000000002,109.99999999999501,3.6025253419876098,1000.0,0.0,0.0,1.0,7.0,471
1059000,1291,0.15000000000000002,500.00000000000875,3.518488496541977,1000.0,0.0,0.0,1.0,4.0,471
1060000,1292,0.15000000000000002,1040.000000000009,3.3734747967720033,1000.0,0.0,0.0,1.0,14.0,471
1061000,1293,0.15000000000000002,580.000000000009,3.4548008120059968,1000.0,0.0,0.0,1.0,9.0,471
1062000,1294,0.15000000000000002,1930.0000000000086,3.38635835647583,1000.0,0.0,0.0,1.0,41.0,471
1063000,1295,0.15000000000000002,7045.930000000004,3.3075451855659486,407.0,1.0,0.0,0.0,52.0,472
1064000,1297,0.15000000000000002,4257.945000000006,3.529329574108124,705.5,0.5,0.0,0.5,38.5,473
1065000,1298,0.15000000000000002,160.00000000000796,3.4912208929061888,1000.0,0.0,0.0,1.0,1.0,473
1066000,1300,0.15000000000000002,7025.710000000003,3.323369818210602,429.0,1.0,0.0,0.0,52.0,475
1067000,1301,0.15000000000000002,7041.610000000008,3.4173822314739226,839.0,1.0,0.0,0.0,52.0,476
1068000,1302,0.15000000000000002,900.0000000000091,3.3453445312976835,1000.0,0.0,0.0,1.0,14.0,476
1069000,1303,0.15000000000000002,1370.000000000009,3.226483758687973,1000.0,0.0,0.0,1.0,10.0,476
1070000,1304,0.15000000000000002,1420.000000000009,3.3197548570632933,1000.0,0.0,0.0,1.0,14.0,476
1071000,1305,0.15000000000000002,1450.0000000000089,3.4311678988933565,1000.0,0.0,0.0,1.0,13.0,476
1072000,1306,0.15000000000000002,980.0000000000091,3.427529281139374,1000.0,0.0,0.0,1.0,15.0,476
1073000,1307,0.15000000000000002,1280.000000000009,3.457224485397339,1000.0,0.0,0.0,1.0,22.0,476
1074000,1308,0.15000000000000002,1500.0000000000089,3.2781482410430907,1000.0,0.0,0.0,1.0,23.0,476
1075000,1310,0.15000000000000002,3857.785000000006,3.401776223182678,721.5,0.5,0.0,0.5,30.0,477
1076000,1312,0.15000000000000002,7045.145000000004,3.2517506427764893,485.5,1.0,0.0,0.0,52.0,479
1077000,1313,0.15000000000000002,870.0000000000091,3.3197983031272886,1000.0,0.0,0.0,1.0,3.0,479
1078000,1314,0.15000000000000002,950.0000000000085,3.3680976905822755,1000.0,0.0,0.0,1.0,7.0,479
1079000,1315,0.15000000000000002,720.0000000000091,3.2036749062538146,1000.0,0.0,0.0,1.0,6.0,479
1080000,1316,0.15000000000000002,7046.430000000003,3.249783866405487,357.0,1.0,0.0,0.0,52.0,480
1081000,1318,0.15000000000000002,4201.170000000007,3.396981834888458,883.0,0.5,0.0,0.5,32.0,481
1082000,1319,0.15000000000000002,900.0000000000091,3.2914533829689026,1000.0,0.0,0.0,1.0,8.0,481
1083000,1320,0.15000000000000002,7044.150000000005,3.423546093702316,585.0,1.0,0.0,0.0,52.0,482
1084000,1322,0.15000000000000002,3933.565000000006,3.198362328529358,643.5,0.5,0.0,0.5,33.0,483
1085000,1323,0.15000000000000002,69.9999999999953,3.197356397628784,1000.0,0.0,0.0,1.0,3.0,483
1086000,1324,0.15000000000000002,7041.640000000007,3.320614134311676,836.0,1.0,0.0,0.0,52.0,484
1087000,1325,0.15000000000000002,920.0000000000091,3.2687968792915343,1000.0,0.0,0.0,1.0,9.0,484
1088000,1326,0.15000000000000002,1550.000000000009,3.439685216426849,1000.0,0.0,0.0,1.0,22.0,484
1089000,1327,0.15000000000000002,830.0000000000091,3.266893748521805,1000.0,0.0,0.0,1.0,9.0,484
1090000,1328,0.15000000000000002,1320.000000000009,3.2480289380550387,1000.0,0.0,0.0,1.0,5.0,484
1091000,1329,0.15000000000000002,970.000000000009,3.2836793065071106,1000.0,0.0,0.0,1.0,4.0,484
1092000,1330,0.15000000000000002,1000.000000000009,3.2428814835548403,1000.0,0.0,0.0,1.0,12.0,484
1093000,1331,0.15000000000000002,640.000000000009,3.2903852691650393,1000.0,0.0,0.0,1.0,7.0,484
1094000,1332,0.15000000000000002,810.0000000000091,3.201971414089203,1000.0,0.0,0.0,1.0,5.0,484
1095000,1333,0.15000000000000002,7044.240000000005,3.1705188255310057,576.0,1.0,0.0,0.0,52.0,485
1096000,1335,0.15000000000000002,4111.985000000007,3.1769254686832427,801.5,0.5,0.0,0.5,31.0,486
1097000,1336,0.15000000000000002,480.00000000000904,3.1369422879219053,1000.0,0.0,0.0,1.0,4.0,486
1098000,1338,0.15000000000000002,7045.290000000004,3.1571328694820404,471.0,1.0,0.0,0.0,52.0,488
1099000,1340,0.15000000000000002,7043.890000000005,3.0862753314971925,611.0,1.0,0.0,0.0,52.0,490
1100000,1341,0.15000000000000002,340.00000000000824,3.2182220995426176,1000.0,0.0,0.0,1.0,10.0,490
1101000,1342,0.15000000000000002,7047.170000000002,3.1102848181724547,283.0,1.0,0.0,0.0,52.0,491
1102000,1345,0.15000000000000002,2651.906666666671,3.0997212400436402,476.3333333333333,0.3333333333333333,0.3333333333333333,0.3333333333333333,21.333333333333332,492
1103000,1346,0.15000000000000002,1620.000000000009,3.1631850628852844,1000.0,0.0,0.0,1.0,21.0,492
1104000,1347,0.15000000000000002,1020.0000000000089,3.069016354560852,1000.0,0.0,0.0,1.0,8.0,492
1105000,1349,0.15000000000000002,7044.0000000000055,3.1568861405849455,600.0,1.0,0.0,0.0,52.0,494
1106000,1350,0.15000000000000002,7044.860000000004,3.105985958099365,514.0,1.0,0.0,0.0,52.0,495
1107000,1351,0.15000000000000002,1420.000000000009,3.1491500720977785,1000.0,0.0,0.0,1.0,11.0,495
1108000,1352,0.15000000000000002,410.0000000000091,3.114764976978302,1000.0,0.0,0.0,1.0,0.0,495
1109000,1354,0.15000000000000002,4167.855000000007,3.0341034512519838,714.5,0.5,0.0,0.5,34.5,496
1110000,1355,0.15000000000000002,7046.300000000003,3.0506018974781037,370.0,1.0,0.0,0.0,52.0,497
1111000,1357,0.15000000000000002,3631.8000000000075,3.055526214361191,820.0,0.5,0.0,0.5,27.0,498
1112000,1358,0.15000000000000002,540.000000000009,3.026831829547882,1000.0,0.0,0.0,1.0,8.0,498
1113000,1359,0.15000000000000002,1060.000000000009,2.9811614651679994,1000.0,0.0,0.0,1.0,4.0,498
1114000,1360,0.15000000000000002,820.0000000000091,3.2103036856651306,1000.0,0.0,0.0,1.0,8.0,498
1115000,1361,0.15000000000000002,870.000000000009,3.006449776649475,1000.0,0.0,0.0,1.0,10.0,498
1116000,1362,0.15000000000000002,500.0000000000091,2.9469855356216432,1000.0,0.0,0.0,1.0,6.0,498
1117000,1363,0.15000000000000002,920.000000000009,2.884776115655899,1000.0,0.0,0.0,1.0,14.0,498
1118000,1364,0.15000000000000002,7043.070000000006,3.1593226833343504,693.0,1.0,0.0,0.0,52.0,499
1119000,1365,0.15000000000000002,580.0000000000089,3.094220458984375,1000.0,0.0,0.0,1.0,3.0,499
1120000,1367,0.15000000000000002,7043.940000000006,3.073405411481857,606.0,1.0,0.0,0.0,52.0,501
1121000,1369,0.15000000000000002,7045.7450000000035,3.1058008794784544,425.5,1.0,0.0,0.0,52.0,503
1122000,1370,0.15000000000000002,920.0000000000091,3.2044874272346497,1000.0,0.0,0.0,1.0,6.0,503
1123000,1371,0.15000000000000002,1200.0000000000089,2.9620316410064698,1000.0,0.0,0.0,1.0,7.0,503
1124000,1372,0.15000000000000002,740.000000000009,2.9279011652469635,1000.0,0.0,0.0,1.0,6.0,503
1125000,1373,0.15000000000000002,1490.000000000009,3.0245765011310577,1000.0,0.0,0.0,1.0,12.0,503
1126000,1375,0.15000000000000002,4512.710000000006,2.9919287595748902,729.0,0.5,0.0,0.5,49.0,504
1127000,1376,0.15000000000000002,190.00000000000907,2.79308087182045,1000.0,0.0,0.0,1.0,5.0,504
1128000,1377,0.15000000000000002,7045.090000000004,3.047820399045944,491.0,1.0,0.0,0.0,52.0,505
1129000,1379,0.15000000000000002,3933.115000000006,2.8413983929157256,688.5,0.5,0.0,0.5,30.5,506
1130000,1381,0.15000000000000002,7044.8300000000045,2.8815125708580016,517.0,1.0,0.0,0.0,52.0,508
1131000,1382,0.15000000000000002,980.000000000009,2.9161465816497802,1000.0,0.0,0.0,1.0,7.0,508
1132000,1383,0.15000000000000002,460.00000000000904,2.931860706567764,1000.0,0.0,0.0,1.0,10.0,508
1133000,1384,0.15000000000000002,1370.0000000000089,2.894579238653183,1000.0,0.0,0.0,1.0,24.0,508
1134000,1385,0.15000000000000002,820.000000000009,2.9565741369724274,1000.0,0.0,0.0,1.0,12.0,508
1135000,1386,0.15000000000000002,7041.080000000008,2.975247706651688,892.0,1.0,0.0,0.0,52.0,509
1136000,1388,0.15000000000000002,7025.405000000004,2.8743851985931395,459.5,1.0,0.0,0.0,52.0,511
1137000,1389,0.15000000000000002,1690.000000000009,2.885958086013794,1000.0,0.0,0.0,1.0,27.0,511
1138000,1390,0.15000000000000002,1240.000000000009,2.923369878768921,1000.0,0.0,0.0,1.0,13.0,511
1139000,1391,0.15000000000000002,1330.0000000000089,2.9454282903671265,1000.0,0.0,0.0,1.0,18.0,511
1140000,1392,0.15000000000000002,1140.0000000000089,2.9352532205581663,1000.0,0.0,0.0,1.0,16.0,511
1141000,1393,0.15000000000000002,580.0000000000088,2.8296427507400512,1000.0,0.0,0.0,1.0,2.0,511
1142000,1394,0.15000000000000002,1210.0000000000089,2.9044220502376557,1000.0,0.0,0.0,1.0,12.0,511
1143000,1395,0.15000000000000002,970.0000000000091,2.7238933298587797,1000.0,0.0,0.0,1.0,3.0,511
1144000,1396,0.15000000000000002,300.00000000000904,2.783968925476074,1000.0,0.0,0.0,1.0,5.0,511
1145000,1397,0.15000000000000002,7044.400000000005,2.6669444439411163,560.0,1.0,0.0,0.0,52.0,512
1146000,1398,0.15000000000000002,550.000000000009,2.679795662164688,1000.0,0.0,0.0,1.0,6.0,512
1147000,1399,0.15000000000000002,250.00000000000762,2.7057457628250123,1000.0,0.0,0.0,1.0,2.0,512
1148000,1400,0.15000000000000002,1500.0000000000089,2.9122070679664613,1000.0,0.0,0.0,1.0,22.0,512
1149000,1402,0.15000000000000002,4347.6300000000065,2.6820783355236055,737.0,0.5,0.0,0.5,39.5,513
1150000,1404,0.15000000000000002,7024.565000000004,2.7327193377017975,543.5,1.0,0.0,0.0,52.0,515
1151000,1405,0.15000000000000002,300.00000000000887,2.7110845098495484,1000.0,0.0,0.0,1.0,5.0,515
1152000,1406,0.15000000000000002,190.0000000000088,2.780997936010361,1000.0,0.0,0.0,1.0,5.0,515
1153000,1407,0.15000000000000002,1180.0000000000089,2.739621440172195,1000.0,0.0,0.0,1.0,16.0,515
1154000,1408,0.15000000000000002,700.000000000009,2.8267001383304597,1000.0,0.0,0.0,1.0,3.0,515
1155000,1409,0.15000000000000002,650.0000000000082,2.7389659209251405,1000.0,0.0,0.0,1.0,6.0,515
1156000,1410,0.15000000000000002,1540.000000000009,2.7663108525276185,1000.0,0.0,0.0,1.0,17.0,515
1157000,1411,0.15000000000000002,1050.000000000009,2.6673453266620637,1000.0,0.0,0.0,1.0,12.0,515
1158000,1412,0.15000000000000002,1010.0000000000091,2.7902073967456817,1000.0,0.0,0.0,1.0,13.0,515
1159000,1413,0.15000000000000002,7043.130000000006,2.6890059068202974,687.0,1.0,0.0,0.0,52.0,516
1160000,1414,0.15000000000000002,1320.000000000009,2.692418947935104,1000.0,0.0,0.0,1.0,16.0,516
1161000,1416,0.15000000000000002,7044.280000000004,2.716827316761017,572.0,1.0,0.0,0.0,52.0,518
1162000,1417,0.15000000000000002,1060.000000000009,2.653329135417938,1000.0,0.0,0.0,1.0,12.0,518
1163000,1418,0.15000000000000002,1390.000000000009,2.6848082191944123,1000.0,0.0,0.0,1.0,17.0,518
1164000,1419,0.15000000000000002,2000.0000000000089,2.6415324177742003,1000.0,0.0,0.0,1.0,47.0,518
1165000,1420,0.15000000000000002,550.000000000009,2.58690007686615,1000.0,0.0,0.0,1.0,6.0,518
1166000,1422,0.15000000000000002,7043.445000000005,2.724594157218933,655.5,1.0,0.0,0.0,52.0,520
1167000,1423,0.15000000000000002,420.00000000000904,2.5737071070671083,1000.0,0.0,0.0,1.0,1.0,520
1168000,1424,0.15000000000000002,1560.000000000009,2.6852463462352754,1000.0,0.0,0.0,1.0,14.0,520
1169000,1425,0.15000000000000002,860.0000000000086,2.6087273123264314,1000.0,0.0,0.0,1.0,5.0,520
1170000,1426,0.15000000000000002,7045.9100000000035,2.6364872510433197,409.0,1.0,0.0,0.0,52.0,521
1171000,1427,0.15000000000000002,1040.0000000000089,2.6031674873828887,1000.0,0.0,0.0,1.0,8.0,521
1172000,1428,0.15000000000000002,920.0000000000091,2.6007406578063965,1000.0,0.0,0.0,1.0,6.0,521
1173000,1429,0.15000000000000002,1230.0000000000084,2.442684634923935,1000.0,0.0,0.0,1.0,11.0,521
1174000,1431,0.15000000000000002,4093.2050000000063,2.6762792418003083,679.5,0.5,0.0,0.5,31.5,522
1175000,1432,0.15000000000000002,1970.000000000009,2.5177290179729463,1000.0,0.0,0.0,1.0,45.0,522
1176000,1433,0.15000000000000002,7044.560000000005,2.6611953699588775,544.0,1.0,0.0,0.0,52.0,523
1177000,1435,0.15000000000000002,4302.930000000006,2.5496124968528746,707.0,0.5,0.0,0.5,43.0,524
1178000,1436,0.15000000000000002,1050.000000000009,2.5982913801670073,1000.0,0.0,0.0,1.0,11.0,524
1179000,1438,0.15000000000000002,7046.2850000000035,2.566459995508194,371.5,1.0,0.0,0.0,52.0,526
1180000,1439,0.15000000000000002,1590.0000000000089,2.5914866154193876,1000.0,0.0,0.0,1.0,22.0,526
1181000,1441,0.15000000000000002,4007.5800000000063,2.463711686849594,742.0,0.5,0.0,0.5,29.0,527
1182000,1442,0.15000000000000002,7045.420000000004,2.445247784137726,458.0,1.0,0.0,0.0,52.0,528
1183000,1443,0.15000000000000002,500.0000000000089,2.5678968567848206,1000.0,0.0,0.0,1.0,4.0,528
1184000,1444,0.15000000000000002,7041.730000000007,2.538146907567978,827.0,1.0,0.0,0.0,52.0,529
1185000,1445,0.15000000000000002,1140.000000000009,2.497576058626175,1000.0,0.0,0.0,1.0,16.0,529
1186000,1446,0.15000000000000002,1510.000000000009,2.4821787691116333,1000.0,0.0,0.0,1.0,19.0,529
1187000,1447,0.15000000000000002,980.000000000009,2.6195399479866026,1000.0,0.0,0.0,1.0,6.0,529
1188000,1448,0.15000000000000002,7041.5100000000075,2.498748803138733,849.0,1.0,0.0,0.0,52.0,530
1189000,1449,0.15000000000000002,1580.0000000000089,2.413200192928314,1000.0,0.0,0.0,1.0,35.0,530
1190000,1450,0.15000000000000002,830.000000000009,2.6369518897533415,1000.0,0.0,0.0,1.0,7.0,530
1191000,1451,0.15000000000000002,1240.0000000000084,2.5771560475826263,1000.0,0.0,0.0,1.0,12.0,530
1192000,1452,0.15000000000000002,730.000000000009,2.504928819656372,1000.0,0.0,0.0,1.0,2.0,530
1193000,1454,0.15000000000000002,3686.215000000008,2.5322728130817413,878.5,0.5,0.0,0.5,29.0,531
1194000,1455,0.15000000000000002,1080.0000000000082,2.4924122257232666,1000.0,0.0,0.0,1.0,12.0,531
1195000,1456,0.15000000000000002,520.0000000000091,2.4284474308490753,1000.0,0.0,0.0,1.0,8.0,531
1196000,1458,0.15000000000000002,7025.720000000003,2.4906845819950103,428.0,1.0,0.0,0.0,52.0,533
1197000,1459,0.15000000000000002,550.0000000000091,2.417257949113846,1000.0,0.0,0.0,1.0,6.0,533
1198000,1460,0.15000000000000002,1890.000000000009,2.388421905517578,1000.0,0.0,0.0,1.0,37.0,533
1199000,1461,0.15000000000000002,1640.000000000009,2.3717113547325135,1000.0,0.0,0.0,1.0,37.0,533
1200000,1462,0.15000000000000002,7040.770000000008,2.407475729942322,923.0,1.0,0.0,0.0,52.0,534
