run directory: runs/024_dqfd_moredemo_epsfloor_loopbreaker_solvcurriculum_1p2m
eval: using 1000-seed battery from runs/eval_corpus.jsonl (first 200 of them per eval pass) instead of the fixed 900000+i range
DQfD: building 100000 permanent demo transitions from runs/curriculum_wins.jsonl
DQfD: loaded 100000 demo transitions into the permanent replay-buffer region
solvable-seed pool: loaded 1578 ground-truth-solvable seeds from runs/solvable_corpus.jsonl, used for fresh-deal resets over first 100000 steps
step     1000/1200000  eps=0.996  episodes=    1  mean_return=420.000  mean_loss=     nan  mean_foundation=  3.0/52  lifetime_outcomes={'won': 0, 'stalled': 0, 'truncated': 1, 'other': 0}  rss= 2054.8MB  (2s)
step     2000/1200000  eps=0.992  episodes=    2  mean_return=1680.000  mean_loss=     nan  mean_foundation=  6.0/52  lifetime_outcomes={'won': 0, 'stalled': 0, 'truncated': 2, 'other': 0}  rss= 2070.1MB  (3s)
step     3000/1200000  eps=0.987  episodes=    3  mean_return=1190.000  mean_loss=     nan  mean_foundation= 11.0/52  lifetime_outcomes={'won': 0, 'stalled': 0, 'truncated': 3, 'other': 0}  rss= 2078.8MB  (5s)
step     4000/1200000  eps=0.983  episodes=    4  mean_return=1430.000  mean_loss=     nan  mean_foundation=  4.0/52  lifetime_outcomes={'won': 0, 'stalled': 0, 'truncated': 4, 'other': 0}  rss= 2085.1MB  (7s)
step     5000/1200000  eps=0.979  episodes=    5  mean_return=1660.000  mean_loss=10.58051  mean_foundation=  6.0/52  lifetime_outcomes={'won': 0, 'stalled': 0, 'truncated': 5, 'other': 0}  rss= 2370.7MB  (9s)
step     6000/1200000  eps=0.975  episodes=    6  mean_return=790.000  mean_loss=64.91431  mean_foundation= 12.0/52  lifetime_outcomes={'won': 0, 'stalled': 0, 'truncated': 6, 'other': 0}  rss= 2381.7MB  (15s)
step     7000/1200000  eps=0.970  episodes=    7  mean_return=1210.000  mean_loss=90.67474  mean_foundation=  3.0/52  lifetime_outcomes={'won': 0, 'stalled': 0, 'truncated': 7, 'other': 0}  rss= 2387.9MB  (19s)
step     8000/1200000  eps=0.966  episodes=    8  mean_return=1500.000  mean_loss=101.41747  mean_foundation=  7.0/52  lifetime_outcomes={'won': 0, 'stalled': 0, 'truncated': 8, 'other': 0}  rss= 2389.9MB  (23s)
step     9000/1200000  eps=0.962  episodes=    9  mean_return=1790.000  mean_loss=107.08914  mean_foundation= 23.0/52  lifetime_outcomes={'won': 0, 'stalled': 0, 'truncated': 9, 'other': 0}  rss= 2396.0MB  (28s)
step    10000/1200000  eps=0.958  episodes=   10  mean_return=1310.000  mean_loss=105.31832  mean_foundation=  4.0/52  lifetime_outcomes={'won': 0, 'stalled': 0, 'truncated': 10, 'other': 0}  rss= 2398.1MB  (34s)
  EVAL  step    10000  win_rate=28.00%  mean_return=2625.293  mean_foundation= 23.4/52  mean_length=845.7  (greedy, 200 fixed deals)
step    11000/1200000  eps=0.953  episodes=   11  mean_return=1760.000  mean_loss=105.10386  mean_foundation=  4.0/52  lifetime_outcomes={'won': 0, 'stalled': 0, 'truncated': 11, 'other': 0}  rss= 2436.8MB  (294s)
step    12000/1200000  eps=0.949  episodes=   12  mean_return=1780.000  mean_loss=103.44678  mean_foundation= 25.0/52  lifetime_outcomes={'won': 0, 'stalled': 0, 'truncated': 12, 'other': 0}  rss= 2436.8MB  (301s)
step    13000/1200000  eps=0.945  episodes=   13  mean_return=1910.000  mean_loss=102.18955  mean_foundation= 31.0/52  lifetime_outcomes={'won': 0, 'stalled': 0, 'truncated': 13, 'other': 0}  rss= 2437.7MB  (308s)
step    14000/1200000  eps=0.941  episodes=   14  mean_return=800.000  mean_loss=101.06303  mean_foundation=  8.0/52  lifetime_outcomes={'won': 0, 'stalled': 0, 'truncated': 14, 'other': 0}  rss= 2441.7MB  (314s)
step    15000/1200000  eps=0.936  episodes=   15  mean_return=320.000  mean_loss=99.35030  mean_foundation=  1.0/52  lifetime_outcomes={'won': 0, 'stalled': 0, 'truncated': 15, 'other': 0}  rss= 2446.0MB  (322s)
step    16000/1200000  eps=0.932  episodes=   16  mean_return=890.000  mean_loss=96.13123  mean_foundation=  4.0/52  lifetime_outcomes={'won': 0, 'stalled': 0, 'truncated': 16, 'other': 0}  rss= 2450.0MB  (329s)
step    17000/1200000  eps=0.928  episodes=   17  mean_return=1860.000  mean_loss=97.49597  mean_foundation= 26.0/52  lifetime_outcomes={'won': 0, 'stalled': 0, 'truncated': 17, 'other': 0}  rss= 2454.2MB  (337s)
step    18000/1200000  eps=0.923  episodes=   18  mean_return=690.000  mean_loss=95.32383  mean_foundation=  6.0/52  lifetime_outcomes={'won': 0, 'stalled': 0, 'truncated': 18, 'other': 0}  rss= 2458.2MB  (343s)
step    19000/1200000  eps=0.919  episodes=   19  mean_return=1980.000  mean_loss=96.78128  mean_foundation= 41.0/52  lifetime_outcomes={'won': 0, 'stalled': 0, 'truncated': 19, 'other': 0}  rss= 2462.2MB  (351s)
step    20000/1200000  eps=0.915  episodes=   20  mean_return=800.000  mean_loss=93.22584  mean_foundation= 11.0/52  lifetime_outcomes={'won': 0, 'stalled': 0, 'truncated': 20, 'other': 0}  rss= 2466.2MB  (356s)
  EVAL  step    20000  win_rate=33.00%  mean_return=2860.125  mean_foundation= 24.8/52  mean_length=797.5  (greedy, 200 fixed deals)
step    21000/1200000  eps=0.911  episodes=   21  mean_return=1050.000  mean_loss=89.99255  mean_foundation=  9.0/52  lifetime_outcomes={'won': 0, 'stalled': 0, 'truncated': 21, 'other': 0}  rss= 2474.9MB  (553s)
step    22000/1200000  eps=0.906  episodes=   22  mean_return=780.000  mean_loss=90.75469  mean_foundation=  8.0/52  lifetime_outcomes={'won': 0, 'stalled': 0, 'truncated': 22, 'other': 0}  rss= 2478.9MB  (556s)
step    23000/1200000  eps=0.902  episodes=   23  mean_return=1960.000  mean_loss=87.33980  mean_foundation= 28.0/52  lifetime_outcomes={'won': 0, 'stalled': 0, 'truncated': 23, 'other': 0}  rss= 2482.9MB  (559s)
step    24000/1200000  eps=0.898  episodes=   24  mean_return=960.000  mean_loss=87.56765  mean_foundation= 12.0/52  lifetime_outcomes={'won': 0, 'stalled': 0, 'truncated': 24, 'other': 0}  rss= 2487.0MB  (562s)
step    25000/1200000  eps=0.894  episodes=   25  mean_return=2010.000  mean_loss=85.76256  mean_foundation= 37.0/52  lifetime_outcomes={'won': 0, 'stalled': 0, 'truncated': 25, 'other': 0}  rss= 2491.0MB  (566s)
step    26000/1200000  eps=0.889  episodes=   26  mean_return=400.000  mean_loss=87.23770  mean_foundation=  6.0/52  lifetime_outcomes={'won': 0, 'stalled': 0, 'truncated': 26, 'other': 0}  rss= 2493.0MB  (569s)
step    27000/1200000  eps=0.885  episodes=   27  mean_return=1860.000  mean_loss=84.71660  mean_foundation= 32.0/52  lifetime_outcomes={'won': 0, 'stalled': 0, 'truncated': 27, 'other': 0}  rss= 2499.0MB  (572s)
step    28000/1200000  eps=0.881  episodes=   28  mean_return=2040.000  mean_loss=82.72457  mean_foundation= 41.0/52  lifetime_outcomes={'won': 0, 'stalled': 0, 'truncated': 28, 'other': 0}  rss= 2501.0MB  (575s)
step    29000/1200000  eps=0.877  episodes=   29  mean_return=2040.000  mean_loss=81.68159  mean_foundation= 49.0/52  lifetime_outcomes={'won': 0, 'stalled': 0, 'truncated': 29, 'other': 0}  rss= 2507.0MB  (578s)
step    30000/1200000  eps=0.873  episodes=   30  mean_return=860.000  mean_loss=81.89632  mean_foundation=  5.0/52  lifetime_outcomes={'won': 0, 'stalled': 0, 'truncated': 30, 'other': 0}  rss= 2511.2MB  (581s)
  EVAL  step    30000  win_rate=20.50%  mean_return=2245.609  mean_foundation= 21.7/52  mean_length=914.1  (greedy, 200 fixed deals)
step    31000/1200000  eps=0.868  episodes=   31  mean_return=2040.000  mean_loss=80.43090  mean_foundation= 47.0/52  lifetime_outcomes={'won': 0, 'stalled': 0, 'truncated': 31, 'other': 0}  rss= 2515.2MB  (758s)
step    32000/1200000  eps=0.864  episodes=   32  mean_return=530.000  mean_loss=79.57002  mean_foundation=  7.0/52  lifetime_outcomes={'won': 0, 'stalled': 0, 'truncated': 32, 'other': 0}  rss= 2519.2MB  (761s)
step    33000/1200000  eps=0.860  episodes=   33  mean_return=2040.000  mean_loss=79.99595  mean_foundation= 46.0/52  lifetime_outcomes={'won': 0, 'stalled': 0, 'truncated': 33, 'other': 0}  rss= 2521.2MB  (764s)
step    34000/1200000  eps=0.855  episodes=   34  mean_return=1240.000  mean_loss=81.72568  mean_foundation= 17.0/52  lifetime_outcomes={'won': 0, 'stalled': 0, 'truncated': 34, 'other': 0}  rss= 2527.3MB  (767s)
step    35000/1200000  eps=0.851  episodes=   35  mean_return=1290.000  mean_loss=77.81253  mean_foundation= 15.0/52  lifetime_outcomes={'won': 0, 'stalled': 0, 'truncated': 35, 'other': 0}  rss= 2529.3MB  (771s)
step    36000/1200000  eps=0.847  episodes=   36  mean_return=2030.000  mean_loss=80.88868  mean_foundation= 47.0/52  lifetime_outcomes={'won': 0, 'stalled': 0, 'truncated': 36, 'other': 0}  rss= 2535.3MB  (774s)
step    37000/1200000  eps=0.843  episodes=   37  mean_return=1300.000  mean_loss=79.70064  mean_foundation= 14.0/52  lifetime_outcomes={'won': 0, 'stalled': 0, 'truncated': 37, 'other': 0}  rss= 2537.3MB  (777s)
step    38000/1200000  eps=0.839  episodes=   38  mean_return=470.000  mean_loss=76.13024  mean_foundation=  4.0/52  lifetime_outcomes={'won': 0, 'stalled': 0, 'truncated': 38, 'other': 0}  rss= 2541.3MB  (780s)
step    39000/1200000  eps=0.834  episodes=   39  mean_return=450.000  mean_loss=77.80941  mean_foundation=  2.0/52  lifetime_outcomes={'won': 0, 'stalled': 0, 'truncated': 39, 'other': 0}  rss= 2547.4MB  (783s)
step    40000/1200000  eps=0.830  episodes=   40  mean_return=7041.340  mean_loss=77.05885  mean_foundation= 52.0/52  lifetime_outcomes={'won': 1, 'stalled': 0, 'truncated': 39, 'other': 0}  rss= 2549.4MB  (787s)
  EVAL  step    40000  win_rate=12.00%  mean_return=1775.123  mean_foundation= 18.0/52  mean_length=957.7  (greedy, 200 fixed deals)
step    41000/1200000  eps=0.826  episodes=   41  mean_return=960.000  mean_loss=75.04776  mean_foundation= 12.0/52  lifetime_outcomes={'won': 1, 'stalled': 0, 'truncated': 40, 'other': 0}  rss= 2557.4MB  (969s)
step    42000/1200000  eps=0.822  episodes=   42  mean_return=1240.000  mean_loss=72.76786  mean_foundation= 13.0/52  lifetime_outcomes={'won': 1, 'stalled': 0, 'truncated': 41, 'other': 0}  rss= 2559.4MB  (972s)
step    43000/1200000  eps=0.817  episodes=   43  mean_return=1100.000  mean_loss=74.78374  mean_foundation= 16.0/52  lifetime_outcomes={'won': 1, 'stalled': 0, 'truncated': 42, 'other': 0}  rss= 2563.4MB  (975s)
step    44000/1200000  eps=0.813  episodes=   44  mean_return=1520.000  mean_loss=73.39333  mean_foundation= 24.0/52  lifetime_outcomes={'won': 1, 'stalled': 0, 'truncated': 43, 'other': 0}  rss= 2567.4MB  (978s)
step    45000/1200000  eps=0.809  episodes=   45  mean_return=7043.950  mean_loss=73.65016  mean_foundation= 52.0/52  lifetime_outcomes={'won': 2, 'stalled': 0, 'truncated': 43, 'other': 0}  rss= 2571.4MB  (981s)
step    46000/1200000  eps=0.804  episodes=   46  mean_return=1410.000  mean_loss=73.84508  mean_foundation= 26.0/52  lifetime_outcomes={'won': 2, 'stalled': 0, 'truncated': 44, 'other': 0}  rss= 2575.4MB  (984s)
step    47000/1200000  eps=0.800  episodes=   47  mean_return=1190.000  mean_loss=71.45548  mean_foundation= 10.0/52  lifetime_outcomes={'won': 2, 'stalled': 0, 'truncated': 45, 'other': 0}  rss= 2579.4MB  (987s)
step    48000/1200000  eps=0.796  episodes=   48  mean_return=600.000  mean_loss=72.74133  mean_foundation= 11.0/52  lifetime_outcomes={'won': 2, 'stalled': 0, 'truncated': 46, 'other': 0}  rss= 2585.5MB  (991s)
step    49000/1200000  eps=0.792  episodes=   49  mean_return=7043.350  mean_loss=70.07564  mean_foundation= 52.0/52  lifetime_outcomes={'won': 3, 'stalled': 0, 'truncated': 46, 'other': 0}  rss= 2587.5MB  (994s)
step    50000/1200000  eps=0.787  episodes=   50  mean_return=1230.000  mean_loss=70.17947  mean_foundation= 10.0/52  lifetime_outcomes={'won': 3, 'stalled': 0, 'truncated': 47, 'other': 0}  rss= 2591.5MB  (997s)
  EVAL  step    50000  win_rate=34.50%  mean_return=2967.053  mean_foundation= 24.6/52  mean_length=784.7  (greedy, 200 fixed deals)
step    51000/1200000  eps=0.783  episodes=   52  mean_return=4005.950  mean_loss=73.69199  mean_foundation= 30.0/52  lifetime_outcomes={'won': 4, 'stalled': 0, 'truncated': 48, 'other': 0}  rss= 2595.5MB  (1155s)
step    52000/1200000  eps=0.779  episodes=   53  mean_return=7041.120  mean_loss=68.56078  mean_foundation= 52.0/52  lifetime_outcomes={'won': 5, 'stalled': 0, 'truncated': 48, 'other': 0}  rss= 2599.5MB  (1159s)
step    53000/1200000  eps=0.775  episodes=   54  mean_return=1980.000  mean_loss=71.44520  mean_foundation= 46.0/52  lifetime_outcomes={'won': 5, 'stalled': 0, 'truncated': 49, 'other': 0}  rss= 2601.5MB  (1162s)
step    54000/1200000  eps=0.770  episodes=   56  mean_return=7044.470  mean_loss=67.96208  mean_foundation= 52.0/52  lifetime_outcomes={'won': 7, 'stalled': 0, 'truncated': 49, 'other': 0}  rss= 2607.6MB  (1165s)
step    55000/1200000  eps=0.766  episodes=   57  mean_return=650.000  mean_loss=69.40581  mean_foundation=  6.0/52  lifetime_outcomes={'won': 7, 'stalled': 0, 'truncated': 50, 'other': 0}  rss= 2611.6MB  (1168s)
step    56000/1200000  eps=0.762  episodes=   58  mean_return=7044.750  mean_loss=67.41559  mean_foundation= 52.0/52  lifetime_outcomes={'won': 8, 'stalled': 0, 'truncated': 50, 'other': 0}  rss= 2615.6MB  (1171s)
step    57000/1200000  eps=0.758  episodes=   59  mean_return=7042.350  mean_loss=68.75836  mean_foundation= 52.0/52  lifetime_outcomes={'won': 9, 'stalled': 0, 'truncated': 50, 'other': 0}  rss= 2619.6MB  (1174s)
step    58000/1200000  eps=0.754  episodes=   60  mean_return=600.000  mean_loss=66.71000  mean_foundation=  6.0/52  lifetime_outcomes={'won': 9, 'stalled': 0, 'truncated': 51, 'other': 0}  rss= 2623.6MB  (1177s)
step    59000/1200000  eps=0.749  episodes=   61  mean_return=710.000  mean_loss=67.59705  mean_foundation=  3.0/52  lifetime_outcomes={'won': 9, 'stalled': 0, 'truncated': 52, 'other': 0}  rss= 2627.7MB  (1181s)
step    60000/1200000  eps=0.745  episodes=   62  mean_return=960.000  mean_loss=64.93353  mean_foundation=  9.0/52  lifetime_outcomes={'won': 9, 'stalled': 0, 'truncated': 53, 'other': 0}  rss= 2629.7MB  (1184s)
  EVAL  step    60000  win_rate=29.00%  mean_return=2713.074  mean_foundation= 23.4/52  mean_length=882.6  (greedy, 200 fixed deals)
step    61000/1200000  eps=0.741  episodes=   64  mean_return=4001.285  mean_loss=66.16073  mean_foundation= 27.0/52  lifetime_outcomes={'won': 10, 'stalled': 0, 'truncated': 54, 'other': 0}  rss= 2640.4MB  (1357s)
step    62000/1200000  eps=0.736  episodes=   65  mean_return=1160.000  mean_loss=66.12803  mean_foundation=  8.0/52  lifetime_outcomes={'won': 10, 'stalled': 0, 'truncated': 55, 'other': 0}  rss= 2644.4MB  (1360s)
step    63000/1200000  eps=0.732  episodes=   66  mean_return=420.000  mean_loss=66.74138  mean_foundation=  5.0/52  lifetime_outcomes={'won': 10, 'stalled': 0, 'truncated': 56, 'other': 0}  rss= 2648.4MB  (1363s)
step    64000/1200000  eps=0.728  episodes=   67  mean_return=7040.640  mean_loss=66.19527  mean_foundation= 52.0/52  lifetime_outcomes={'won': 11, 'stalled': 0, 'truncated': 56, 'other': 0}  rss= 2652.4MB  (1366s)
step    65000/1200000  eps=0.724  episodes=   68  mean_return=7043.550  mean_loss=66.79338  mean_foundation= 52.0/52  lifetime_outcomes={'won': 12, 'stalled': 0, 'truncated': 56, 'other': 0}  rss= 2654.4MB  (1369s)
step    66000/1200000  eps=0.720  episodes=   69  mean_return=840.000  mean_loss=65.11591  mean_foundation= 11.0/52  lifetime_outcomes={'won': 12, 'stalled': 0, 'truncated': 57, 'other': 0}  rss= 2660.4MB  (1373s)
step    67000/1200000  eps=0.715  episodes=   70  mean_return=7044.800  mean_loss=63.30699  mean_foundation= 52.0/52  lifetime_outcomes={'won': 13, 'stalled': 0, 'truncated': 57, 'other': 0}  rss= 2662.4MB  (1376s)
step    68000/1200000  eps=0.711  episodes=   71  mean_return=880.000  mean_loss=65.56410  mean_foundation=  9.0/52  lifetime_outcomes={'won': 13, 'stalled': 0, 'truncated': 58, 'other': 0}  rss= 2668.5MB  (1379s)
step    69000/1200000  eps=0.707  episodes=   72  mean_return=490.000  mean_loss=62.51431  mean_foundation=  1.0/52  lifetime_outcomes={'won': 13, 'stalled': 0, 'truncated': 59, 'other': 0}  rss= 2670.5MB  (1382s)
step    70000/1200000  eps=0.703  episodes=   73  mean_return=550.000  mean_loss=64.36174  mean_foundation=  2.0/52  lifetime_outcomes={'won': 13, 'stalled': 0, 'truncated': 60, 'other': 0}  rss= 2674.7MB  (1385s)
  EVAL  step    70000  win_rate=35.50%  mean_return=3033.600  mean_foundation= 24.2/52  mean_length=805.0  (greedy, 200 fixed deals)
step    71000/1200000  eps=0.698  episodes=   75  mean_return=3952.375  mean_loss=62.21958  mean_foundation= 31.5/52  lifetime_outcomes={'won': 14, 'stalled': 0, 'truncated': 61, 'other': 0}  rss= 2680.7MB  (1547s)
step    72000/1200000  eps=0.694  episodes=   76  mean_return=7044.620  mean_loss=61.39701  mean_foundation= 52.0/52  lifetime_outcomes={'won': 15, 'stalled': 0, 'truncated': 61, 'other': 0}  rss= 2682.7MB  (1550s)
step    73000/1200000  eps=0.690  episodes=   77  mean_return=440.000  mean_loss=63.58070  mean_foundation=  3.0/52  lifetime_outcomes={'won': 15, 'stalled': 0, 'truncated': 62, 'other': 0}  rss= 2688.7MB  (1553s)
step    74000/1200000  eps=0.685  episodes=   79  mean_return=3861.530  mean_loss=60.81531  mean_foundation= 28.0/52  lifetime_outcomes={'won': 16, 'stalled': 0, 'truncated': 63, 'other': 0}  rss= 2690.7MB  (1556s)
step    75000/1200000  eps=0.681  episodes=   80  mean_return=1520.000  mean_loss=61.45989  mean_foundation= 15.0/52  lifetime_outcomes={'won': 16, 'stalled': 0, 'truncated': 64, 'other': 0}  rss= 2696.8MB  (1559s)
step    76000/1200000  eps=0.677  episodes=   81  mean_return=7042.640  mean_loss=62.99172  mean_foundation= 52.0/52  lifetime_outcomes={'won': 17, 'stalled': 0, 'truncated': 64, 'other': 0}  rss= 2698.8MB  (1563s)
step    77000/1200000  eps=0.673  episodes=   82  mean_return=300.000  mean_loss=61.31625  mean_foundation=  0.0/52  lifetime_outcomes={'won': 17, 'stalled': 0, 'truncated': 65, 'other': 0}  rss= 2702.8MB  (1566s)
step    78000/1200000  eps=0.668  episodes=   83  mean_return=1220.000  mean_loss=60.96846  mean_foundation= 10.0/52  lifetime_outcomes={'won': 17, 'stalled': 0, 'truncated': 66, 'other': 0}  rss= 2706.8MB  (1569s)
step    79000/1200000  eps=0.664  episodes=   85  mean_return=7043.490  mean_loss=61.99521  mean_foundation= 52.0/52  lifetime_outcomes={'won': 19, 'stalled': 0, 'truncated': 66, 'other': 0}  rss= 2710.8MB  (1572s)
step    80000/1200000  eps=0.660  episodes=   86  mean_return=1250.000  mean_loss=60.60925  mean_foundation=  7.0/52  lifetime_outcomes={'won': 19, 'stalled': 0, 'truncated': 67, 'other': 0}  rss= 2714.8MB  (1576s)
  EVAL  step    80000  win_rate=34.00%  mean_return=2962.271  mean_foundation= 24.5/52  mean_length=797.9  (greedy, 200 fixed deals)
step    81000/1200000  eps=0.656  episodes=   87  mean_return=7045.310  mean_loss=60.66081  mean_foundation= 52.0/52  lifetime_outcomes={'won': 20, 'stalled': 0, 'truncated': 67, 'other': 0}  rss= 2718.8MB  (1731s)
step    82000/1200000  eps=0.651  episodes=   88  mean_return=7042.520  mean_loss=59.13639  mean_foundation= 52.0/52  lifetime_outcomes={'won': 21, 'stalled': 0, 'truncated': 67, 'other': 0}  rss= 2722.9MB  (1734s)
step    83000/1200000  eps=0.647  episodes=   89  mean_return=1500.000  mean_loss=60.29461  mean_foundation= 32.0/52  lifetime_outcomes={'won': 21, 'stalled': 0, 'truncated': 68, 'other': 0}  rss= 2726.9MB  (1738s)
step    84000/1200000  eps=0.643  episodes=   91  mean_return=4016.910  mean_loss=60.29755  mean_foundation= 30.5/52  lifetime_outcomes={'won': 22, 'stalled': 0, 'truncated': 69, 'other': 0}  rss= 2730.9MB  (1741s)
step    85000/1200000  eps=0.639  episodes=   93  mean_return=7044.735  mean_loss=60.69504  mean_foundation= 52.0/52  lifetime_outcomes={'won': 24, 'stalled': 0, 'truncated': 69, 'other': 0}  rss= 2734.9MB  (1744s)
step    86000/1200000  eps=0.635  episodes=   95  mean_return=7044.390  mean_loss=59.73903  mean_foundation= 52.0/52  lifetime_outcomes={'won': 26, 'stalled': 0, 'truncated': 69, 'other': 0}  rss= 2738.9MB  (1747s)
step    87000/1200000  eps=0.630  episodes=   96  mean_return=1300.000  mean_loss=62.65078  mean_foundation= 16.0/52  lifetime_outcomes={'won': 26, 'stalled': 0, 'truncated': 70, 'other': 0}  rss= 2742.9MB  (1750s)
step    88000/1200000  eps=0.626  episodes=   97  mean_return=890.000  mean_loss=59.89157  mean_foundation=  6.0/52  lifetime_outcomes={'won': 26, 'stalled': 0, 'truncated': 71, 'other': 0}  rss= 2747.0MB  (1754s)
step    89000/1200000  eps=0.622  episodes=   98  mean_return=7041.210  mean_loss=59.79552  mean_foundation= 52.0/52  lifetime_outcomes={'won': 27, 'stalled': 0, 'truncated': 71, 'other': 0}  rss= 2751.0MB  (1757s)
step    90000/1200000  eps=0.617  episodes=   99  mean_return=1120.000  mean_loss=58.47590  mean_foundation= 10.0/52  lifetime_outcomes={'won': 27, 'stalled': 0, 'truncated': 72, 'other': 0}  rss= 2755.0MB  (1760s)
  EVAL  step    90000  win_rate=22.50%  mean_return=2382.250  mean_foundation= 21.9/52  mean_length=915.0  (greedy, 200 fixed deals)
step    91000/1200000  eps=0.613  episodes=  100  mean_return=7044.450  mean_loss=60.00463  mean_foundation= 52.0/52  lifetime_outcomes={'won': 28, 'stalled': 0, 'truncated': 72, 'other': 0}  rss= 2759.0MB  (1936s)
step    92000/1200000  eps=0.609  episodes=  101  mean_return=1030.000  mean_loss=59.05369  mean_foundation=  2.0/52  lifetime_outcomes={'won': 28, 'stalled': 0, 'truncated': 73, 'other': 0}  rss= 2761.0MB  (1939s)
step    93000/1200000  eps=0.605  episodes=  103  mean_return=3787.850  mean_loss=58.55283  mean_foundation= 28.5/52  lifetime_outcomes={'won': 29, 'stalled': 0, 'truncated': 74, 'other': 0}  rss= 2767.0MB  (1943s)
step    94000/1200000  eps=0.601  episodes=  104  mean_return=7042.820  mean_loss=59.66465  mean_foundation= 52.0/52  lifetime_outcomes={'won': 30, 'stalled': 0, 'truncated': 74, 'other': 0}  rss= 2771.1MB  (1946s)
step    95000/1200000  eps=0.596  episodes=  105  mean_return=1050.000  mean_loss=59.15520  mean_foundation= 10.0/52  lifetime_outcomes={'won': 30, 'stalled': 0, 'truncated': 75, 'other': 0}  rss= 2775.1MB  (1949s)
step    96000/1200000  eps=0.592  episodes=  107  mean_return=7042.735  mean_loss=58.47418  mean_foundation= 52.0/52  lifetime_outcomes={'won': 32, 'stalled': 0, 'truncated': 75, 'other': 0}  rss= 2779.1MB  (1952s)
step    97000/1200000  eps=0.588  episodes=  108  mean_return=7045.350  mean_loss=58.99257  mean_foundation= 52.0/52  lifetime_outcomes={'won': 33, 'stalled': 0, 'truncated': 75, 'other': 0}  rss= 2781.1MB  (1956s)
step    98000/1200000  eps=0.584  episodes=  110  mean_return=7043.565  mean_loss=59.14224  mean_foundation= 52.0/52  lifetime_outcomes={'won': 35, 'stalled': 0, 'truncated': 75, 'other': 0}  rss= 2787.1MB  (1959s)
step    99000/1200000  eps=0.579  episodes=  111  mean_return=840.000  mean_loss=61.81078  mean_foundation=  5.0/52  lifetime_outcomes={'won': 35, 'stalled': 0, 'truncated': 76, 'other': 0}  rss= 2789.1MB  (1962s)
step   100000/1200000  eps=0.575  episodes=  112  mean_return=1620.000  mean_loss=59.46011  mean_foundation= 34.0/52  lifetime_outcomes={'won': 35, 'stalled': 0, 'truncated': 77, 'other': 0}  rss= 2795.1MB  (1966s)
  EVAL  step   100000  win_rate=30.00%  mean_return=2747.629  mean_foundation= 22.9/52  mean_length=822.1  (greedy, 200 fixed deals)
step   101000/1200000  eps=0.571  episodes=  113  mean_return=1290.000  mean_loss=59.07567  mean_foundation=  3.0/52  lifetime_outcomes={'won': 35, 'stalled': 0, 'truncated': 78, 'other': 0}  rss= 2799.2MB  (2128s)
step   102000/1200000  eps=0.567  episodes=  114  mean_return=1360.000  mean_loss=59.01416  mean_foundation= 12.0/52  lifetime_outcomes={'won': 35, 'stalled': 0, 'truncated': 79, 'other': 0}  rss= 2803.2MB  (2131s)
step   103000/1200000  eps=0.562  episodes=  115  mean_return=560.000  mean_loss=60.14689  mean_foundation=  2.0/52  lifetime_outcomes={'won': 35, 'stalled': 0, 'truncated': 80, 'other': 0}  rss= 2807.2MB  (2134s)
step   104000/1200000  eps=0.558  episodes=  117  mean_return=7045.610  mean_loss=60.84178  mean_foundation= 52.0/52  lifetime_outcomes={'won': 37, 'stalled': 0, 'truncated': 80, 'other': 0}  rss= 2809.2MB  (2138s)
step   105000/1200000  eps=0.554  episodes=  118  mean_return=7043.210  mean_loss=58.78430  mean_foundation= 52.0/52  lifetime_outcomes={'won': 38, 'stalled': 0, 'truncated': 80, 'other': 0}  rss= 2815.2MB  (2141s)
step   106000/1200000  eps=0.549  episodes=  119  mean_return=200.000  mean_loss=59.27335  mean_foundation=  6.0/52  lifetime_outcomes={'won': 38, 'stalled': 0, 'truncated': 81, 'other': 0}  rss= 2817.2MB  (2144s)
step   107000/1200000  eps=0.545  episodes=  120  mean_return=400.000  mean_loss=59.78998  mean_foundation=  4.0/52  lifetime_outcomes={'won': 38, 'stalled': 0, 'truncated': 82, 'other': 0}  rss= 2821.2MB  (2147s)
step   108000/1200000  eps=0.541  episodes=  121  mean_return=980.000  mean_loss=57.22821  mean_foundation=  6.0/52  lifetime_outcomes={'won': 38, 'stalled': 0, 'truncated': 83, 'other': 0}  rss= 2825.3MB  (2150s)
step   109000/1200000  eps=0.537  episodes=  122  mean_return=1190.000  mean_loss=57.57658  mean_foundation= 12.0/52  lifetime_outcomes={'won': 38, 'stalled': 0, 'truncated': 84, 'other': 0}  rss= 2829.3MB  (2153s)
step   110000/1200000  eps=0.532  episodes=  123  mean_return=1150.000  mean_loss=58.10779  mean_foundation= 10.0/52  lifetime_outcomes={'won': 38, 'stalled': 0, 'truncated': 85, 'other': 0}  rss= 2833.3MB  (2157s)
  EVAL  step   110000  win_rate=18.00%  mean_return=2129.402  mean_foundation= 20.0/52  mean_length=934.8  (greedy, 200 fixed deals)
step   111000/1200000  eps=0.528  episodes=  125  mean_return=4133.125  mean_loss=56.55887  mean_foundation= 32.5/52  lifetime_outcomes={'won': 39, 'stalled': 0, 'truncated': 86, 'other': 0}  rss= 2837.3MB  (2340s)
step   112000/1200000  eps=0.524  episodes=  126  mean_return=1230.000  mean_loss=57.34835  mean_foundation=  5.0/52  lifetime_outcomes={'won': 39, 'stalled': 0, 'truncated': 87, 'other': 0}  rss= 2843.3MB  (2343s)
step   113000/1200000  eps=0.520  episodes=  127  mean_return=640.000  mean_loss=57.67797  mean_foundation=  1.0/52  lifetime_outcomes={'won': 39, 'stalled': 0, 'truncated': 88, 'other': 0}  rss= 2845.4MB  (2347s)
step   114000/1200000  eps=0.516  episodes=  130  mean_return=7046.157  mean_loss=58.77130  mean_foundation= 52.0/52  lifetime_outcomes={'won': 42, 'stalled': 0, 'truncated': 88, 'other': 0}  rss= 2849.4MB  (2350s)
step   115000/1200000  eps=0.511  episodes=  131  mean_return=7046.190  mean_loss=58.61731  mean_foundation= 52.0/52  lifetime_outcomes={'won': 43, 'stalled': 0, 'truncated': 88, 'other': 0}  rss= 2853.4MB  (2353s)
step   116000/1200000  eps=0.507  episodes=  133  mean_return=4366.295  mean_loss=58.60297  mean_foundation= 41.5/52  lifetime_outcomes={'won': 44, 'stalled': 0, 'truncated': 89, 'other': 0}  rss= 2857.4MB  (2356s)
step   117000/1200000  eps=0.503  episodes=  134  mean_return=1700.000  mean_loss=59.50816  mean_foundation= 38.0/52  lifetime_outcomes={'won': 44, 'stalled': 0, 'truncated': 90, 'other': 0}  rss= 2861.4MB  (2359s)
step   118000/1200000  eps=0.499  episodes=  135  mean_return=390.000  mean_loss=57.58267  mean_foundation=  3.0/52  lifetime_outcomes={'won': 44, 'stalled': 0, 'truncated': 91, 'other': 0}  rss= 2865.4MB  (2363s)
step   119000/1200000  eps=0.494  episodes=  136  mean_return=640.000  mean_loss=59.16573  mean_foundation=  4.0/52  lifetime_outcomes={'won': 44, 'stalled': 0, 'truncated': 92, 'other': 0}  rss= 2869.5MB  (2366s)
step   120000/1200000  eps=0.490  episodes=  137  mean_return=240.000  mean_loss=56.23855  mean_foundation=  6.0/52  lifetime_outcomes={'won': 44, 'stalled': 0, 'truncated': 93, 'other': 0}  rss= 2873.5MB  (2369s)
  EVAL  step   120000  win_rate=31.00%  mean_return=2796.133  mean_foundation= 23.4/52  mean_length=836.7  (greedy, 200 fixed deals)
step   121000/1200000  eps=0.486  episodes=  138  mean_return=1080.000  mean_loss=58.54453  mean_foundation=  6.0/52  lifetime_outcomes={'won': 44, 'stalled': 0, 'truncated': 94, 'other': 0}  rss= 2877.5MB  (2535s)
step   122000/1200000  eps=0.482  episodes=  139  mean_return=1350.000  mean_loss=57.13726  mean_foundation= 22.0/52  lifetime_outcomes={'won': 44, 'stalled': 0, 'truncated': 95, 'other': 0}  rss= 2881.5MB  (2538s)
step   123000/1200000  eps=0.477  episodes=  140  mean_return=7046.590  mean_loss=56.93714  mean_foundation= 52.0/52  lifetime_outcomes={'won': 45, 'stalled': 0, 'truncated': 95, 'other': 0}  rss= 2885.5MB  (2541s)
step   124000/1200000  eps=0.473  episodes=  141  mean_return=870.000  mean_loss=56.50398  mean_foundation=  9.0/52  lifetime_outcomes={'won': 45, 'stalled': 0, 'truncated': 96, 'other': 0}  rss= 2887.5MB  (2545s)
step   125000/1200000  eps=0.469  episodes=  142  mean_return=810.000  mean_loss=56.99494  mean_foundation=  7.0/52  lifetime_outcomes={'won': 45, 'stalled': 0, 'truncated': 97, 'other': 0}  rss= 2893.6MB  (2548s)
step   126000/1200000  eps=0.465  episodes=  143  mean_return=730.000  mean_loss=56.10078  mean_foundation=  7.0/52  lifetime_outcomes={'won': 45, 'stalled': 0, 'truncated': 98, 'other': 0}  rss= 2897.6MB  (2551s)
step   127000/1200000  eps=0.460  episodes=  145  mean_return=4057.490  mean_loss=56.15746  mean_foundation= 33.5/52  lifetime_outcomes={'won': 46, 'stalled': 0, 'truncated': 99, 'other': 0}  rss= 2901.6MB  (2555s)
step   128000/1200000  eps=0.456  episodes=  146  mean_return=750.000  mean_loss=54.85748  mean_foundation=  6.0/52  lifetime_outcomes={'won': 46, 'stalled': 0, 'truncated': 100, 'other': 0}  rss= 2905.6MB  (2558s)
step   129000/1200000  eps=0.452  episodes=  147  mean_return=260.000  mean_loss=55.68319  mean_foundation=  6.0/52  lifetime_outcomes={'won': 46, 'stalled': 0, 'truncated': 101, 'other': 0}  rss= 2909.6MB  (2561s)
step   130000/1200000  eps=0.448  episodes=  148  mean_return=600.000  mean_loss=56.35837  mean_foundation=  4.0/52  lifetime_outcomes={'won': 46, 'stalled': 0, 'truncated': 102, 'other': 0}  rss= 2913.6MB  (2565s)
  EVAL  step   130000  win_rate=31.50%  mean_return=2830.242  mean_foundation= 23.4/52  mean_length=845.8  (greedy, 200 fixed deals)
step   131000/1200000  eps=0.443  episodes=  149  mean_return=750.000  mean_loss=55.13867  mean_foundation=  4.0/52  lifetime_outcomes={'won': 46, 'stalled': 0, 'truncated': 103, 'other': 0}  rss= 2915.7MB  (2731s)
step   132000/1200000  eps=0.439  episodes=  151  mean_return=7044.700  mean_loss=55.96844  mean_foundation= 52.0/52  lifetime_outcomes={'won': 48, 'stalled': 0, 'truncated': 103, 'other': 0}  rss= 2921.7MB  (2735s)
step   133000/1200000  eps=0.435  episodes=  153  mean_return=7046.180  mean_loss=57.29355  mean_foundation= 52.0/52  lifetime_outcomes={'won': 50, 'stalled': 0, 'truncated': 103, 'other': 0}  rss= 2925.7MB  (2738s)
step   134000/1200000  eps=0.430  episodes=  154  mean_return=530.000  mean_loss=55.14022  mean_foundation= 10.0/52  lifetime_outcomes={'won': 50, 'stalled': 0, 'truncated': 104, 'other': 0}  rss= 2929.7MB  (2741s)
step   135000/1200000  eps=0.426  episodes=  156  mean_return=3883.775  mean_loss=57.07545  mean_foundation= 28.0/52  lifetime_outcomes={'won': 51, 'stalled': 0, 'truncated': 105, 'other': 0}  rss= 2933.7MB  (2745s)
step   136000/1200000  eps=0.422  episodes=  158  mean_return=7043.940  mean_loss=55.66804  mean_foundation= 52.0/52  lifetime_outcomes={'won': 53, 'stalled': 0, 'truncated': 105, 'other': 0}  rss= 2935.7MB  (2749s)
step   137000/1200000  eps=0.418  episodes=  159  mean_return=900.000  mean_loss=56.18724  mean_foundation= 18.0/52  lifetime_outcomes={'won': 53, 'stalled': 0, 'truncated': 106, 'other': 0}  rss= 2941.8MB  (2752s)
step   138000/1200000  eps=0.414  episodes=  160  mean_return=970.000  mean_loss=55.68563  mean_foundation=  7.0/52  lifetime_outcomes={'won': 53, 'stalled': 0, 'truncated': 107, 'other': 0}  rss= 2943.8MB  (2756s)
step   139000/1200000  eps=0.409  episodes=  161  mean_return=970.000  mean_loss=55.28685  mean_foundation= 14.0/52  lifetime_outcomes={'won': 53, 'stalled': 0, 'truncated': 108, 'other': 0}  rss= 2949.8MB  (2759s)
step   140000/1200000  eps=0.405  episodes=  162  mean_return=7046.640  mean_loss=56.83812  mean_foundation= 52.0/52  lifetime_outcomes={'won': 54, 'stalled': 0, 'truncated': 108, 'other': 0}  rss= 2951.8MB  (2763s)
  EVAL  step   140000  win_rate=28.50%  mean_return=2640.250  mean_foundation= 22.0/52  mean_length=845.0  (greedy, 200 fixed deals)
step   141000/1200000  eps=0.401  episodes=  163  mean_return=780.000  mean_loss=56.07918  mean_foundation=  5.0/52  lifetime_outcomes={'won': 54, 'stalled': 0, 'truncated': 109, 'other': 0}  rss= 2955.8MB  (2928s)
step   142000/1200000  eps=0.397  episodes=  164  mean_return=880.000  mean_loss=55.72924  mean_foundation= 15.0/52  lifetime_outcomes={'won': 54, 'stalled': 0, 'truncated': 110, 'other': 0}  rss= 2959.8MB  (2931s)
step   143000/1200000  eps=0.392  episodes=  166  mean_return=7042.920  mean_loss=55.16197  mean_foundation= 52.0/52  lifetime_outcomes={'won': 56, 'stalled': 0, 'truncated': 110, 'other': 0}  rss= 2963.9MB  (2935s)
step   144000/1200000  eps=0.388  episodes=  167  mean_return=800.000  mean_loss=54.51134  mean_foundation=  5.0/52  lifetime_outcomes={'won': 56, 'stalled': 0, 'truncated': 111, 'other': 0}  rss= 2969.9MB  (2938s)
step   145000/1200000  eps=0.384  episodes=  168  mean_return=870.000  mean_loss=54.82245  mean_foundation=  7.0/52  lifetime_outcomes={'won': 56, 'stalled': 0, 'truncated': 112, 'other': 0}  rss= 2971.9MB  (2942s)
step   146000/1200000  eps=0.380  episodes=  169  mean_return=820.000  mean_loss=54.54676  mean_foundation=  5.0/52  lifetime_outcomes={'won': 56, 'stalled': 0, 'truncated': 113, 'other': 0}  rss= 2975.9MB  (2945s)
step   147000/1200000  eps=0.375  episodes=  171  mean_return=7045.575  mean_loss=54.19854  mean_foundation= 52.0/52  lifetime_outcomes={'won': 58, 'stalled': 0, 'truncated': 113, 'other': 0}  rss= 2979.9MB  (2949s)
step   148000/1200000  eps=0.371  episodes=  172  mean_return=7044.060  mean_loss=53.96108  mean_foundation= 52.0/52  lifetime_outcomes={'won': 59, 'stalled': 0, 'truncated': 113, 'other': 0}  rss= 2983.9MB  (2952s)
step   149000/1200000  eps=0.367  episodes=  174  mean_return=4153.135  mean_loss=52.93664  mean_foundation= 32.5/52  lifetime_outcomes={'won': 60, 'stalled': 0, 'truncated': 114, 'other': 0}  rss= 2988.0MB  (2955s)
step   150000/1200000  eps=0.363  episodes=  175  mean_return=7045.540  mean_loss=52.27220  mean_foundation= 52.0/52  lifetime_outcomes={'won': 61, 'stalled': 0, 'truncated': 114, 'other': 0}  rss= 2992.0MB  (2959s)
  EVAL  step   150000  win_rate=25.50%  mean_return=2466.083  mean_foundation= 22.1/52  mean_length=856.7  (greedy, 200 fixed deals)
step   151000/1200000  eps=0.358  episodes=  176  mean_return=1450.000  mean_loss=54.25518  mean_foundation= 18.0/52  lifetime_outcomes={'won': 61, 'stalled': 0, 'truncated': 115, 'other': 0}  rss= 2996.0MB  (3128s)
step   152000/1200000  eps=0.354  episodes=  178  mean_return=3796.750  mean_loss=54.24278  mean_foundation= 26.5/52  lifetime_outcomes={'won': 62, 'stalled': 0, 'truncated': 116, 'other': 0}  rss= 3000.0MB  (3131s)
step   153000/1200000  eps=0.350  episodes=  180  mean_return=7044.755  mean_loss=53.88399  mean_foundation= 52.0/52  lifetime_outcomes={'won': 64, 'stalled': 0, 'truncated': 116, 'other': 0}  rss= 3004.0MB  (3135s)
step   154000/1200000  eps=0.346  episodes=  181  mean_return=730.000  mean_loss=52.50846  mean_foundation=  6.0/52  lifetime_outcomes={'won': 64, 'stalled': 0, 'truncated': 117, 'other': 0}  rss= 3008.0MB  (3138s)
step   155000/1200000  eps=0.341  episodes=  182  mean_return=7044.940  mean_loss=52.63057  mean_foundation= 52.0/52  lifetime_outcomes={'won': 65, 'stalled': 0, 'truncated': 117, 'other': 0}  rss= 3012.0MB  (3142s)
step   156000/1200000  eps=0.337  episodes=  183  mean_return=650.000  mean_loss=52.14373  mean_foundation=  5.0/52  lifetime_outcomes={'won': 65, 'stalled': 0, 'truncated': 118, 'other': 0}  rss= 3016.1MB  (3145s)
step   157000/1200000  eps=0.333  episodes=  185  mean_return=3917.315  mean_loss=53.20042  mean_foundation= 31.0/52  lifetime_outcomes={'won': 66, 'stalled': 0, 'truncated': 119, 'other': 0}  rss= 3020.1MB  (3149s)
step   158000/1200000  eps=0.329  episodes=  186  mean_return=190.000  mean_loss=51.74623  mean_foundation=  5.0/52  lifetime_outcomes={'won': 66, 'stalled': 0, 'truncated': 120, 'other': 0}  rss= 3024.1MB  (3152s)
step   159000/1200000  eps=0.324  episodes=  187  mean_return=1220.000  mean_loss=52.44506  mean_foundation= 17.0/52  lifetime_outcomes={'won': 66, 'stalled': 0, 'truncated': 121, 'other': 0}  rss= 3028.1MB  (3156s)
step   160000/1200000  eps=0.320  episodes=  189  mean_return=7024.575  mean_loss=52.98432  mean_foundation= 52.0/52  lifetime_outcomes={'won': 68, 'stalled': 0, 'truncated': 121, 'other': 0}  rss= 3032.1MB  (3159s)
  EVAL  step   160000  win_rate=30.50%  mean_return=2770.287  mean_foundation= 23.1/52  mean_length=846.3  (greedy, 200 fixed deals)
step   161000/1200000  eps=0.316  episodes=  190  mean_return=7044.970  mean_loss=53.05998  mean_foundation= 52.0/52  lifetime_outcomes={'won': 69, 'stalled': 0, 'truncated': 121, 'other': 0}  rss= 3036.2MB  (3326s)
step   162000/1200000  eps=0.311  episodes=  191  mean_return=340.000  mean_loss=53.45529  mean_foundation=  3.0/52  lifetime_outcomes={'won': 69, 'stalled': 0, 'truncated': 122, 'other': 0}  rss= 3040.2MB  (3330s)
step   163000/1200000  eps=0.307  episodes=  192  mean_return=880.000  mean_loss=52.95864  mean_foundation=  8.0/52  lifetime_outcomes={'won': 69, 'stalled': 0, 'truncated': 123, 'other': 0}  rss= 3042.2MB  (3333s)
step   164000/1200000  eps=0.303  episodes=  194  mean_return=3788.315  mean_loss=53.49705  mean_foundation= 29.0/52  lifetime_outcomes={'won': 70, 'stalled': 0, 'truncated': 124, 'other': 0}  rss= 3048.2MB  (3337s)
step   165000/1200000  eps=0.299  episodes=  195  mean_return=1140.000  mean_loss=51.19975  mean_foundation= 10.0/52  lifetime_outcomes={'won': 70, 'stalled': 0, 'truncated': 125, 'other': 0}  rss= 3052.2MB  (3340s)
step   166000/1200000  eps=0.295  episodes=  196  mean_return=7046.700  mean_loss=51.95371  mean_foundation= 52.0/52  lifetime_outcomes={'won': 71, 'stalled': 0, 'truncated': 125, 'other': 0}  rss= 3056.2MB  (3344s)
step   167000/1200000  eps=0.290  episodes=  198  mean_return=3827.800  mean_loss=51.02701  mean_foundation= 29.5/52  lifetime_outcomes={'won': 72, 'stalled': 0, 'truncated': 126, 'other': 0}  rss= 3060.2MB  (3347s)
step   168000/1200000  eps=0.286  episodes=  199  mean_return=400.000  mean_loss=50.46586  mean_foundation= 11.0/52  lifetime_outcomes={'won': 72, 'stalled': 0, 'truncated': 127, 'other': 0}  rss= 3062.2MB  (3350s)
step   169000/1200000  eps=0.282  episodes=  200  mean_return=700.000  mean_loss=50.20000  mean_foundation=  9.0/52  lifetime_outcomes={'won': 72, 'stalled': 0, 'truncated': 128, 'other': 0}  rss= 3068.3MB  (3354s)
step   170000/1200000  eps=0.278  episodes=  202  mean_return=4407.505  mean_loss=50.48862  mean_foundation= 46.0/52  lifetime_outcomes={'won': 73, 'stalled': 0, 'truncated': 129, 'other': 0}  rss= 3070.3MB  (3357s)
  EVAL  step   170000  win_rate=22.00%  mean_return=2352.264  mean_foundation= 21.5/52  mean_length=923.6  (greedy, 200 fixed deals)
step   171000/1200000  eps=0.273  episodes=  203  mean_return=1710.000  mean_loss=51.17626  mean_foundation= 29.0/52  lifetime_outcomes={'won': 73, 'stalled': 0, 'truncated': 130, 'other': 0}  rss= 3076.3MB  (3540s)
step   172000/1200000  eps=0.269  episodes=  204  mean_return=380.000  mean_loss=50.34028  mean_foundation=  8.0/52  lifetime_outcomes={'won': 73, 'stalled': 0, 'truncated': 131, 'other': 0}  rss= 3078.3MB  (3544s)
step   173000/1200000  eps=0.265  episodes=  205  mean_return=530.000  mean_loss=50.85242  mean_foundation=  8.0/52  lifetime_outcomes={'won': 73, 'stalled': 0, 'truncated': 132, 'other': 0}  rss= 3082.3MB  (3547s)
step   174000/1200000  eps=0.261  episodes=  206  mean_return=400.000  mean_loss=49.98287  mean_foundation=  4.0/52  lifetime_outcomes={'won': 73, 'stalled': 0, 'truncated': 133, 'other': 0}  rss= 3086.4MB  (3550s)
step   175000/1200000  eps=0.256  episodes=  207  mean_return=810.000  mean_loss=49.28068  mean_foundation=  9.0/52  lifetime_outcomes={'won': 73, 'stalled': 0, 'truncated': 134, 'other': 0}  rss= 3090.4MB  (3554s)
step   176000/1200000  eps=0.252  episodes=  208  mean_return=550.000  mean_loss=48.99880  mean_foundation=  4.0/52  lifetime_outcomes={'won': 73, 'stalled': 0, 'truncated': 135, 'other': 0}  rss= 3096.4MB  (3558s)
step   177000/1200000  eps=0.248  episodes=  209  mean_return=870.000  mean_loss=46.38669  mean_foundation= 14.0/52  lifetime_outcomes={'won': 73, 'stalled': 0, 'truncated': 136, 'other': 0}  rss= 3098.4MB  (3561s)
step   178000/1200000  eps=0.244  episodes=  210  mean_return=940.000  mean_loss=47.69366  mean_foundation= 11.0/52  lifetime_outcomes={'won': 73, 'stalled': 0, 'truncated': 137, 'other': 0}  rss= 3102.4MB  (3564s)
step   179000/1200000  eps=0.239  episodes=  211  mean_return=1610.000  mean_loss=48.06414  mean_foundation= 22.0/52  lifetime_outcomes={'won': 73, 'stalled': 0, 'truncated': 138, 'other': 0}  rss= 3106.5MB  (3568s)
step   180000/1200000  eps=0.235  episodes=  213  mean_return=7045.585  mean_loss=48.19881  mean_foundation= 52.0/52  lifetime_outcomes={'won': 75, 'stalled': 0, 'truncated': 138, 'other': 0}  rss= 3110.5MB  (3571s)
  EVAL  step   180000  win_rate=37.00%  mean_return=3194.992  mean_foundation= 27.0/52  mean_length=815.8  (greedy, 200 fixed deals)
step   181000/1200000  eps=0.231  episodes=  214  mean_return=7047.110  mean_loss=47.20366  mean_foundation= 52.0/52  lifetime_outcomes={'won': 76, 'stalled': 0, 'truncated': 138, 'other': 0}  rss= 3114.5MB  (3733s)
step   182000/1200000  eps=0.227  episodes=  216  mean_return=3947.745  mean_loss=50.63051  mean_foundation= 34.5/52  lifetime_outcomes={'won': 77, 'stalled': 0, 'truncated': 139, 'other': 0}  rss= 3118.5MB  (3737s)
step   183000/1200000  eps=0.222  episodes=  217  mean_return=840.000  mean_loss=48.00956  mean_foundation=  7.0/52  lifetime_outcomes={'won': 77, 'stalled': 0, 'truncated': 140, 'other': 0}  rss= 3124.6MB  (3741s)
step   184000/1200000  eps=0.218  episodes=  218  mean_return=7045.680  mean_loss=48.73063  mean_foundation= 52.0/52  lifetime_outcomes={'won': 78, 'stalled': 0, 'truncated': 140, 'other': 0}  rss= 3126.6MB  (3744s)
step   185000/1200000  eps=0.214  episodes=  221  mean_return=4913.633  mean_loss=50.55489  mean_foundation= 35.7/52  lifetime_outcomes={'won': 80, 'stalled': 0, 'truncated': 141, 'other': 0}  rss= 3130.6MB  (3748s)
step   186000/1200000  eps=0.210  episodes=  222  mean_return=710.000  mean_loss=50.41148  mean_foundation= 10.0/52  lifetime_outcomes={'won': 80, 'stalled': 0, 'truncated': 142, 'other': 0}  rss= 3134.6MB  (3751s)
step   187000/1200000  eps=0.205  episodes=  224  mean_return=7026.055  mean_loss=49.62799  mean_foundation= 52.0/52  lifetime_outcomes={'won': 82, 'stalled': 0, 'truncated': 142, 'other': 0}  rss= 3138.7MB  (3755s)
step   188000/1200000  eps=0.201  episodes=  225  mean_return=7045.140  mean_loss=47.83435  mean_foundation= 52.0/52  lifetime_outcomes={'won': 83, 'stalled': 0, 'truncated': 142, 'other': 0}  rss= 3142.7MB  (3758s)
step   189000/1200000  eps=0.197  episodes=  226  mean_return=880.000  mean_loss=47.88227  mean_foundation=  8.0/52  lifetime_outcomes={'won': 83, 'stalled': 0, 'truncated': 143, 'other': 0}  rss= 3146.7MB  (3762s)
step   190000/1200000  eps=0.193  episodes=  228  mean_return=4141.255  mean_loss=46.75973  mean_foundation= 29.0/52  lifetime_outcomes={'won': 84, 'stalled': 0, 'truncated': 144, 'other': 0}  rss= 3150.7MB  (3765s)
  EVAL  step   190000  win_rate=31.00%  mean_return=2811.927  mean_foundation= 24.7/52  mean_length=827.3  (greedy, 200 fixed deals)
step   191000/1200000  eps=0.188  episodes=  229  mean_return=670.000  mean_loss=49.26512  mean_foundation= 13.0/52  lifetime_outcomes={'won': 84, 'stalled': 0, 'truncated': 145, 'other': 0}  rss= 3154.8MB  (3929s)
step   192000/1200000  eps=0.184  episodes=  230  mean_return=610.000  mean_loss=47.47262  mean_foundation=  4.0/52  lifetime_outcomes={'won': 84, 'stalled': 0, 'truncated': 146, 'other': 0}  rss= 3158.9MB  (3933s)
step   193000/1200000  eps=0.180  episodes=  231  mean_return=810.000  mean_loss=47.65679  mean_foundation= 12.0/52  lifetime_outcomes={'won': 84, 'stalled': 0, 'truncated': 147, 'other': 0}  rss= 3162.9MB  (3936s)
step   194000/1200000  eps=0.175  episodes=  232  mean_return=1060.000  mean_loss=47.08560  mean_foundation=  8.0/52  lifetime_outcomes={'won': 84, 'stalled': 0, 'truncated': 148, 'other': 0}  rss= 3167.0MB  (3940s)
step   195000/1200000  eps=0.171  episodes=  233  mean_return=7045.840  mean_loss=50.27382  mean_foundation= 52.0/52  lifetime_outcomes={'won': 85, 'stalled': 0, 'truncated': 148, 'other': 0}  rss= 3169.0MB  (3943s)
step   196000/1200000  eps=0.167  episodes=  235  mean_return=3542.240  mean_loss=48.67020  mean_foundation= 28.5/52  lifetime_outcomes={'won': 86, 'stalled': 0, 'truncated': 149, 'other': 0}  rss= 3175.0MB  (3947s)
step   197000/1200000  eps=0.163  episodes=  236  mean_return=7047.770  mean_loss=47.70296  mean_foundation= 52.0/52  lifetime_outcomes={'won': 87, 'stalled': 0, 'truncated': 149, 'other': 0}  rss= 3177.0MB  (3951s)
step   198000/1200000  eps=0.158  episodes=  238  mean_return=3811.375  mean_loss=49.24320  mean_foundation= 28.0/52  lifetime_outcomes={'won': 88, 'stalled': 0, 'truncated': 150, 'other': 0}  rss= 3181.5MB  (3954s)
step   199000/1200000  eps=0.154  episodes=  239  mean_return=1190.000  mean_loss=47.81926  mean_foundation= 21.0/52  lifetime_outcomes={'won': 88, 'stalled': 0, 'truncated': 151, 'other': 0}  rss= 3184.0MB  (3958s)
step   200000/1200000  eps=0.150  episodes=  240  mean_return=1350.000  mean_loss=47.97206  mean_foundation= 22.0/52  lifetime_outcomes={'won': 88, 'stalled': 0, 'truncated': 152, 'other': 0}  rss= 3186.2MB  (3961s)
  EVAL  step   200000  win_rate=33.50%  mean_return=2945.827  mean_foundation= 25.3/52  mean_length=822.3  (greedy, 200 fixed deals)
step   201000/1200000  eps=0.150  episodes=  241  mean_return=7046.310  mean_loss=47.30085  mean_foundation= 52.0/52  lifetime_outcomes={'won': 89, 'stalled': 0, 'truncated': 152, 'other': 0}  rss= 3186.2MB  (4122s)
step   202000/1200000  eps=0.150  episodes=  242  mean_return=560.000  mean_loss=47.84527  mean_foundation= 10.0/52  lifetime_outcomes={'won': 89, 'stalled': 0, 'truncated': 153, 'other': 0}  rss= 3186.2MB  (4126s)
step   203000/1200000  eps=0.150  episodes=  243  mean_return=1180.000  mean_loss=47.51654  mean_foundation= 11.0/52  lifetime_outcomes={'won': 89, 'stalled': 0, 'truncated': 154, 'other': 0}  rss= 3186.2MB  (4129s)
step   204000/1200000  eps=0.150  episodes=  245  mean_return=4131.755  mean_loss=47.64521  mean_foundation= 33.5/52  lifetime_outcomes={'won': 90, 'stalled': 0, 'truncated': 155, 'other': 0}  rss= 3186.2MB  (4133s)
step   205000/1200000  eps=0.150  episodes=  246  mean_return=7046.520  mean_loss=47.91106  mean_foundation= 52.0/52  lifetime_outcomes={'won': 91, 'stalled': 0, 'truncated': 155, 'other': 0}  rss= 3186.2MB  (4136s)
step   206000/1200000  eps=0.150  episodes=  249  mean_return=7044.810  mean_loss=47.51110  mean_foundation= 52.0/52  lifetime_outcomes={'won': 94, 'stalled': 0, 'truncated': 155, 'other': 0}  rss= 3186.2MB  (4140s)
step   207000/1200000  eps=0.150  episodes=  251  mean_return=7044.725  mean_loss=48.82129  mean_foundation= 52.0/52  lifetime_outcomes={'won': 96, 'stalled': 0, 'truncated': 155, 'other': 0}  rss= 3186.2MB  (4143s)
step   208000/1200000  eps=0.150  episodes=  252  mean_return=1380.000  mean_loss=47.38399  mean_foundation= 11.0/52  lifetime_outcomes={'won': 96, 'stalled': 0, 'truncated': 156, 'other': 0}  rss= 3186.2MB  (4147s)
step   209000/1200000  eps=0.150  episodes=  253  mean_return=1480.000  mean_loss=48.91430  mean_foundation= 30.0/52  lifetime_outcomes={'won': 96, 'stalled': 0, 'truncated': 157, 'other': 0}  rss= 3186.2MB  (4150s)
step   210000/1200000  eps=0.150  episodes=  254  mean_return=7045.340  mean_loss=48.31208  mean_foundation= 52.0/52  lifetime_outcomes={'won': 97, 'stalled': 0, 'truncated': 157, 'other': 0}  rss= 3186.2MB  (4154s)
  EVAL  step   210000  win_rate=35.00%  mean_return=3072.532  mean_foundation= 26.5/52  mean_length=841.8  (greedy, 200 fixed deals)
step   211000/1200000  eps=0.150  episodes=  256  mean_return=3843.450  mean_loss=46.25714  mean_foundation= 31.0/52  lifetime_outcomes={'won': 98, 'stalled': 0, 'truncated': 158, 'other': 0}  rss= 3186.2MB  (4319s)
step   212000/1200000  eps=0.150  episodes=  257  mean_return=1130.000  mean_loss=45.34858  mean_foundation= 15.0/52  lifetime_outcomes={'won': 98, 'stalled': 0, 'truncated': 159, 'other': 0}  rss= 3186.2MB  (4322s)
step   213000/1200000  eps=0.150  episodes=  258  mean_return=7045.760  mean_loss=47.60665  mean_foundation= 52.0/52  lifetime_outcomes={'won': 99, 'stalled': 0, 'truncated': 159, 'other': 0}  rss= 3186.2MB  (4325s)
step   214000/1200000  eps=0.150  episodes=  261  mean_return=4830.387  mean_loss=47.53595  mean_foundation= 35.3/52  lifetime_outcomes={'won': 101, 'stalled': 0, 'truncated': 160, 'other': 0}  rss= 3186.2MB  (4329s)
step   215000/1200000  eps=0.150  episodes=  262  mean_return=1630.000  mean_loss=46.98207  mean_foundation= 21.0/52  lifetime_outcomes={'won': 101, 'stalled': 0, 'truncated': 161, 'other': 0}  rss= 3186.2MB  (4332s)
step   216000/1200000  eps=0.150  episodes=  263  mean_return=560.000  mean_loss=46.60481  mean_foundation=  5.0/52  lifetime_outcomes={'won': 101, 'stalled': 0, 'truncated': 162, 'other': 0}  rss= 3186.2MB  (4335s)
step   217000/1200000  eps=0.150  episodes=  264  mean_return=210.000  mean_loss=47.07040  mean_foundation=  5.0/52  lifetime_outcomes={'won': 101, 'stalled': 0, 'truncated': 163, 'other': 0}  rss= 3186.2MB  (4339s)
step   218000/1200000  eps=0.150  episodes=  265  mean_return=1200.000  mean_loss=46.98952  mean_foundation=  5.0/52  lifetime_outcomes={'won': 101, 'stalled': 0, 'truncated': 164, 'other': 0}  rss= 3186.2MB  (4342s)
step   219000/1200000  eps=0.150  episodes=  267  mean_return=7045.680  mean_loss=47.14890  mean_foundation= 52.0/52  lifetime_outcomes={'won': 103, 'stalled': 0, 'truncated': 164, 'other': 0}  rss= 3186.2MB  (4346s)
step   220000/1200000  eps=0.150  episodes=  269  mean_return=7025.135  mean_loss=46.37224  mean_foundation= 52.0/52  lifetime_outcomes={'won': 105, 'stalled': 0, 'truncated': 164, 'other': 0}  rss= 3186.2MB  (4349s)
  EVAL  step   220000  win_rate=29.00%  mean_return=2670.996  mean_foundation= 23.7/52  mean_length=870.4  (greedy, 200 fixed deals)
step   221000/1200000  eps=0.150  episodes=  270  mean_return=7041.320  mean_loss=49.21615  mean_foundation= 52.0/52  lifetime_outcomes={'won': 106, 'stalled': 0, 'truncated': 164, 'other': 0}  rss= 3186.2MB  (4587s)
step   222000/1200000  eps=0.150  episodes=  271  mean_return=300.000  mean_loss=48.27252  mean_foundation=  7.0/52  lifetime_outcomes={'won': 106, 'stalled': 0, 'truncated': 165, 'other': 0}  rss= 3186.2MB  (4594s)
step   223000/1200000  eps=0.150  episodes=  272  mean_return=1140.000  mean_loss=46.18209  mean_foundation= 21.0/52  lifetime_outcomes={'won': 106, 'stalled': 0, 'truncated': 166, 'other': 0}  rss= 3186.2MB  (4604s)
step   224000/1200000  eps=0.150  episodes=  273  mean_return=680.000  mean_loss=47.39787  mean_foundation=  4.0/52  lifetime_outcomes={'won': 106, 'stalled': 0, 'truncated': 167, 'other': 0}  rss= 3186.2MB  (4614s)
step   225000/1200000  eps=0.150  episodes=  274  mean_return=560.000  mean_loss=44.83611  mean_foundation=  7.0/52  lifetime_outcomes={'won': 106, 'stalled': 0, 'truncated': 168, 'other': 0}  rss= 3186.2MB  (4622s)
step   226000/1200000  eps=0.150  episodes=  275  mean_return=1110.000  mean_loss=45.82813  mean_foundation= 12.0/52  lifetime_outcomes={'won': 106, 'stalled': 0, 'truncated': 169, 'other': 0}  rss= 3186.2MB  (4631s)
step   227000/1200000  eps=0.150  episodes=  277  mean_return=3798.545  mean_loss=45.10519  mean_foundation= 29.0/52  lifetime_outcomes={'won': 107, 'stalled': 0, 'truncated': 170, 'other': 0}  rss= 3186.2MB  (4642s)
step   228000/1200000  eps=0.150  episodes=  278  mean_return=190.000  mean_loss=45.60860  mean_foundation=  2.0/52  lifetime_outcomes={'won': 107, 'stalled': 0, 'truncated': 171, 'other': 0}  rss= 3186.2MB  (4650s)
step   229000/1200000  eps=0.150  episodes=  279  mean_return=7045.530  mean_loss=44.17917  mean_foundation= 52.0/52  lifetime_outcomes={'won': 108, 'stalled': 0, 'truncated': 171, 'other': 0}  rss= 3186.2MB  (4658s)
step   230000/1200000  eps=0.150  episodes=  281  mean_return=3808.895  mean_loss=45.36624  mean_foundation= 33.0/52  lifetime_outcomes={'won': 109, 'stalled': 0, 'truncated': 172, 'other': 0}  rss= 3186.2MB  (4667s)
  EVAL  step   230000  win_rate=28.00%  mean_return=2574.436  mean_foundation= 22.6/52  mean_length=831.5  (greedy, 200 fixed deals)
step   231000/1200000  eps=0.150  episodes=  282  mean_return=7045.130  mean_loss=45.19113  mean_foundation= 52.0/52  lifetime_outcomes={'won': 110, 'stalled': 0, 'truncated': 172, 'other': 0}  rss= 3186.2MB  (4873s)
step   232000/1200000  eps=0.150  episodes=  283  mean_return=770.000  mean_loss=45.29178  mean_foundation= 10.0/52  lifetime_outcomes={'won': 110, 'stalled': 0, 'truncated': 173, 'other': 0}  rss= 3186.2MB  (4877s)
step   233000/1200000  eps=0.150  episodes=  285  mean_return=4172.030  mean_loss=44.81188  mean_foundation= 29.0/52  lifetime_outcomes={'won': 111, 'stalled': 0, 'truncated': 174, 'other': 0}  rss= 3186.2MB  (4881s)
step   234000/1200000  eps=0.150  episodes=  286  mean_return=700.000  mean_loss=45.12916  mean_foundation=  8.0/52  lifetime_outcomes={'won': 111, 'stalled': 0, 'truncated': 175, 'other': 0}  rss= 3186.2MB  (4885s)
step   235000/1200000  eps=0.150  episodes=  287  mean_return=1310.000  mean_loss=44.12094  mean_foundation= 13.0/52  lifetime_outcomes={'won': 111, 'stalled': 0, 'truncated': 176, 'other': 0}  rss= 3186.2MB  (4888s)
step   236000/1200000  eps=0.150  episodes=  288  mean_return= 70.000  mean_loss=45.85328  mean_foundation=  3.0/52  lifetime_outcomes={'won': 111, 'stalled': 0, 'truncated': 177, 'other': 0}  rss= 3186.2MB  (4892s)
step   237000/1200000  eps=0.150  episodes=  289  mean_return=7042.730  mean_loss=43.96697  mean_foundation= 52.0/52  lifetime_outcomes={'won': 112, 'stalled': 0, 'truncated': 177, 'other': 0}  rss= 3186.2MB  (4896s)
step   238000/1200000  eps=0.150  episodes=  290  mean_return=1430.000  mean_loss=45.47131  mean_foundation= 21.0/52  lifetime_outcomes={'won': 112, 'stalled': 0, 'truncated': 178, 'other': 0}  rss= 3186.2MB  (4900s)
step   239000/1200000  eps=0.150  episodes=  292  mean_return=4233.450  mean_loss=43.25263  mean_foundation= 35.0/52  lifetime_outcomes={'won': 113, 'stalled': 0, 'truncated': 179, 'other': 0}  rss= 3186.2MB  (4903s)
step   240000/1200000  eps=0.150  episodes=  294  mean_return=7044.670  mean_loss=43.82008  mean_foundation= 52.0/52  lifetime_outcomes={'won': 115, 'stalled': 0, 'truncated': 179, 'other': 0}  rss= 3186.2MB  (4907s)
  EVAL  step   240000  win_rate=26.00%  mean_return=2553.686  mean_foundation= 22.6/52  mean_length=901.4  (greedy, 200 fixed deals)
step   241000/1200000  eps=0.150  episodes=  295  mean_return=1080.000  mean_loss=42.89411  mean_foundation= 17.0/52  lifetime_outcomes={'won': 115, 'stalled': 0, 'truncated': 180, 'other': 0}  rss= 3186.2MB  (5090s)
step   242000/1200000  eps=0.150  episodes=  296  mean_return=1490.000  mean_loss=41.86341  mean_foundation= 17.0/52  lifetime_outcomes={'won': 115, 'stalled': 0, 'truncated': 181, 'other': 0}  rss= 3186.2MB  (5094s)
step   243000/1200000  eps=0.150  episodes=  297  mean_return=7047.440  mean_loss=44.50155  mean_foundation= 52.0/52  lifetime_outcomes={'won': 116, 'stalled': 0, 'truncated': 181, 'other': 0}  rss= 3186.2MB  (5098s)
step   244000/1200000  eps=0.150  episodes=  298  mean_return=730.000  mean_loss=43.48592  mean_foundation=  5.0/52  lifetime_outcomes={'won': 116, 'stalled': 0, 'truncated': 182, 'other': 0}  rss= 3186.2MB  (5101s)
step   245000/1200000  eps=0.150  episodes=  300  mean_return=4022.735  mean_loss=43.52235  mean_foundation= 31.5/52  lifetime_outcomes={'won': 117, 'stalled': 0, 'truncated': 183, 'other': 0}  rss= 3186.2MB  (5105s)
step   246000/1200000  eps=0.150  episodes=  301  mean_return=7044.330  mean_loss=41.79478  mean_foundation= 52.0/52  lifetime_outcomes={'won': 118, 'stalled': 0, 'truncated': 183, 'other': 0}  rss= 3186.2MB  (5109s)
step   247000/1200000  eps=0.150  episodes=  302  mean_return=700.000  mean_loss=42.84395  mean_foundation=  6.0/52  lifetime_outcomes={'won': 118, 'stalled': 0, 'truncated': 184, 'other': 0}  rss= 3186.2MB  (5113s)
step   248000/1200000  eps=0.150  episodes=  303  mean_return=330.000  mean_loss=43.04132  mean_foundation=  5.0/52  lifetime_outcomes={'won': 118, 'stalled': 0, 'truncated': 185, 'other': 0}  rss= 3186.2MB  (5117s)
step   249000/1200000  eps=0.150  episodes=  304  mean_return=970.000  mean_loss=42.50126  mean_foundation=  9.0/52  lifetime_outcomes={'won': 118, 'stalled': 0, 'truncated': 186, 'other': 0}  rss= 3186.2MB  (5121s)
step   250000/1200000  eps=0.150  episodes=  306  mean_return=3982.505  mean_loss=41.95928  mean_foundation= 28.5/52  lifetime_outcomes={'won': 119, 'stalled': 0, 'truncated': 187, 'other': 0}  rss= 3186.2MB  (5125s)
  EVAL  step   250000  win_rate=29.50%  mean_return=2690.317  mean_foundation= 23.5/52  mean_length=833.3  (greedy, 200 fixed deals)
step   251000/1200000  eps=0.150  episodes=  307  mean_return=1060.000  mean_loss=43.89723  mean_foundation= 27.0/52  lifetime_outcomes={'won': 119, 'stalled': 0, 'truncated': 188, 'other': 0}  rss= 3186.2MB  (5296s)
step   252000/1200000  eps=0.150  episodes=  308  mean_return=7044.440  mean_loss=43.27939  mean_foundation= 52.0/52  lifetime_outcomes={'won': 120, 'stalled': 0, 'truncated': 188, 'other': 0}  rss= 3186.2MB  (5300s)
step   253000/1200000  eps=0.150  episodes=  309  mean_return=840.000  mean_loss=41.60840  mean_foundation= 10.0/52  lifetime_outcomes={'won': 120, 'stalled': 0, 'truncated': 189, 'other': 0}  rss= 3186.2MB  (5304s)
step   254000/1200000  eps=0.150  episodes=  310  mean_return=860.000  mean_loss=40.61716  mean_foundation= 11.0/52  lifetime_outcomes={'won': 120, 'stalled': 0, 'truncated': 190, 'other': 0}  rss= 3186.2MB  (5307s)
step   255000/1200000  eps=0.150  episodes=  311  mean_return=1240.000  mean_loss=40.64613  mean_foundation= 13.0/52  lifetime_outcomes={'won': 120, 'stalled': 0, 'truncated': 191, 'other': 0}  rss= 3186.2MB  (5311s)
step   256000/1200000  eps=0.150  episodes=  312  mean_return=1190.000  mean_loss=41.30418  mean_foundation=  6.0/52  lifetime_outcomes={'won': 120, 'stalled': 0, 'truncated': 192, 'other': 0}  rss= 3186.2MB  (5315s)
step   257000/1200000  eps=0.150  episodes=  314  mean_return=3881.005  mean_loss=39.80698  mean_foundation= 28.0/52  lifetime_outcomes={'won': 121, 'stalled': 0, 'truncated': 193, 'other': 0}  rss= 3186.2MB  (5319s)
step   258000/1200000  eps=0.150  episodes=  315  mean_return=1580.000  mean_loss=39.86021  mean_foundation= 21.0/52  lifetime_outcomes={'won': 121, 'stalled': 0, 'truncated': 194, 'other': 0}  rss= 3186.2MB  (5323s)
step   259000/1200000  eps=0.150  episodes=  316  mean_return=800.000  mean_loss=38.02653  mean_foundation=  1.0/52  lifetime_outcomes={'won': 121, 'stalled': 0, 'truncated': 195, 'other': 0}  rss= 3186.2MB  (5327s)
step   260000/1200000  eps=0.150  episodes=  317  mean_return=1370.000  mean_loss=40.53269  mean_foundation= 19.0/52  lifetime_outcomes={'won': 121, 'stalled': 0, 'truncated': 196, 'other': 0}  rss= 3186.2MB  (5330s)
  EVAL  step   260000  win_rate=27.50%  mean_return=2575.223  mean_foundation= 23.2/52  mean_length=847.7  (greedy, 200 fixed deals)
step   261000/1200000  eps=0.150  episodes=  318  mean_return=1820.000  mean_loss=40.83571  mean_foundation= 40.0/52  lifetime_outcomes={'won': 121, 'stalled': 0, 'truncated': 197, 'other': 0}  rss= 3192.9MB  (5499s)
step   262000/1200000  eps=0.150  episodes=  320  mean_return=7045.890  mean_loss=39.40718  mean_foundation= 52.0/52  lifetime_outcomes={'won': 123, 'stalled': 0, 'truncated': 197, 'other': 0}  rss= 3192.9MB  (5503s)
step   263000/1200000  eps=0.150  episodes=  321  mean_return=670.000  mean_loss=38.31331  mean_foundation= 13.0/52  lifetime_outcomes={'won': 123, 'stalled': 0, 'truncated': 198, 'other': 0}  rss= 3192.9MB  (5506s)
step   264000/1200000  eps=0.150  episodes=  322  mean_return=7043.470  mean_loss=38.10521  mean_foundation= 52.0/52  lifetime_outcomes={'won': 124, 'stalled': 0, 'truncated': 198, 'other': 0}  rss= 3192.9MB  (5510s)
step   265000/1200000  eps=0.150  episodes=  323  mean_return=980.000  mean_loss=38.15024  mean_foundation=  6.0/52  lifetime_outcomes={'won': 124, 'stalled': 0, 'truncated': 199, 'other': 0}  rss= 3192.9MB  (5513s)
step   266000/1200000  eps=0.150  episodes=  324  mean_return=160.000  mean_loss=38.51296  mean_foundation=  7.0/52  lifetime_outcomes={'won': 124, 'stalled': 0, 'truncated': 200, 'other': 0}  rss= 3192.9MB  (5517s)
step   267000/1200000  eps=0.150  episodes=  325  mean_return=310.000  mean_loss=40.20268  mean_foundation=  3.0/52  lifetime_outcomes={'won': 124, 'stalled': 0, 'truncated': 201, 'other': 0}  rss= 3192.9MB  (5520s)
step   268000/1200000  eps=0.150  episodes=  326  mean_return=7043.450  mean_loss=37.95787  mean_foundation= 52.0/52  lifetime_outcomes={'won': 125, 'stalled': 0, 'truncated': 201, 'other': 0}  rss= 3192.9MB  (5524s)
step   269000/1200000  eps=0.150  episodes=  327  mean_return=480.000  mean_loss=38.48344  mean_foundation= 12.0/52  lifetime_outcomes={'won': 125, 'stalled': 0, 'truncated': 202, 'other': 0}  rss= 3192.9MB  (5527s)
step   270000/1200000  eps=0.150  episodes=  328  mean_return=1060.000  mean_loss=38.87279  mean_foundation= 12.0/52  lifetime_outcomes={'won': 125, 'stalled': 0, 'truncated': 203, 'other': 0}  rss= 3192.9MB  (5530s)
  EVAL  step   270000  win_rate=31.50%  mean_return=2865.290  mean_foundation= 24.8/52  mean_length=836.0  (greedy, 200 fixed deals)
step   271000/1200000  eps=0.150  episodes=  329  mean_return=1150.000  mean_loss=36.86009  mean_foundation= 12.0/52  lifetime_outcomes={'won': 125, 'stalled': 0, 'truncated': 204, 'other': 0}  rss= 3192.9MB  (5697s)
step   272000/1200000  eps=0.150  episodes=  330  mean_return=1070.000  mean_loss=37.90734  mean_foundation=  7.0/52  lifetime_outcomes={'won': 125, 'stalled': 0, 'truncated': 205, 'other': 0}  rss= 3192.9MB  (5701s)
step   273000/1200000  eps=0.150  episodes=  332  mean_return=4224.000  mean_loss=38.21421  mean_foundation= 35.5/52  lifetime_outcomes={'won': 126, 'stalled': 0, 'truncated': 206, 'other': 0}  rss= 3192.9MB  (5704s)
step   274000/1200000  eps=0.150  episodes=  333  mean_return=930.000  mean_loss=37.44130  mean_foundation=  8.0/52  lifetime_outcomes={'won': 126, 'stalled': 0, 'truncated': 207, 'other': 0}  rss= 3192.9MB  (5707s)
step   275000/1200000  eps=0.150  episodes=  334  mean_return=980.000  mean_loss=35.73082  mean_foundation=  6.0/52  lifetime_outcomes={'won': 126, 'stalled': 0, 'truncated': 208, 'other': 0}  rss= 3192.9MB  (5711s)
step   276000/1200000  eps=0.150  episodes=  337  mean_return=4864.517  mean_loss=35.61045  mean_foundation= 37.0/52  lifetime_outcomes={'won': 128, 'stalled': 0, 'truncated': 209, 'other': 0}  rss= 3192.9MB  (5714s)
step   277000/1200000  eps=0.150  episodes=  338  mean_return=440.000  mean_loss=36.54951  mean_foundation=  5.0/52  lifetime_outcomes={'won': 128, 'stalled': 0, 'truncated': 210, 'other': 0}  rss= 3192.9MB  (5718s)
step   278000/1200000  eps=0.150  episodes=  339  mean_return=1250.000  mean_loss=36.89553  mean_foundation= 26.0/52  lifetime_outcomes={'won': 128, 'stalled': 0, 'truncated': 211, 'other': 0}  rss= 3192.9MB  (5721s)
step   279000/1200000  eps=0.150  episodes=  340  mean_return=680.000  mean_loss=34.69450  mean_foundation= 15.0/52  lifetime_outcomes={'won': 128, 'stalled': 0, 'truncated': 212, 'other': 0}  rss= 3192.9MB  (5725s)
step   280000/1200000  eps=0.150  episodes=  341  mean_return=7047.050  mean_loss=34.21981  mean_foundation= 52.0/52  lifetime_outcomes={'won': 129, 'stalled': 0, 'truncated': 212, 'other': 0}  rss= 3192.9MB  (5729s)
  EVAL  step   280000  win_rate=34.00%  mean_return=2960.996  mean_foundation= 25.1/52  mean_length=810.4  (greedy, 200 fixed deals)
step   281000/1200000  eps=0.150  episodes=  342  mean_return=7041.260  mean_loss=34.64290  mean_foundation= 52.0/52  lifetime_outcomes={'won': 130, 'stalled': 0, 'truncated': 212, 'other': 0}  rss= 3192.9MB  (5890s)
step   282000/1200000  eps=0.150  episodes=  343  mean_return=1070.000  mean_loss=34.21828  mean_foundation= 13.0/52  lifetime_outcomes={'won': 130, 'stalled': 0, 'truncated': 213, 'other': 0}  rss= 3192.9MB  (5893s)
step   283000/1200000  eps=0.150  episodes=  344  mean_return=390.000  mean_loss=34.64080  mean_foundation=  4.0/52  lifetime_outcomes={'won': 130, 'stalled': 0, 'truncated': 214, 'other': 0}  rss= 3192.9MB  (5896s)
step   284000/1200000  eps=0.150  episodes=  346  mean_return=4111.995  mean_loss=33.74727  mean_foundation= 33.5/52  lifetime_outcomes={'won': 131, 'stalled': 0, 'truncated': 215, 'other': 0}  rss= 3192.9MB  (5900s)
step   285000/1200000  eps=0.150  episodes=  347  mean_return=1430.000  mean_loss=35.82233  mean_foundation= 15.0/52  lifetime_outcomes={'won': 131, 'stalled': 0, 'truncated': 216, 'other': 0}  rss= 3192.9MB  (5903s)
step   286000/1200000  eps=0.150  episodes=  348  mean_return=880.000  mean_loss=36.26627  mean_foundation=  3.0/52  lifetime_outcomes={'won': 131, 'stalled': 0, 'truncated': 217, 'other': 0}  rss= 3192.9MB  (5907s)
step   287000/1200000  eps=0.150  episodes=  349  mean_return=550.000  mean_loss=33.42787  mean_foundation=  6.0/52  lifetime_outcomes={'won': 131, 'stalled': 0, 'truncated': 218, 'other': 0}  rss= 3192.9MB  (5911s)
step   288000/1200000  eps=0.150  episodes=  350  mean_return=7043.520  mean_loss=33.64775  mean_foundation= 52.0/52  lifetime_outcomes={'won': 132, 'stalled': 0, 'truncated': 218, 'other': 0}  rss= 3192.9MB  (5914s)
step   289000/1200000  eps=0.150  episodes=  351  mean_return=1420.000  mean_loss=32.07670  mean_foundation= 14.0/52  lifetime_outcomes={'won': 132, 'stalled': 0, 'truncated': 219, 'other': 0}  rss= 3192.9MB  (5918s)
step   290000/1200000  eps=0.150  episodes=  352  mean_return=250.000  mean_loss=33.48219  mean_foundation=  5.0/52  lifetime_outcomes={'won': 132, 'stalled': 0, 'truncated': 220, 'other': 0}  rss= 3192.9MB  (5921s)
  EVAL  step   290000  win_rate=26.00%  mean_return=2546.383  mean_foundation= 23.5/52  mean_length=896.7  (greedy, 200 fixed deals)
step   291000/1200000  eps=0.150  episodes=  354  mean_return=3713.175  mean_loss=33.03656  mean_foundation= 30.0/52  lifetime_outcomes={'won': 133, 'stalled': 0, 'truncated': 221, 'other': 0}  rss= 3192.9MB  (6093s)
step   292000/1200000  eps=0.150  episodes=  355  mean_return=1770.000  mean_loss=32.29121  mean_foundation= 40.0/52  lifetime_outcomes={'won': 133, 'stalled': 0, 'truncated': 222, 'other': 0}  rss= 3192.9MB  (6097s)
step   293000/1200000  eps=0.150  episodes=  356  mean_return=750.000  mean_loss=32.36882  mean_foundation= 12.0/52  lifetime_outcomes={'won': 133, 'stalled': 0, 'truncated': 223, 'other': 0}  rss= 3192.9MB  (6100s)
step   294000/1200000  eps=0.150  episodes=  357  mean_return=360.000  mean_loss=32.11416  mean_foundation=  2.0/52  lifetime_outcomes={'won': 133, 'stalled': 0, 'truncated': 224, 'other': 0}  rss= 3192.9MB  (6104s)
step   295000/1200000  eps=0.150  episodes=  358  mean_return=780.000  mean_loss=32.61835  mean_foundation=  5.0/52  lifetime_outcomes={'won': 133, 'stalled': 0, 'truncated': 225, 'other': 0}  rss= 3192.9MB  (6107s)
step   296000/1200000  eps=0.150  episodes=  359  mean_return=470.000  mean_loss=32.41622  mean_foundation=  3.0/52  lifetime_outcomes={'won': 133, 'stalled': 0, 'truncated': 226, 'other': 0}  rss= 3192.9MB  (6111s)
step   297000/1200000  eps=0.150  episodes=  361  mean_return=7045.270  mean_loss=31.41233  mean_foundation= 52.0/52  lifetime_outcomes={'won': 135, 'stalled': 0, 'truncated': 226, 'other': 0}  rss= 3192.9MB  (6115s)
step   298000/1200000  eps=0.150  episodes=  362  mean_return=7044.070  mean_loss=32.06148  mean_foundation= 52.0/52  lifetime_outcomes={'won': 136, 'stalled': 0, 'truncated': 226, 'other': 0}  rss= 3192.9MB  (6118s)
step   299000/1200000  eps=0.150  episodes=  364  mean_return=4332.365  mean_loss=31.77038  mean_foundation= 41.0/52  lifetime_outcomes={'won': 137, 'stalled': 0, 'truncated': 227, 'other': 0}  rss= 3192.9MB  (6122s)
step   300000/1200000  eps=0.150  episodes=  365  mean_return=680.000  mean_loss=30.28497  mean_foundation= 10.0/52  lifetime_outcomes={'won': 137, 'stalled': 0, 'truncated': 228, 'other': 0}  rss= 3192.9MB  (6125s)
  EVAL  step   300000  win_rate=27.00%  mean_return=2579.969  mean_foundation= 23.6/52  mean_length=818.1  (greedy, 200 fixed deals)
step   301000/1200000  eps=0.150  episodes=  366  mean_return=730.000  mean_loss=30.35498  mean_foundation=  6.0/52  lifetime_outcomes={'won': 137, 'stalled': 0, 'truncated': 229, 'other': 0}  rss= 3192.9MB  (6285s)
step   302000/1200000  eps=0.150  episodes=  367  mean_return=660.000  mean_loss=31.06350  mean_foundation=  7.0/52  lifetime_outcomes={'won': 137, 'stalled': 0, 'truncated': 230, 'other': 0}  rss= 3192.9MB  (6288s)
step   303000/1200000  eps=0.150  episodes=  368  mean_return=1720.000  mean_loss=31.06431  mean_foundation= 28.0/52  lifetime_outcomes={'won': 137, 'stalled': 0, 'truncated': 231, 'other': 0}  rss= 3192.9MB  (6292s)
step   304000/1200000  eps=0.150  episodes=  369  mean_return=740.000  mean_loss=31.02395  mean_foundation=  5.0/52  lifetime_outcomes={'won': 137, 'stalled': 0, 'truncated': 232, 'other': 0}  rss= 3192.9MB  (6295s)
step   305000/1200000  eps=0.150  episodes=  370  mean_return=7046.030  mean_loss=30.55958  mean_foundation= 52.0/52  lifetime_outcomes={'won': 138, 'stalled': 0, 'truncated': 232, 'other': 0}  rss= 3192.9MB  (6299s)
step   306000/1200000  eps=0.150  episodes=  371  mean_return=840.000  mean_loss=30.27731  mean_foundation=  6.0/52  lifetime_outcomes={'won': 138, 'stalled': 0, 'truncated': 233, 'other': 0}  rss= 3192.9MB  (6302s)
step   307000/1200000  eps=0.150  episodes=  373  mean_return=3892.670  mean_loss=28.75849  mean_foundation= 30.0/52  lifetime_outcomes={'won': 139, 'stalled': 0, 'truncated': 234, 'other': 0}  rss= 3192.9MB  (6306s)
step   308000/1200000  eps=0.150  episodes=  374  mean_return=1220.000  mean_loss=28.69549  mean_foundation= 18.0/52  lifetime_outcomes={'won': 139, 'stalled': 0, 'truncated': 235, 'other': 0}  rss= 3192.9MB  (6309s)
step   309000/1200000  eps=0.150  episodes=  375  mean_return=480.000  mean_loss=29.77166  mean_foundation=  4.0/52  lifetime_outcomes={'won': 139, 'stalled': 0, 'truncated': 236, 'other': 0}  rss= 3192.9MB  (6313s)
step   310000/1200000  eps=0.150  episodes=  376  mean_return=530.000  mean_loss=28.50452  mean_foundation=  4.0/52  lifetime_outcomes={'won': 139, 'stalled': 0, 'truncated': 237, 'other': 0}  rss= 3192.9MB  (6316s)
  EVAL  step   310000  win_rate=34.50%  mean_return=2963.104  mean_foundation= 25.2/52  mean_length=809.6  (greedy, 200 fixed deals)
step   311000/1200000  eps=0.150  episodes=  377  mean_return=690.000  mean_loss=29.24550  mean_foundation= 15.0/52  lifetime_outcomes={'won': 139, 'stalled': 0, 'truncated': 238, 'other': 0}  rss= 3192.9MB  (6473s)
step   312000/1200000  eps=0.150  episodes=  378  mean_return=1430.000  mean_loss=30.21361  mean_foundation= 16.0/52  lifetime_outcomes={'won': 139, 'stalled': 0, 'truncated': 239, 'other': 0}  rss= 3192.9MB  (6476s)
step   313000/1200000  eps=0.150  episodes=  379  mean_return=7005.680  mean_loss=30.83186  mean_foundation= 52.0/52  lifetime_outcomes={'won': 140, 'stalled': 0, 'truncated': 239, 'other': 0}  rss= 3192.9MB  (6480s)
step   314000/1200000  eps=0.150  episodes=  380  mean_return=770.000  mean_loss=29.25931  mean_foundation=  6.0/52  lifetime_outcomes={'won': 140, 'stalled': 0, 'truncated': 240, 'other': 0}  rss= 3192.9MB  (6483s)
step   315000/1200000  eps=0.150  episodes=  381  mean_return=420.000  mean_loss=30.64390  mean_foundation=  9.0/52  lifetime_outcomes={'won': 140, 'stalled': 0, 'truncated': 241, 'other': 0}  rss= 3192.9MB  (6486s)
step   316000/1200000  eps=0.150  episodes=  384  mean_return=5070.350  mean_loss=29.38142  mean_foundation= 39.0/52  lifetime_outcomes={'won': 142, 'stalled': 0, 'truncated': 242, 'other': 0}  rss= 3192.9MB  (6490s)
step   317000/1200000  eps=0.150  episodes=  385  mean_return=770.000  mean_loss=27.30234  mean_foundation= 15.0/52  lifetime_outcomes={'won': 142, 'stalled': 0, 'truncated': 243, 'other': 0}  rss= 3192.9MB  (6493s)
step   318000/1200000  eps=0.150  episodes=  386  mean_return=7047.250  mean_loss=29.00956  mean_foundation= 52.0/52  lifetime_outcomes={'won': 143, 'stalled': 0, 'truncated': 243, 'other': 0}  rss= 3192.9MB  (6497s)
step   319000/1200000  eps=0.150  episodes=  388  mean_return=264.275  mean_loss=30.30013  mean_foundation=  5.5/52  lifetime_outcomes={'won': 143, 'stalled': 1, 'truncated': 244, 'other': 0}  rss= 3192.9MB  (6500s)
step   320000/1200000  eps=0.150  episodes=  390  mean_return=3738.205  mean_loss=28.67736  mean_foundation= 31.0/52  lifetime_outcomes={'won': 144, 'stalled': 1, 'truncated': 245, 'other': 0}  rss= 3192.9MB  (6504s)
  EVAL  step   320000  win_rate=35.50%  mean_return=3134.848  mean_foundation= 26.4/52  mean_length=850.2  (greedy, 200 fixed deals)
step   321000/1200000  eps=0.150  episodes=  391  mean_return=1140.000  mean_loss=28.39496  mean_foundation= 13.0/52  lifetime_outcomes={'won': 144, 'stalled': 1, 'truncated': 246, 'other': 0}  rss= 3192.9MB  (6670s)
step   322000/1200000  eps=0.150  episodes=  392  mean_return=760.000  mean_loss=28.04745  mean_foundation= 14.0/52  lifetime_outcomes={'won': 144, 'stalled': 1, 'truncated': 247, 'other': 0}  rss= 3192.9MB  (6673s)
step   323000/1200000  eps=0.150  episodes=  393  mean_return=1370.000  mean_loss=28.60098  mean_foundation= 18.0/52  lifetime_outcomes={'won': 144, 'stalled': 1, 'truncated': 248, 'other': 0}  rss= 3192.9MB  (6677s)
step   324000/1200000  eps=0.150  episodes=  394  mean_return=230.000  mean_loss=29.15656  mean_foundation=  3.0/52  lifetime_outcomes={'won': 144, 'stalled': 1, 'truncated': 249, 'other': 0}  rss= 3192.9MB  (6680s)
step   325000/1200000  eps=0.150  episodes=  395  mean_return=7046.800  mean_loss=27.40508  mean_foundation= 52.0/52  lifetime_outcomes={'won': 145, 'stalled': 1, 'truncated': 249, 'other': 0}  rss= 3192.9MB  (6684s)
step   326000/1200000  eps=0.150  episodes=  396  mean_return=1050.000  mean_loss=27.76777  mean_foundation= 13.0/52  lifetime_outcomes={'won': 145, 'stalled': 1, 'truncated': 250, 'other': 0}  rss= 3192.9MB  (6687s)
step   327000/1200000  eps=0.150  episodes=  398  mean_return=4018.220  mean_loss=28.15030  mean_foundation= 30.0/52  lifetime_outcomes={'won': 146, 'stalled': 1, 'truncated': 251, 'other': 0}  rss= 3192.9MB  (6691s)
step   328000/1200000  eps=0.150  episodes=  399  mean_return=1370.000  mean_loss=29.54259  mean_foundation= 25.0/52  lifetime_outcomes={'won': 146, 'stalled': 1, 'truncated': 252, 'other': 0}  rss= 3192.9MB  (6694s)
step   329000/1200000  eps=0.150  episodes=  400  mean_return=7041.230  mean_loss=28.20006  mean_foundation= 52.0/52  lifetime_outcomes={'won': 147, 'stalled': 1, 'truncated': 252, 'other': 0}  rss= 3192.9MB  (6698s)
step   330000/1200000  eps=0.150  episodes=  401  mean_return=960.000  mean_loss=27.47720  mean_foundation=  9.0/52  lifetime_outcomes={'won': 147, 'stalled': 1, 'truncated': 253, 'other': 0}  rss= 3192.9MB  (6701s)
  EVAL  step   330000  win_rate=34.00%  mean_return=3040.067  mean_foundation= 26.0/52  mean_length=828.3  (greedy, 200 fixed deals)
step   331000/1200000  eps=0.150  episodes=  403  mean_return=3767.475  mean_loss=28.44450  mean_foundation= 27.5/52  lifetime_outcomes={'won': 148, 'stalled': 1, 'truncated': 254, 'other': 0}  rss= 3192.9MB  (6864s)
step   332000/1200000  eps=0.150  episodes=  404  mean_return=7045.450  mean_loss=27.99195  mean_foundation= 52.0/52  lifetime_outcomes={'won': 149, 'stalled': 1, 'truncated': 254, 'other': 0}  rss= 3192.9MB  (6867s)
step   333000/1200000  eps=0.150  episodes=  405  mean_return=900.000  mean_loss=29.49768  mean_foundation=  9.0/52  lifetime_outcomes={'won': 149, 'stalled': 1, 'truncated': 255, 'other': 0}  rss= 3192.9MB  (6871s)
step   334000/1200000  eps=0.150  episodes=  406  mean_return=7040.910  mean_loss=29.00971  mean_foundation= 52.0/52  lifetime_outcomes={'won': 150, 'stalled': 1, 'truncated': 255, 'other': 0}  rss= 3192.9MB  (6875s)
step   335000/1200000  eps=0.150  episodes=  407  mean_return=830.000  mean_loss=28.49199  mean_foundation= 15.0/52  lifetime_outcomes={'won': 150, 'stalled': 1, 'truncated': 256, 'other': 0}  rss= 3192.9MB  (6878s)
step   336000/1200000  eps=0.150  episodes=  408  mean_return=860.000  mean_loss=28.27779  mean_foundation=  3.0/52  lifetime_outcomes={'won': 150, 'stalled': 1, 'truncated': 257, 'other': 0}  rss= 3192.9MB  (6882s)
step   337000/1200000  eps=0.150  episodes=  409  mean_return=900.000  mean_loss=27.30890  mean_foundation= 12.0/52  lifetime_outcomes={'won': 150, 'stalled': 1, 'truncated': 258, 'other': 0}  rss= 3192.9MB  (6886s)
step   338000/1200000  eps=0.150  episodes=  410  mean_return=1110.000  mean_loss=26.33617  mean_foundation= 17.0/52  lifetime_outcomes={'won': 150, 'stalled': 1, 'truncated': 259, 'other': 0}  rss= 3192.9MB  (6889s)
step   339000/1200000  eps=0.150  episodes=  411  mean_return=520.000  mean_loss=27.31007  mean_foundation=  9.0/52  lifetime_outcomes={'won': 150, 'stalled': 1, 'truncated': 260, 'other': 0}  rss= 3192.9MB  (6893s)
step   340000/1200000  eps=0.150  episodes=  412  mean_return=820.000  mean_loss=28.30556  mean_foundation=  7.0/52  lifetime_outcomes={'won': 150, 'stalled': 1, 'truncated': 261, 'other': 0}  rss= 3192.9MB  (6896s)
  EVAL  step   340000  win_rate=28.50%  mean_return=2711.773  mean_foundation= 24.9/52  mean_length=852.7  (greedy, 200 fixed deals)
step   341000/1200000  eps=0.150  episodes=  414  mean_return=3607.480  mean_loss=26.19629  mean_foundation= 27.5/52  lifetime_outcomes={'won': 151, 'stalled': 1, 'truncated': 262, 'other': 0}  rss= 3192.9MB  (7063s)
step   342000/1200000  eps=0.150  episodes=  415  mean_return=1610.000  mean_loss=27.78400  mean_foundation= 29.0/52  lifetime_outcomes={'won': 151, 'stalled': 1, 'truncated': 263, 'other': 0}  rss= 3192.9MB  (7067s)
step   343000/1200000  eps=0.150  episodes=  416  mean_return=860.000  mean_loss=27.92883  mean_foundation= 14.0/52  lifetime_outcomes={'won': 151, 'stalled': 1, 'truncated': 264, 'other': 0}  rss= 3192.9MB  (7071s)
step   344000/1200000  eps=0.150  episodes=  417  mean_return=7046.020  mean_loss=26.62369  mean_foundation= 52.0/52  lifetime_outcomes={'won': 152, 'stalled': 1, 'truncated': 264, 'other': 0}  rss= 3192.9MB  (7074s)
step   345000/1200000  eps=0.150  episodes=  418  mean_return=290.000  mean_loss=28.11121  mean_foundation=  1.0/52  lifetime_outcomes={'won': 152, 'stalled': 1, 'truncated': 265, 'other': 0}  rss= 3192.9MB  (7078s)
step   346000/1200000  eps=0.150  episodes=  419  mean_return=1570.000  mean_loss=26.73186  mean_foundation= 20.0/52  lifetime_outcomes={'won': 152, 'stalled': 1, 'truncated': 266, 'other': 0}  rss= 3192.9MB  (7082s)
step   347000/1200000  eps=0.150  episodes=  422  mean_return=5090.237  mean_loss=26.35132  mean_foundation= 36.0/52  lifetime_outcomes={'won': 154, 'stalled': 1, 'truncated': 267, 'other': 0}  rss= 3192.9MB  (7085s)
step   348000/1200000  eps=0.150  episodes=  423  mean_return=1030.000  mean_loss=26.54762  mean_foundation= 15.0/52  lifetime_outcomes={'won': 154, 'stalled': 1, 'truncated': 268, 'other': 0}  rss= 3192.9MB  (7089s)
step   349000/1200000  eps=0.150  episodes=  424  mean_return=1120.000  mean_loss=26.79130  mean_foundation=  9.0/52  lifetime_outcomes={'won': 154, 'stalled': 1, 'truncated': 269, 'other': 0}  rss= 3192.9MB  (7092s)
step   350000/1200000  eps=0.150  episodes=  425  mean_return=1170.000  mean_loss=26.66455  mean_foundation= 15.0/52  lifetime_outcomes={'won': 154, 'stalled': 1, 'truncated': 270, 'other': 0}  rss= 3192.9MB  (7096s)
  EVAL  step   350000  win_rate=29.00%  mean_return=2758.704  mean_foundation= 24.2/52  mean_length=884.6  (greedy, 200 fixed deals)
step   351000/1200000  eps=0.150  episodes=  426  mean_return=780.000  mean_loss=27.35883  mean_foundation=  9.0/52  lifetime_outcomes={'won': 154, 'stalled': 1, 'truncated': 271, 'other': 0}  rss= 3192.9MB  (7268s)
step   352000/1200000  eps=0.150  episodes=  428  mean_return=7045.570  mean_loss=26.21236  mean_foundation= 52.0/52  lifetime_outcomes={'won': 156, 'stalled': 1, 'truncated': 271, 'other': 0}  rss= 3192.9MB  (7271s)
step   353000/1200000  eps=0.150  episodes=  429  mean_return=1610.000  mean_loss=26.04286  mean_foundation= 26.0/52  lifetime_outcomes={'won': 156, 'stalled': 1, 'truncated': 272, 'other': 0}  rss= 3192.9MB  (7275s)
step   354000/1200000  eps=0.150  episodes=  430  mean_return=580.000  mean_loss=25.19759  mean_foundation=  4.0/52  lifetime_outcomes={'won': 156, 'stalled': 1, 'truncated': 273, 'other': 0}  rss= 3192.9MB  (7278s)
step   355000/1200000  eps=0.150  episodes=  431  mean_return=1410.000  mean_loss=26.41705  mean_foundation= 14.0/52  lifetime_outcomes={'won': 156, 'stalled': 1, 'truncated': 274, 'other': 0}  rss= 3192.9MB  (7281s)
step   356000/1200000  eps=0.150  episodes=  432  mean_return=7046.620  mean_loss=26.37653  mean_foundation= 52.0/52  lifetime_outcomes={'won': 157, 'stalled': 1, 'truncated': 274, 'other': 0}  rss= 3192.9MB  (7285s)
step   357000/1200000  eps=0.150  episodes=  433  mean_return=980.000  mean_loss=26.26960  mean_foundation= 12.0/52  lifetime_outcomes={'won': 157, 'stalled': 1, 'truncated': 275, 'other': 0}  rss= 3192.9MB  (7288s)
step   358000/1200000  eps=0.150  episodes=  434  mean_return=450.000  mean_loss=25.44748  mean_foundation=  6.0/52  lifetime_outcomes={'won': 157, 'stalled': 1, 'truncated': 276, 'other': 0}  rss= 3192.9MB  (7292s)
step   359000/1200000  eps=0.150  episodes=  436  mean_return=3952.700  mean_loss=25.64480  mean_foundation= 32.0/52  lifetime_outcomes={'won': 158, 'stalled': 1, 'truncated': 277, 'other': 0}  rss= 3192.9MB  (7296s)
step   360000/1200000  eps=0.150  episodes=  438  mean_return=7043.495  mean_loss=25.83718  mean_foundation= 52.0/52  lifetime_outcomes={'won': 160, 'stalled': 1, 'truncated': 277, 'other': 0}  rss= 3192.9MB  (7299s)
  EVAL  step   360000  win_rate=31.00%  mean_return=2876.160  mean_foundation= 25.2/52  mean_length=864.0  (greedy, 200 fixed deals)
step   361000/1200000  eps=0.150  episodes=  439  mean_return=1090.000  mean_loss=25.53473  mean_foundation=  8.0/52  lifetime_outcomes={'won': 160, 'stalled': 1, 'truncated': 278, 'other': 0}  rss= 3192.9MB  (7466s)
step   362000/1200000  eps=0.150  episodes=  440  mean_return=1020.000  mean_loss=25.77146  mean_foundation=  9.0/52  lifetime_outcomes={'won': 160, 'stalled': 1, 'truncated': 279, 'other': 0}  rss= 3192.9MB  (7470s)
step   363000/1200000  eps=0.150  episodes=  441  mean_return=400.000  mean_loss=24.91036  mean_foundation=  1.0/52  lifetime_outcomes={'won': 160, 'stalled': 1, 'truncated': 280, 'other': 0}  rss= 3192.9MB  (7474s)
step   364000/1200000  eps=0.150  episodes=  442  mean_return=1810.000  mean_loss=24.72245  mean_foundation= 44.0/52  lifetime_outcomes={'won': 160, 'stalled': 1, 'truncated': 281, 'other': 0}  rss= 3192.9MB  (7477s)
step   365000/1200000  eps=0.150  episodes=  443  mean_return=500.000  mean_loss=25.21273  mean_foundation=  6.0/52  lifetime_outcomes={'won': 160, 'stalled': 1, 'truncated': 282, 'other': 0}  rss= 3192.9MB  (7481s)
step   366000/1200000  eps=0.150  episodes=  444  mean_return=1220.000  mean_loss=24.61828  mean_foundation= 12.0/52  lifetime_outcomes={'won': 160, 'stalled': 1, 'truncated': 283, 'other': 0}  rss= 3192.9MB  (7485s)
step   367000/1200000  eps=0.150  episodes=  445  mean_return=1330.000  mean_loss=23.15661  mean_foundation=  9.0/52  lifetime_outcomes={'won': 160, 'stalled': 1, 'truncated': 284, 'other': 0}  rss= 3192.9MB  (7488s)
step   368000/1200000  eps=0.150  episodes=  446  mean_return=1480.000  mean_loss=23.87525  mean_foundation= 20.0/52  lifetime_outcomes={'won': 160, 'stalled': 1, 'truncated': 285, 'other': 0}  rss= 3192.9MB  (7492s)
step   369000/1200000  eps=0.150  episodes=  447  mean_return=7047.170  mean_loss=24.57389  mean_foundation= 52.0/52  lifetime_outcomes={'won': 161, 'stalled': 1, 'truncated': 285, 'other': 0}  rss= 3192.9MB  (7496s)
step   370000/1200000  eps=0.150  episodes=  449  mean_return=4113.040  mean_loss=23.44181  mean_foundation= 33.0/52  lifetime_outcomes={'won': 162, 'stalled': 1, 'truncated': 286, 'other': 0}  rss= 3192.9MB  (7499s)
  EVAL  step   370000  win_rate=22.50%  mean_return=2373.091  mean_foundation= 21.5/52  mean_length=915.9  (greedy, 200 fixed deals)
step   371000/1200000  eps=0.150  episodes=  450  mean_return=7005.160  mean_loss=23.02682  mean_foundation= 52.0/52  lifetime_outcomes={'won': 163, 'stalled': 1, 'truncated': 286, 'other': 0}  rss= 3192.9MB  (7676s)
step   372000/1200000  eps=0.150  episodes=  452  mean_return=3792.580  mean_loss=24.46880  mean_foundation= 27.0/52  lifetime_outcomes={'won': 164, 'stalled': 1, 'truncated': 287, 'other': 0}  rss= 3192.9MB  (7679s)
step   373000/1200000  eps=0.150  episodes=  453  mean_return=940.000  mean_loss=23.46026  mean_foundation=  5.0/52  lifetime_outcomes={'won': 164, 'stalled': 1, 'truncated': 288, 'other': 0}  rss= 3192.9MB  (9085s)
step   374000/1200000  eps=0.150  episodes=  454  mean_return=1610.000  mean_loss=23.90059  mean_foundation= 24.0/52  lifetime_outcomes={'won': 164, 'stalled': 1, 'truncated': 289, 'other': 0}  rss= 3192.9MB  (9093s)
step   375000/1200000  eps=0.150  episodes=  455  mean_return=630.000  mean_loss=22.67898  mean_foundation=  9.0/52  lifetime_outcomes={'won': 164, 'stalled': 1, 'truncated': 290, 'other': 0}  rss= 3192.9MB  (9101s)
step   376000/1200000  eps=0.150  episodes=  456  mean_return=7041.940  mean_loss=24.38788  mean_foundation= 52.0/52  lifetime_outcomes={'won': 165, 'stalled': 1, 'truncated': 290, 'other': 0}  rss= 3192.9MB  (9107s)
step   377000/1200000  eps=0.150  episodes=  457  mean_return=1410.000  mean_loss=23.16711  mean_foundation= 14.0/52  lifetime_outcomes={'won': 165, 'stalled': 1, 'truncated': 291, 'other': 0}  rss= 3192.9MB  (9116s)
step   378000/1200000  eps=0.150  episodes=  458  mean_return=970.000  mean_loss=22.30954  mean_foundation=  8.0/52  lifetime_outcomes={'won': 165, 'stalled': 1, 'truncated': 292, 'other': 0}  rss= 3192.9MB  (9123s)
step   379000/1200000  eps=0.150  episodes=  459  mean_return=1350.000  mean_loss=23.37542  mean_foundation= 22.0/52  lifetime_outcomes={'won': 165, 'stalled': 1, 'truncated': 293, 'other': 0}  rss= 3192.9MB  (9131s)
step   380000/1200000  eps=0.150  episodes=  461  mean_return=4053.080  mean_loss=23.26939  mean_foundation= 30.5/52  lifetime_outcomes={'won': 166, 'stalled': 1, 'truncated': 294, 'other': 0}  rss= 3192.9MB  (9139s)
  EVAL  step   380000  win_rate=36.50%  mean_return=3164.903  mean_foundation= 26.5/52  mean_length=804.7  (greedy, 200 fixed deals)
step   381000/1200000  eps=0.150  episodes=  462  mean_return=380.000  mean_loss=23.72152  mean_foundation=  5.0/52  lifetime_outcomes={'won': 166, 'stalled': 1, 'truncated': 295, 'other': 0}  rss= 3192.9MB  (23053s)
step   382000/1200000  eps=0.150  episodes=  463  mean_return=660.000  mean_loss=22.31635  mean_foundation=  6.0/52  lifetime_outcomes={'won': 166, 'stalled': 1, 'truncated': 296, 'other': 0}  rss= 3192.9MB  (23056s)
step   383000/1200000  eps=0.150  episodes=  464  mean_return=1330.000  mean_loss=24.12619  mean_foundation= 21.0/52  lifetime_outcomes={'won': 166, 'stalled': 1, 'truncated': 297, 'other': 0}  rss= 3192.9MB  (23059s)
step   384000/1200000  eps=0.150  episodes=  465  mean_return=890.000  mean_loss=22.63318  mean_foundation=  6.0/52  lifetime_outcomes={'won': 166, 'stalled': 1, 'truncated': 298, 'other': 0}  rss= 3192.9MB  (23062s)
step   385000/1200000  eps=0.150  episodes=  466  mean_return=1130.000  mean_loss=22.82705  mean_foundation= 21.0/52  lifetime_outcomes={'won': 166, 'stalled': 1, 'truncated': 299, 'other': 0}  rss= 3192.9MB  (23066s)
step   386000/1200000  eps=0.150  episodes=  467  mean_return=480.000  mean_loss=20.74737  mean_foundation=  2.0/52  lifetime_outcomes={'won': 166, 'stalled': 1, 'truncated': 300, 'other': 0}  rss= 3192.9MB  (23070s)
step   387000/1200000  eps=0.150  episodes=  468  mean_return=1170.000  mean_loss=22.59205  mean_foundation= 10.0/52  lifetime_outcomes={'won': 166, 'stalled': 1, 'truncated': 301, 'other': 0}  rss= 3192.9MB  (23074s)
step   388000/1200000  eps=0.150  episodes=  470  mean_return=7046.165  mean_loss=21.32023  mean_foundation= 52.0/52  lifetime_outcomes={'won': 168, 'stalled': 1, 'truncated': 301, 'other': 0}  rss= 3192.9MB  (23078s)
step   389000/1200000  eps=0.150  episodes=  471  mean_return=790.000  mean_loss=23.14822  mean_foundation= 12.0/52  lifetime_outcomes={'won': 168, 'stalled': 1, 'truncated': 302, 'other': 0}  rss= 3192.9MB  (23081s)
step   390000/1200000  eps=0.150  episodes=  473  mean_return=3988.260  mean_loss=23.06358  mean_foundation= 32.0/52  lifetime_outcomes={'won': 169, 'stalled': 1, 'truncated': 303, 'other': 0}  rss= 3192.9MB  (23085s)
  EVAL  step   390000  win_rate=37.50%  mean_return=3210.434  mean_foundation= 27.3/52  mean_length=756.6  (greedy, 200 fixed deals)
step   391000/1200000  eps=0.150  episodes=  474  mean_return=950.000  mean_loss=22.26427  mean_foundation=  2.0/52  lifetime_outcomes={'won': 169, 'stalled': 1, 'truncated': 304, 'other': 0}  rss= 3192.9MB  (23353s)
step   392000/1200000  eps=0.150  episodes=  475  mean_return=1470.000  mean_loss=21.89056  mean_foundation= 20.0/52  lifetime_outcomes={'won': 169, 'stalled': 1, 'truncated': 305, 'other': 0}  rss= 3192.9MB  (23362s)
step   393000/1200000  eps=0.150  episodes=  476  mean_return=1050.000  mean_loss=23.00685  mean_foundation= 11.0/52  lifetime_outcomes={'won': 169, 'stalled': 1, 'truncated': 306, 'other': 0}  rss= 3192.9MB  (23371s)
step   394000/1200000  eps=0.150  episodes=  477  mean_return=620.000  mean_loss=22.26398  mean_foundation=  5.0/52  lifetime_outcomes={'won': 169, 'stalled': 1, 'truncated': 307, 'other': 0}  rss= 3192.9MB  (23380s)
step   395000/1200000  eps=0.150  episodes=  479  mean_return=7046.120  mean_loss=23.01235  mean_foundation= 52.0/52  lifetime_outcomes={'won': 171, 'stalled': 1, 'truncated': 307, 'other': 0}  rss= 3192.9MB  (23384s)
step   396000/1200000  eps=0.150  episodes=  480  mean_return=1300.000  mean_loss=21.51906  mean_foundation= 13.0/52  lifetime_outcomes={'won': 171, 'stalled': 1, 'truncated': 308, 'other': 0}  rss= 3192.9MB  (23387s)
step   397000/1200000  eps=0.150  episodes=  481  mean_return=1000.000  mean_loss=22.15831  mean_foundation= 12.0/52  lifetime_outcomes={'won': 171, 'stalled': 1, 'truncated': 309, 'other': 0}  rss= 3192.9MB  (23391s)
step   398000/1200000  eps=0.150  episodes=  482  mean_return=7046.070  mean_loss=22.11421  mean_foundation= 52.0/52  lifetime_outcomes={'won': 172, 'stalled': 1, 'truncated': 309, 'other': 0}  rss= 3192.9MB  (23396s)
step   399000/1200000  eps=0.150  episodes=  483  mean_return=810.000  mean_loss=21.76345  mean_foundation=  8.0/52  lifetime_outcomes={'won': 172, 'stalled': 1, 'truncated': 310, 'other': 0}  rss= 3192.9MB  (23407s)
step   400000/1200000  eps=0.150  episodes=  484  mean_return=1270.000  mean_loss=21.41993  mean_foundation= 10.0/52  lifetime_outcomes={'won': 172, 'stalled': 1, 'truncated': 311, 'other': 0}  rss= 3192.9MB  (23416s)
  EVAL  step   400000  win_rate=37.00%  mean_return=3152.191  mean_foundation= 26.8/52  mean_length=795.9  (greedy, 200 fixed deals)
step   401000/1200000  eps=0.150  episodes=  485  mean_return=1430.000  mean_loss=20.74928  mean_foundation= 18.0/52  lifetime_outcomes={'won': 172, 'stalled': 1, 'truncated': 312, 'other': 0}  rss= 3192.9MB  (23676s)
step   402000/1200000  eps=0.150  episodes=  487  mean_return=3918.350  mean_loss=20.60810  mean_foundation= 29.5/52  lifetime_outcomes={'won': 173, 'stalled': 1, 'truncated': 313, 'other': 0}  rss= 3192.9MB  (23679s)
step   403000/1200000  eps=0.150  episodes=  488  mean_return=1410.000  mean_loss=21.08780  mean_foundation= 13.0/52  lifetime_outcomes={'won': 173, 'stalled': 1, 'truncated': 314, 'other': 0}  rss= 3192.9MB  (23683s)
step   404000/1200000  eps=0.150  episodes=  489  mean_return=7042.010  mean_loss=22.10003  mean_foundation= 52.0/52  lifetime_outcomes={'won': 174, 'stalled': 1, 'truncated': 314, 'other': 0}  rss= 3192.9MB  (23687s)
step   405000/1200000  eps=0.150  episodes=  491  mean_return=3688.175  mean_loss=21.53559  mean_foundation= 28.0/52  lifetime_outcomes={'won': 175, 'stalled': 1, 'truncated': 315, 'other': 0}  rss= 3192.9MB  (23690s)
step   406000/1200000  eps=0.150  episodes=  492  mean_return=560.000  mean_loss=21.10615  mean_foundation= 10.0/52  lifetime_outcomes={'won': 175, 'stalled': 1, 'truncated': 316, 'other': 0}  rss= 3192.9MB  (23694s)
step   407000/1200000  eps=0.150  episodes=  493  mean_return=7043.430  mean_loss=21.72407  mean_foundation= 52.0/52  lifetime_outcomes={'won': 176, 'stalled': 1, 'truncated': 316, 'other': 0}  rss= 3192.9MB  (23697s)
step   408000/1200000  eps=0.150  episodes=  495  mean_return=4201.505  mean_loss=20.44032  mean_foundation= 37.0/52  lifetime_outcomes={'won': 177, 'stalled': 1, 'truncated': 317, 'other': 0}  rss= 3192.9MB  (23701s)
step   409000/1200000  eps=0.150  episodes=  496  mean_return=7043.230  mean_loss=21.32407  mean_foundation= 52.0/52  lifetime_outcomes={'won': 178, 'stalled': 1, 'truncated': 317, 'other': 0}  rss= 3192.9MB  (23704s)
step   410000/1200000  eps=0.150  episodes=  497  mean_return=7002.470  mean_loss=21.62718  mean_foundation= 52.0/52  lifetime_outcomes={'won': 179, 'stalled': 1, 'truncated': 317, 'other': 0}  rss= 3192.9MB  (23708s)
  EVAL  step   410000  win_rate=36.50%  mean_return=3171.984  mean_foundation= 27.0/52  mean_length=816.6  (greedy, 200 fixed deals)
step   411000/1200000  eps=0.150  episodes=  498  mean_return=650.000  mean_loss=20.18181  mean_foundation=  3.0/52  lifetime_outcomes={'won': 179, 'stalled': 1, 'truncated': 318, 'other': 0}  rss= 3192.9MB  (23867s)
step   412000/1200000  eps=0.150  episodes=  499  mean_return=520.000  mean_loss=21.77048  mean_foundation=  0.0/52  lifetime_outcomes={'won': 179, 'stalled': 1, 'truncated': 319, 'other': 0}  rss= 3192.9MB  (23871s)
step   413000/1200000  eps=0.150  episodes=  500  mean_return=1180.000  mean_loss=20.70497  mean_foundation=  6.0/52  lifetime_outcomes={'won': 179, 'stalled': 1, 'truncated': 320, 'other': 0}  rss= 3192.9MB  (23875s)
step   414000/1200000  eps=0.150  episodes=  501  mean_return=470.000  mean_loss=21.23170  mean_foundation=  2.0/52  lifetime_outcomes={'won': 179, 'stalled': 1, 'truncated': 321, 'other': 0}  rss= 3192.9MB  (23878s)
step   415000/1200000  eps=0.150  episodes=  502  mean_return=1050.000  mean_loss=20.70202  mean_foundation= 12.0/52  lifetime_outcomes={'won': 179, 'stalled': 1, 'truncated': 322, 'other': 0}  rss= 3192.9MB  (23882s)
step   416000/1200000  eps=0.150  episodes=  503  mean_return=510.000  mean_loss=20.10544  mean_foundation=  5.0/52  lifetime_outcomes={'won': 179, 'stalled': 1, 'truncated': 323, 'other': 0}  rss= 3192.9MB  (23885s)
step   417000/1200000  eps=0.150  episodes=  504  mean_return=1090.000  mean_loss=20.80999  mean_foundation= 11.0/52  lifetime_outcomes={'won': 179, 'stalled': 1, 'truncated': 324, 'other': 0}  rss= 3192.9MB  (23889s)
step   418000/1200000  eps=0.150  episodes=  505  mean_return=790.000  mean_loss=19.87417  mean_foundation=  6.0/52  lifetime_outcomes={'won': 179, 'stalled': 1, 'truncated': 325, 'other': 0}  rss= 3192.9MB  (23892s)
step   419000/1200000  eps=0.150  episodes=  506  mean_return=7041.100  mean_loss=19.11109  mean_foundation= 52.0/52  lifetime_outcomes={'won': 180, 'stalled': 1, 'truncated': 325, 'other': 0}  rss= 3192.9MB  (23896s)
step   420000/1200000  eps=0.150  episodes=  507  mean_return=410.000  mean_loss=18.89868  mean_foundation=  7.0/52  lifetime_outcomes={'won': 180, 'stalled': 1, 'truncated': 326, 'other': 0}  rss= 3192.9MB  (23899s)
  EVAL  step   420000  win_rate=33.50%  mean_return=2960.815  mean_foundation= 25.7/52  mean_length=798.5  (greedy, 200 fixed deals)
step   421000/1200000  eps=0.150  episodes=  509  mean_return=3963.015  mean_loss=19.33152  mean_foundation= 33.0/52  lifetime_outcomes={'won': 181, 'stalled': 1, 'truncated': 327, 'other': 0}  rss= 3192.9MB  (24057s)
step   422000/1200000  eps=0.150  episodes=  511  mean_return=7045.645  mean_loss=19.82648  mean_foundation= 52.0/52  lifetime_outcomes={'won': 183, 'stalled': 1, 'truncated': 327, 'other': 0}  rss= 3192.9MB  (24061s)
step   423000/1200000  eps=0.150  episodes=  512  mean_return=770.000  mean_loss=20.58604  mean_foundation= 14.0/52  lifetime_outcomes={'won': 183, 'stalled': 1, 'truncated': 328, 'other': 0}  rss= 3192.9MB  (24064s)
step   424000/1200000  eps=0.150  episodes=  514  mean_return=7044.415  mean_loss=18.83002  mean_foundation= 52.0/52  lifetime_outcomes={'won': 185, 'stalled': 1, 'truncated': 328, 'other': 0}  rss= 3192.9MB  (24068s)
step   425000/1200000  eps=0.150  episodes=  515  mean_return=120.000  mean_loss=19.46909  mean_foundation=  7.0/52  lifetime_outcomes={'won': 185, 'stalled': 1, 'truncated': 329, 'other': 0}  rss= 3192.9MB  (24071s)
step   426000/1200000  eps=0.150  episodes=  516  mean_return=7045.210  mean_loss=19.60793  mean_foundation= 52.0/52  lifetime_outcomes={'won': 186, 'stalled': 1, 'truncated': 329, 'other': 0}  rss= 3192.9MB  (24075s)
step   427000/1200000  eps=0.150  episodes=  517  mean_return=460.000  mean_loss=19.00324  mean_foundation=  2.0/52  lifetime_outcomes={'won': 186, 'stalled': 1, 'truncated': 330, 'other': 0}  rss= 3192.9MB  (24079s)
step   428000/1200000  eps=0.150  episodes=  518  mean_return=1530.000  mean_loss=19.42745  mean_foundation= 39.0/52  lifetime_outcomes={'won': 186, 'stalled': 1, 'truncated': 331, 'other': 0}  rss= 3192.9MB  (24082s)
step   429000/1200000  eps=0.150  episodes=  520  mean_return=4058.690  mean_loss=18.88286  mean_foundation= 36.0/52  lifetime_outcomes={'won': 187, 'stalled': 1, 'truncated': 332, 'other': 0}  rss= 3192.9MB  (24085s)
step   430000/1200000  eps=0.150  episodes=  522  mean_return=4027.700  mean_loss=19.75532  mean_foundation= 29.5/52  lifetime_outcomes={'won': 188, 'stalled': 1, 'truncated': 333, 'other': 0}  rss= 3192.9MB  (24089s)
  EVAL  step   430000  win_rate=33.00%  mean_return=2993.783  mean_foundation= 25.8/52  mean_length=856.7  (greedy, 200 fixed deals)
step   431000/1200000  eps=0.150  episodes=  523  mean_return=190.000  mean_loss=18.87450  mean_foundation=  5.0/52  lifetime_outcomes={'won': 188, 'stalled': 1, 'truncated': 334, 'other': 0}  rss= 3192.9MB  (24254s)
step   432000/1200000  eps=0.150  episodes=  524  mean_return=800.000  mean_loss=18.55718  mean_foundation=  7.0/52  lifetime_outcomes={'won': 188, 'stalled': 1, 'truncated': 335, 'other': 0}  rss= 3192.9MB  (24257s)
step   433000/1200000  eps=0.150  episodes=  525  mean_return=430.000  mean_loss=19.51588  mean_foundation=  9.0/52  lifetime_outcomes={'won': 188, 'stalled': 1, 'truncated': 336, 'other': 0}  rss= 3192.9MB  (24261s)
step   434000/1200000  eps=0.150  episodes=  526  mean_return=1580.000  mean_loss=18.89106  mean_foundation= 25.0/52  lifetime_outcomes={'won': 188, 'stalled': 1, 'truncated': 337, 'other': 0}  rss= 3192.9MB  (24264s)
step   435000/1200000  eps=0.150  episodes=  527  mean_return=790.000  mean_loss=19.43001  mean_foundation=  5.0/52  lifetime_outcomes={'won': 188, 'stalled': 1, 'truncated': 338, 'other': 0}  rss= 3192.9MB  (24268s)
step   436000/1200000  eps=0.150  episodes=  528  mean_return=650.000  mean_loss=19.27958  mean_foundation=  4.0/52  lifetime_outcomes={'won': 188, 'stalled': 1, 'truncated': 339, 'other': 0}  rss= 3192.9MB  (24271s)
step   437000/1200000  eps=0.150  episodes=  530  mean_return=7044.575  mean_loss=17.73095  mean_foundation= 52.0/52  lifetime_outcomes={'won': 190, 'stalled': 1, 'truncated': 339, 'other': 0}  rss= 3192.9MB  (24275s)
step   438000/1200000  eps=0.150  episodes=  531  mean_return=600.000  mean_loss=20.00440  mean_foundation=  6.0/52  lifetime_outcomes={'won': 190, 'stalled': 1, 'truncated': 340, 'other': 0}  rss= 3192.9MB  (24279s)
step   439000/1200000  eps=0.150  episodes=  532  mean_return=1170.000  mean_loss=18.56681  mean_foundation= 10.0/52  lifetime_outcomes={'won': 190, 'stalled': 1, 'truncated': 341, 'other': 0}  rss= 3192.9MB  (24282s)
step   440000/1200000  eps=0.150  episodes=  533  mean_return=230.000  mean_loss=18.48115  mean_foundation=  4.0/52  lifetime_outcomes={'won': 190, 'stalled': 1, 'truncated': 342, 'other': 0}  rss= 3192.9MB  (24286s)
  EVAL  step   440000  win_rate=36.50%  mean_return=3151.253  mean_foundation= 26.7/52  mean_length=804.7  (greedy, 200 fixed deals)
step   441000/1200000  eps=0.150  episodes=  534  mean_return=720.000  mean_loss=18.53928  mean_foundation=  5.0/52  lifetime_outcomes={'won': 190, 'stalled': 1, 'truncated': 343, 'other': 0}  rss= 3192.9MB  (24445s)
step   442000/1200000  eps=0.150  episodes=  535  mean_return=850.000  mean_loss=17.85125  mean_foundation=  6.0/52  lifetime_outcomes={'won': 190, 'stalled': 1, 'truncated': 344, 'other': 0}  rss= 3192.9MB  (24448s)
step   443000/1200000  eps=0.150  episodes=  536  mean_return=1170.000  mean_loss=19.12108  mean_foundation= 10.0/52  lifetime_outcomes={'won': 190, 'stalled': 1, 'truncated': 345, 'other': 0}  rss= 3192.9MB  (24452s)
step   444000/1200000  eps=0.150  episodes=  537  mean_return=820.000  mean_loss=18.23364  mean_foundation=  4.0/52  lifetime_outcomes={'won': 190, 'stalled': 1, 'truncated': 346, 'other': 0}  rss= 3192.9MB  (24455s)
step   445000/1200000  eps=0.150  episodes=  538  mean_return=1340.000  mean_loss=18.34378  mean_foundation=  7.0/52  lifetime_outcomes={'won': 190, 'stalled': 1, 'truncated': 347, 'other': 0}  rss= 3192.9MB  (24459s)
step   446000/1200000  eps=0.150  episodes=  539  mean_return=7040.130  mean_loss=18.38582  mean_foundation= 52.0/52  lifetime_outcomes={'won': 191, 'stalled': 1, 'truncated': 347, 'other': 0}  rss= 3192.9MB  (24462s)
step   447000/1200000  eps=0.150  episodes=  540  mean_return=7045.700  mean_loss=18.00664  mean_foundation= 52.0/52  lifetime_outcomes={'won': 192, 'stalled': 1, 'truncated': 347, 'other': 0}  rss= 3192.9MB  (24466s)
step   448000/1200000  eps=0.150  episodes=  542  mean_return=4002.685  mean_loss=17.95423  mean_foundation= 32.0/52  lifetime_outcomes={'won': 193, 'stalled': 1, 'truncated': 348, 'other': 0}  rss= 3192.9MB  (24469s)
step   449000/1200000  eps=0.150  episodes=  543  mean_return=390.000  mean_loss=18.62284  mean_foundation=  6.0/52  lifetime_outcomes={'won': 193, 'stalled': 1, 'truncated': 349, 'other': 0}  rss= 3192.9MB  (24473s)
step   450000/1200000  eps=0.150  episodes=  544  mean_return=1080.000  mean_loss=19.26096  mean_foundation= 10.0/52  lifetime_outcomes={'won': 193, 'stalled': 1, 'truncated': 350, 'other': 0}  rss= 3192.9MB  (24476s)
  EVAL  step   450000  win_rate=38.00%  mean_return=3248.859  mean_foundation= 27.7/52  mean_length=779.1  (greedy, 200 fixed deals)
step   451000/1200000  eps=0.150  episodes=  545  mean_return=840.000  mean_loss=18.28986  mean_foundation=  5.0/52  lifetime_outcomes={'won': 193, 'stalled': 1, 'truncated': 351, 'other': 0}  rss= 3192.9MB  (24631s)
step   452000/1200000  eps=0.150  episodes=  546  mean_return=7040.710  mean_loss=18.47581  mean_foundation= 52.0/52  lifetime_outcomes={'won': 194, 'stalled': 1, 'truncated': 351, 'other': 0}  rss= 3192.9MB  (24634s)
step   453000/1200000  eps=0.150  episodes=  547  mean_return=670.000  mean_loss=18.88618  mean_foundation=  8.0/52  lifetime_outcomes={'won': 194, 'stalled': 1, 'truncated': 352, 'other': 0}  rss= 3192.9MB  (24638s)
step   454000/1200000  eps=0.150  episodes=  549  mean_return=7045.215  mean_loss=17.95995  mean_foundation= 52.0/52  lifetime_outcomes={'won': 196, 'stalled': 1, 'truncated': 352, 'other': 0}  rss= 3192.9MB  (24641s)
step   455000/1200000  eps=0.150  episodes=  550  mean_return=7044.900  mean_loss=19.00302  mean_foundation= 52.0/52  lifetime_outcomes={'won': 197, 'stalled': 1, 'truncated': 352, 'other': 0}  rss= 3192.9MB  (24645s)
step   456000/1200000  eps=0.150  episodes=  551  mean_return=1470.000  mean_loss=17.85507  mean_foundation= 14.0/52  lifetime_outcomes={'won': 197, 'stalled': 1, 'truncated': 353, 'other': 0}  rss= 3192.9MB  (24648s)
step   457000/1200000  eps=0.150  episodes=  553  mean_return=3927.190  mean_loss=18.14837  mean_foundation= 31.0/52  lifetime_outcomes={'won': 198, 'stalled': 1, 'truncated': 354, 'other': 0}  rss= 3192.9MB  (24652s)
step   458000/1200000  eps=0.150  episodes=  554  mean_return=7046.460  mean_loss=18.24727  mean_foundation= 52.0/52  lifetime_outcomes={'won': 199, 'stalled': 1, 'truncated': 354, 'other': 0}  rss= 3192.9MB  (24656s)
step   459000/1200000  eps=0.150  episodes=  555  mean_return=1310.000  mean_loss=17.50111  mean_foundation= 23.0/52  lifetime_outcomes={'won': 199, 'stalled': 1, 'truncated': 355, 'other': 0}  rss= 3192.9MB  (24659s)
step   460000/1200000  eps=0.150  episodes=  556  mean_return=1580.000  mean_loss=17.59342  mean_foundation= 29.0/52  lifetime_outcomes={'won': 199, 'stalled': 1, 'truncated': 356, 'other': 0}  rss= 3192.9MB  (24662s)
  EVAL  step   460000  win_rate=37.50%  mean_return=3228.911  mean_foundation= 27.5/52  mean_length=828.9  (greedy, 200 fixed deals)
step   461000/1200000  eps=0.150  episodes=  557  mean_return=830.000  mean_loss=17.99874  mean_foundation=  5.0/52  lifetime_outcomes={'won': 199, 'stalled': 1, 'truncated': 357, 'other': 0}  rss= 3192.9MB  (24823s)
step   462000/1200000  eps=0.150  episodes=  558  mean_return=950.000  mean_loss=17.08141  mean_foundation= 15.0/52  lifetime_outcomes={'won': 199, 'stalled': 1, 'truncated': 358, 'other': 0}  rss= 3192.9MB  (24827s)
step   463000/1200000  eps=0.150  episodes=  559  mean_return=720.000  mean_loss=19.24560  mean_foundation= 11.0/52  lifetime_outcomes={'won': 199, 'stalled': 1, 'truncated': 359, 'other': 0}  rss= 3192.9MB  (24830s)
step   464000/1200000  eps=0.150  episodes=  561  mean_return=3838.035  mean_loss=18.15510  mean_foundation= 31.0/52  lifetime_outcomes={'won': 200, 'stalled': 1, 'truncated': 360, 'other': 0}  rss= 3192.9MB  (24834s)
step   465000/1200000  eps=0.150  episodes=  563  mean_return=3723.230  mean_loss=17.27530  mean_foundation= 28.5/52  lifetime_outcomes={'won': 201, 'stalled': 1, 'truncated': 361, 'other': 0}  rss= 3192.9MB  (24838s)
step   466000/1200000  eps=0.150  episodes=  564  mean_return=7006.740  mean_loss=17.31761  mean_foundation= 52.0/52  lifetime_outcomes={'won': 202, 'stalled': 1, 'truncated': 361, 'other': 0}  rss= 3192.9MB  (24841s)
step   467000/1200000  eps=0.150  episodes=  565  mean_return=510.000  mean_loss=19.13165  mean_foundation=  2.0/52  lifetime_outcomes={'won': 202, 'stalled': 1, 'truncated': 362, 'other': 0}  rss= 3192.9MB  (24845s)
step   468000/1200000  eps=0.150  episodes=  566  mean_return=1000.000  mean_loss=17.38813  mean_foundation= 13.0/52  lifetime_outcomes={'won': 202, 'stalled': 1, 'truncated': 363, 'other': 0}  rss= 3192.9MB  (24848s)
step   469000/1200000  eps=0.150  episodes=  567  mean_return=1550.000  mean_loss=17.03785  mean_foundation= 18.0/52  lifetime_outcomes={'won': 202, 'stalled': 1, 'truncated': 364, 'other': 0}  rss= 3192.9MB  (24852s)
step   470000/1200000  eps=0.150  episodes=  568  mean_return=1010.000  mean_loss=19.12736  mean_foundation=  8.0/52  lifetime_outcomes={'won': 202, 'stalled': 1, 'truncated': 365, 'other': 0}  rss= 3192.9MB  (24856s)
  EVAL  step   470000  win_rate=38.00%  mean_return=3259.807  mean_foundation= 27.5/52  mean_length=794.3  (greedy, 200 fixed deals)
step   471000/1200000  eps=0.150  episodes=  569  mean_return=1120.000  mean_loss=17.44806  mean_foundation=  9.0/52  lifetime_outcomes={'won': 202, 'stalled': 1, 'truncated': 366, 'other': 0}  rss= 3192.9MB  (25016s)
step   472000/1200000  eps=0.150  episodes=  570  mean_return=790.000  mean_loss=17.87393  mean_foundation=  6.0/52  lifetime_outcomes={'won': 202, 'stalled': 1, 'truncated': 367, 'other': 0}  rss= 3192.9MB  (25020s)
step   473000/1200000  eps=0.150  episodes=  571  mean_return=520.000  mean_loss=17.88951  mean_foundation=  4.0/52  lifetime_outcomes={'won': 202, 'stalled': 1, 'truncated': 368, 'other': 0}  rss= 3192.9MB  (25023s)
step   474000/1200000  eps=0.150  episodes=  573  mean_return=3707.435  mean_loss=18.27805  mean_foundation= 30.5/52  lifetime_outcomes={'won': 203, 'stalled': 1, 'truncated': 369, 'other': 0}  rss= 3192.9MB  (25027s)
step   475000/1200000  eps=0.150  episodes=  574  mean_return=7045.990  mean_loss=17.28376  mean_foundation= 52.0/52  lifetime_outcomes={'won': 204, 'stalled': 1, 'truncated': 369, 'other': 0}  rss= 3192.9MB  (25031s)
step   476000/1200000  eps=0.150  episodes=  575  mean_return=1060.000  mean_loss=17.17410  mean_foundation=  8.0/52  lifetime_outcomes={'won': 204, 'stalled': 1, 'truncated': 370, 'other': 0}  rss= 3192.9MB  (25034s)
step   477000/1200000  eps=0.150  episodes=  576  mean_return=680.000  mean_loss=18.38961  mean_foundation=  9.0/52  lifetime_outcomes={'won': 204, 'stalled': 1, 'truncated': 371, 'other': 0}  rss= 3192.9MB  (25039s)
step   478000/1200000  eps=0.150  episodes=  577  mean_return=1020.000  mean_loss=17.65307  mean_foundation=  5.0/52  lifetime_outcomes={'won': 204, 'stalled': 1, 'truncated': 372, 'other': 0}  rss= 3192.9MB  (25042s)
step   479000/1200000  eps=0.150  episodes=  580  mean_return=5213.880  mean_loss=17.46885  mean_foundation= 42.0/52  lifetime_outcomes={'won': 206, 'stalled': 1, 'truncated': 373, 'other': 0}  rss= 3192.9MB  (25046s)
step   480000/1200000  eps=0.150  episodes=  581  mean_return=1210.000  mean_loss=17.05726  mean_foundation= 18.0/52  lifetime_outcomes={'won': 206, 'stalled': 1, 'truncated': 374, 'other': 0}  rss= 3192.9MB  (25049s)
  EVAL  step   480000  win_rate=34.50%  mean_return=3001.237  mean_foundation= 25.3/52  mean_length=771.3  (greedy, 200 fixed deals)
step   481000/1200000  eps=0.150  episodes=  582  mean_return=770.000  mean_loss=17.56714  mean_foundation=  5.0/52  lifetime_outcomes={'won': 206, 'stalled': 1, 'truncated': 375, 'other': 0}  rss= 3192.9MB  (25210s)
step   482000/1200000  eps=0.150  episodes=  584  mean_return=7045.370  mean_loss=17.12629  mean_foundation= 52.0/52  lifetime_outcomes={'won': 208, 'stalled': 1, 'truncated': 375, 'other': 0}  rss= 3192.9MB  (25213s)
step   483000/1200000  eps=0.150  episodes=  585  mean_return=640.000  mean_loss=17.09722  mean_foundation=  8.0/52  lifetime_outcomes={'won': 208, 'stalled': 1, 'truncated': 376, 'other': 0}  rss= 3192.9MB  (25217s)
step   484000/1200000  eps=0.150  episodes=  586  mean_return=500.000  mean_loss=17.53014  mean_foundation=  9.0/52  lifetime_outcomes={'won': 208, 'stalled': 1, 'truncated': 377, 'other': 0}  rss= 3192.9MB  (25221s)
step   485000/1200000  eps=0.150  episodes=  587  mean_return=7042.710  mean_loss=16.52802  mean_foundation= 52.0/52  lifetime_outcomes={'won': 209, 'stalled': 1, 'truncated': 377, 'other': 0}  rss= 3192.9MB  (25225s)
step   486000/1200000  eps=0.150  episodes=  588  mean_return=1680.000  mean_loss=18.28694  mean_foundation= 36.0/52  lifetime_outcomes={'won': 209, 'stalled': 1, 'truncated': 378, 'other': 0}  rss= 3192.9MB  (25229s)
step   487000/1200000  eps=0.150  episodes=  589  mean_return=1080.000  mean_loss=17.38238  mean_foundation= 10.0/52  lifetime_outcomes={'won': 209, 'stalled': 1, 'truncated': 379, 'other': 0}  rss= 3192.9MB  (25233s)
step   488000/1200000  eps=0.150  episodes=  590  mean_return=990.000  mean_loss=17.13727  mean_foundation=  8.0/52  lifetime_outcomes={'won': 209, 'stalled': 1, 'truncated': 380, 'other': 0}  rss= 3192.9MB  (25236s)
step   489000/1200000  eps=0.150  episodes=  592  mean_return=3668.175  mean_loss=17.38544  mean_foundation= 28.0/52  lifetime_outcomes={'won': 210, 'stalled': 1, 'truncated': 381, 'other': 0}  rss= 3192.9MB  (25240s)
step   490000/1200000  eps=0.150  episodes=  593  mean_return=1770.000  mean_loss=18.02588  mean_foundation= 39.0/52  lifetime_outcomes={'won': 210, 'stalled': 1, 'truncated': 382, 'other': 0}  rss= 3192.9MB  (25244s)
  EVAL  step   490000  win_rate=27.50%  mean_return=2657.957  mean_foundation= 23.3/52  mean_length=874.3  (greedy, 200 fixed deals)
step   491000/1200000  eps=0.150  episodes=  594  mean_return=7044.200  mean_loss=17.38958  mean_foundation= 52.0/52  lifetime_outcomes={'won': 211, 'stalled': 1, 'truncated': 382, 'other': 0}  rss= 3192.9MB  (25424s)
step   492000/1200000  eps=0.150  episodes=  596  mean_return=4383.230  mean_loss=17.46531  mean_foundation= 42.0/52  lifetime_outcomes={'won': 212, 'stalled': 1, 'truncated': 383, 'other': 0}  rss= 3192.9MB  (25427s)
step   493000/1200000  eps=0.150  episodes=  597  mean_return=7045.840  mean_loss=16.44596  mean_foundation= 52.0/52  lifetime_outcomes={'won': 213, 'stalled': 1, 'truncated': 383, 'other': 0}  rss= 3192.9MB  (25431s)
step   494000/1200000  eps=0.150  episodes=  599  mean_return=3812.500  mean_loss=17.73406  mean_foundation= 29.0/52  lifetime_outcomes={'won': 214, 'stalled': 1, 'truncated': 384, 'other': 0}  rss= 3192.9MB  (25435s)
step   495000/1200000  eps=0.150  episodes=  600  mean_return=7043.550  mean_loss=16.75305  mean_foundation= 52.0/52  lifetime_outcomes={'won': 215, 'stalled': 1, 'truncated': 384, 'other': 0}  rss= 3192.9MB  (25438s)
step   496000/1200000  eps=0.150  episodes=  602  mean_return=3702.620  mean_loss=18.24539  mean_foundation= 29.0/52  lifetime_outcomes={'won': 216, 'stalled': 1, 'truncated': 385, 'other': 0}  rss= 3192.9MB  (25442s)
step   497000/1200000  eps=0.150  episodes=  603  mean_return=7047.960  mean_loss=17.61366  mean_foundation= 52.0/52  lifetime_outcomes={'won': 217, 'stalled': 1, 'truncated': 385, 'other': 0}  rss= 3192.9MB  (25445s)
step   498000/1200000  eps=0.150  episodes=  605  mean_return=3902.295  mean_loss=16.65792  mean_foundation= 29.5/52  lifetime_outcomes={'won': 218, 'stalled': 1, 'truncated': 386, 'other': 0}  rss= 3192.9MB  (25449s)
step   499000/1200000  eps=0.150  episodes=  606  mean_return=1360.000  mean_loss=16.15333  mean_foundation= 10.0/52  lifetime_outcomes={'won': 218, 'stalled': 1, 'truncated': 387, 'other': 0}  rss= 3192.9MB  (25452s)
step   500000/1200000  eps=0.150  episodes=  607  mean_return=860.000  mean_loss=16.38937  mean_foundation=  5.0/52  lifetime_outcomes={'won': 218, 'stalled': 1, 'truncated': 388, 'other': 0}  rss= 3192.9MB  (25456s)
  EVAL  step   500000  win_rate=32.50%  mean_return=2946.918  mean_foundation= 25.8/52  mean_length=833.2  (greedy, 200 fixed deals)
step   501000/1200000  eps=0.150  episodes=  608  mean_return=7045.320  mean_loss=16.68202  mean_foundation= 52.0/52  lifetime_outcomes={'won': 219, 'stalled': 1, 'truncated': 388, 'other': 0}  rss= 3192.9MB  (25625s)
step   502000/1200000  eps=0.150  episodes=  609  mean_return=1550.000  mean_loss=16.82759  mean_foundation= 27.0/52  lifetime_outcomes={'won': 219, 'stalled': 1, 'truncated': 389, 'other': 0}  rss= 3192.9MB  (25629s)
step   503000/1200000  eps=0.150  episodes=  610  mean_return=1050.000  mean_loss=17.42300  mean_foundation= 17.0/52  lifetime_outcomes={'won': 219, 'stalled': 1, 'truncated': 390, 'other': 0}  rss= 3192.9MB  (25633s)
step   504000/1200000  eps=0.150  episodes=  612  mean_return=3847.880  mean_loss=16.63632  mean_foundation= 30.0/52  lifetime_outcomes={'won': 220, 'stalled': 1, 'truncated': 391, 'other': 0}  rss= 3192.9MB  (25636s)
step   505000/1200000  eps=0.150  episodes=  613  mean_return=7043.400  mean_loss=16.66181  mean_foundation= 52.0/52  lifetime_outcomes={'won': 221, 'stalled': 1, 'truncated': 391, 'other': 0}  rss= 3192.9MB  (25640s)
step   506000/1200000  eps=0.150  episodes=  614  mean_return=560.000  mean_loss=17.11331  mean_foundation=  7.0/52  lifetime_outcomes={'won': 221, 'stalled': 1, 'truncated': 392, 'other': 0}  rss= 3192.9MB  (25644s)
step   507000/1200000  eps=0.150  episodes=  616  mean_return=3962.480  mean_loss=16.96504  mean_foundation= 35.0/52  lifetime_outcomes={'won': 222, 'stalled': 1, 'truncated': 393, 'other': 0}  rss= 3192.9MB  (25647s)
step   508000/1200000  eps=0.150  episodes=  618  mean_return=7025.015  mean_loss=16.61385  mean_foundation= 52.0/52  lifetime_outcomes={'won': 224, 'stalled': 1, 'truncated': 393, 'other': 0}  rss= 3192.9MB  (25651s)
step   509000/1200000  eps=0.150  episodes=  620  mean_return=4028.670  mean_loss=16.34414  mean_foundation= 32.5/52  lifetime_outcomes={'won': 225, 'stalled': 1, 'truncated': 394, 'other': 0}  rss= 3192.9MB  (25655s)
step   510000/1200000  eps=0.150  episodes=  621  mean_return=7041.760  mean_loss=16.33209  mean_foundation= 52.0/52  lifetime_outcomes={'won': 226, 'stalled': 1, 'truncated': 394, 'other': 0}  rss= 3192.9MB  (25658s)
  EVAL  step   510000  win_rate=29.50%  mean_return=2806.911  mean_foundation= 25.5/52  mean_length=893.9  (greedy, 200 fixed deals)
step   511000/1200000  eps=0.150  episodes=  622  mean_return=1230.000  mean_loss=17.06127  mean_foundation= 11.0/52  lifetime_outcomes={'won': 226, 'stalled': 1, 'truncated': 395, 'other': 0}  rss= 3192.9MB  (25838s)
step   512000/1200000  eps=0.150  episodes=  623  mean_return=1230.000  mean_loss=16.10656  mean_foundation= 16.0/52  lifetime_outcomes={'won': 226, 'stalled': 1, 'truncated': 396, 'other': 0}  rss= 3192.9MB  (25842s)
step   513000/1200000  eps=0.150  episodes=  624  mean_return=310.000  mean_loss=15.59188  mean_foundation=  7.0/52  lifetime_outcomes={'won': 226, 'stalled': 1, 'truncated': 397, 'other': 0}  rss= 3192.9MB  (25846s)
step   514000/1200000  eps=0.150  episodes=  625  mean_return=1100.000  mean_loss=17.53658  mean_foundation= 12.0/52  lifetime_outcomes={'won': 226, 'stalled': 1, 'truncated': 398, 'other': 0}  rss= 3192.9MB  (25849s)
step   515000/1200000  eps=0.150  episodes=  626  mean_return=540.000  mean_loss=16.91506  mean_foundation=  8.0/52  lifetime_outcomes={'won': 226, 'stalled': 1, 'truncated': 399, 'other': 0}  rss= 3192.9MB  (25853s)
step   516000/1200000  eps=0.150  episodes=  627  mean_return=7041.850  mean_loss=17.03019  mean_foundation= 52.0/52  lifetime_outcomes={'won': 227, 'stalled': 1, 'truncated': 399, 'other': 0}  rss= 3192.9MB  (25856s)
step   517000/1200000  eps=0.150  episodes=  628  mean_return=1310.000  mean_loss=17.41126  mean_foundation= 19.0/52  lifetime_outcomes={'won': 227, 'stalled': 1, 'truncated': 400, 'other': 0}  rss= 3192.9MB  (25860s)
step   518000/1200000  eps=0.150  episodes=  629  mean_return=860.000  mean_loss=16.96032  mean_foundation=  8.0/52  lifetime_outcomes={'won': 227, 'stalled': 1, 'truncated': 401, 'other': 0}  rss= 3192.9MB  (25863s)
step   519000/1200000  eps=0.150  episodes=  630  mean_return=830.000  mean_loss=15.84011  mean_foundation=  5.0/52  lifetime_outcomes={'won': 227, 'stalled': 1, 'truncated': 402, 'other': 0}  rss= 3192.9MB  (25867s)
step   520000/1200000  eps=0.150  episodes=  631  mean_return=680.000  mean_loss=15.90597  mean_foundation= 13.0/52  lifetime_outcomes={'won': 227, 'stalled': 1, 'truncated': 403, 'other': 0}  rss= 3192.9MB  (25871s)
  EVAL  step   520000  win_rate=26.50%  mean_return=2655.040  mean_foundation= 24.3/52  mean_length=901.0  (greedy, 200 fixed deals)
step   521000/1200000  eps=0.150  episodes=  632  mean_return=1130.000  mean_loss=16.61068  mean_foundation= 10.0/52  lifetime_outcomes={'won': 227, 'stalled': 1, 'truncated': 404, 'other': 0}  rss= 3192.9MB  (26107s)
step   522000/1200000  eps=0.150  episodes=  633  mean_return=1080.000  mean_loss=16.57798  mean_foundation=  9.0/52  lifetime_outcomes={'won': 227, 'stalled': 1, 'truncated': 405, 'other': 0}  rss= 3192.9MB  (26117s)
step   523000/1200000  eps=0.150  episodes=  634  mean_return=7043.140  mean_loss=17.33592  mean_foundation= 52.0/52  lifetime_outcomes={'won': 228, 'stalled': 1, 'truncated': 405, 'other': 0}  rss= 3192.9MB  (26127s)
step   524000/1200000  eps=0.150  episodes=  636  mean_return=7044.580  mean_loss=16.41217  mean_foundation= 52.0/52  lifetime_outcomes={'won': 230, 'stalled': 1, 'truncated': 405, 'other': 0}  rss= 3192.9MB  (26137s)
step   525000/1200000  eps=0.150  episodes=  638  mean_return=3683.205  mean_loss=15.82862  mean_foundation= 28.5/52  lifetime_outcomes={'won': 231, 'stalled': 1, 'truncated': 406, 'other': 0}  rss= 3192.9MB  (26151s)
step   526000/1200000  eps=0.150  episodes=  639  mean_return=7043.980  mean_loss=17.00163  mean_foundation= 52.0/52  lifetime_outcomes={'won': 232, 'stalled': 1, 'truncated': 406, 'other': 0}  rss= 3192.9MB  (26160s)
step   527000/1200000  eps=0.150  episodes=  640  mean_return=1300.000  mean_loss=16.26484  mean_foundation= 13.0/52  lifetime_outcomes={'won': 232, 'stalled': 1, 'truncated': 407, 'other': 0}  rss= 3192.9MB  (26169s)
step   528000/1200000  eps=0.150  episodes=  641  mean_return=1370.000  mean_loss=15.64780  mean_foundation= 20.0/52  lifetime_outcomes={'won': 232, 'stalled': 1, 'truncated': 408, 'other': 0}  rss= 3192.9MB  (26178s)
step   529000/1200000  eps=0.150  episodes=  642  mean_return=1360.000  mean_loss=16.78103  mean_foundation= 15.0/52  lifetime_outcomes={'won': 232, 'stalled': 1, 'truncated': 409, 'other': 0}  rss= 3192.9MB  (26187s)
step   530000/1200000  eps=0.150  episodes=  643  mean_return=980.000  mean_loss=16.43726  mean_foundation= 10.0/52  lifetime_outcomes={'won': 232, 'stalled': 1, 'truncated': 410, 'other': 0}  rss= 3192.9MB  (26196s)
  EVAL  step   530000  win_rate=33.00%  mean_return=2943.385  mean_foundation= 25.5/52  mean_length=796.5  (greedy, 200 fixed deals)
step   531000/1200000  eps=0.150  episodes=  644  mean_return=7043.500  mean_loss=15.76121  mean_foundation= 52.0/52  lifetime_outcomes={'won': 233, 'stalled': 1, 'truncated': 410, 'other': 0}  rss= 3192.9MB  (26499s)
step   532000/1200000  eps=0.150  episodes=  646  mean_return=3926.645  mean_loss=16.32082  mean_foundation= 32.0/52  lifetime_outcomes={'won': 234, 'stalled': 1, 'truncated': 411, 'other': 0}  rss= 3192.9MB  (26510s)
step   533000/1200000  eps=0.150  episodes=  647  mean_return=1220.000  mean_loss=15.98700  mean_foundation= 15.0/52  lifetime_outcomes={'won': 234, 'stalled': 1, 'truncated': 412, 'other': 0}  rss= 3192.9MB  (26518s)
step   534000/1200000  eps=0.150  episodes=  648  mean_return=830.000  mean_loss=17.85145  mean_foundation= 10.0/52  lifetime_outcomes={'won': 234, 'stalled': 1, 'truncated': 413, 'other': 0}  rss= 3192.9MB  (26529s)
step   535000/1200000  eps=0.150  episodes=  649  mean_return=1520.000  mean_loss=15.67038  mean_foundation= 19.0/52  lifetime_outcomes={'won': 234, 'stalled': 1, 'truncated': 414, 'other': 0}  rss= 3192.9MB  (26537s)
step   536000/1200000  eps=0.150  episodes=  650  mean_return=520.000  mean_loss=15.53986  mean_foundation=  8.0/52  lifetime_outcomes={'won': 234, 'stalled': 1, 'truncated': 415, 'other': 0}  rss= 3192.9MB  (26547s)
step   537000/1200000  eps=0.150  episodes=  651  mean_return=220.000  mean_loss=16.43206  mean_foundation=  7.0/52  lifetime_outcomes={'won': 234, 'stalled': 1, 'truncated': 416, 'other': 0}  rss= 3192.9MB  (26555s)
step   538000/1200000  eps=0.150  episodes=  652  mean_return=630.000  mean_loss=15.80479  mean_foundation= 13.0/52  lifetime_outcomes={'won': 234, 'stalled': 1, 'truncated': 417, 'other': 0}  rss= 3192.9MB  (26563s)
step   539000/1200000  eps=0.150  episodes=  653  mean_return=1190.000  mean_loss=16.15646  mean_foundation= 10.0/52  lifetime_outcomes={'won': 234, 'stalled': 1, 'truncated': 418, 'other': 0}  rss= 3192.9MB  (26567s)
step   540000/1200000  eps=0.150  episodes=  654  mean_return=170.000  mean_loss=15.91586  mean_foundation=  2.0/52  lifetime_outcomes={'won': 234, 'stalled': 1, 'truncated': 419, 'other': 0}  rss= 3192.9MB  (26570s)
  EVAL  step   540000  win_rate=37.50%  mean_return=3194.471  mean_foundation= 27.1/52  mean_length=757.9  (greedy, 200 fixed deals)
step   541000/1200000  eps=0.150  episodes=  655  mean_return=720.000  mean_loss=15.53597  mean_foundation=  2.0/52  lifetime_outcomes={'won': 234, 'stalled': 1, 'truncated': 420, 'other': 0}  rss= 3192.9MB  (26729s)
step   542000/1200000  eps=0.150  episodes=  656  mean_return=7044.740  mean_loss=16.52928  mean_foundation= 52.0/52  lifetime_outcomes={'won': 235, 'stalled': 1, 'truncated': 420, 'other': 0}  rss= 3192.9MB  (26733s)
step   543000/1200000  eps=0.150  episodes=  657  mean_return=590.000  mean_loss=15.18072  mean_foundation=  7.0/52  lifetime_outcomes={'won': 235, 'stalled': 1, 'truncated': 421, 'other': 0}  rss= 3192.9MB  (26736s)
step   544000/1200000  eps=0.150  episodes=  658  mean_return=1520.000  mean_loss=16.73262  mean_foundation= 20.0/52  lifetime_outcomes={'won': 235, 'stalled': 1, 'truncated': 422, 'other': 0}  rss= 3192.9MB  (26740s)
step   545000/1200000  eps=0.150  episodes=  660  mean_return=3997.195  mean_loss=14.80353  mean_foundation= 33.0/52  lifetime_outcomes={'won': 236, 'stalled': 1, 'truncated': 423, 'other': 0}  rss= 3192.9MB  (26744s)
step   546000/1200000  eps=0.150  episodes=  661  mean_return=7046.170  mean_loss=15.84250  mean_foundation= 52.0/52  lifetime_outcomes={'won': 237, 'stalled': 1, 'truncated': 423, 'other': 0}  rss= 3192.9MB  (26747s)
step   547000/1200000  eps=0.150  episodes=  664  mean_return=4981.447  mean_loss=15.76297  mean_foundation= 36.7/52  lifetime_outcomes={'won': 239, 'stalled': 1, 'truncated': 424, 'other': 0}  rss= 3192.9MB  (26751s)
step   548000/1200000  eps=0.150  episodes=  665  mean_return=1310.000  mean_loss=16.42321  mean_foundation= 21.0/52  lifetime_outcomes={'won': 239, 'stalled': 1, 'truncated': 425, 'other': 0}  rss= 3192.9MB  (26755s)
step   549000/1200000  eps=0.150  episodes=  666  mean_return=550.000  mean_loss=15.23626  mean_foundation=  7.0/52  lifetime_outcomes={'won': 239, 'stalled': 1, 'truncated': 426, 'other': 0}  rss= 3192.9MB  (26759s)
step   550000/1200000  eps=0.150  episodes=  667  mean_return=1020.000  mean_loss=16.24701  mean_foundation= 14.0/52  lifetime_outcomes={'won': 239, 'stalled': 1, 'truncated': 427, 'other': 0}  rss= 3192.9MB  (26762s)
  EVAL  step   550000  win_rate=24.50%  mean_return=2541.549  mean_foundation= 24.0/52  mean_length=905.1  (greedy, 200 fixed deals)
step   551000/1200000  eps=0.150  episodes=  668  mean_return=990.000  mean_loss=15.09734  mean_foundation=  8.0/52  lifetime_outcomes={'won': 239, 'stalled': 1, 'truncated': 428, 'other': 0}  rss= 3192.9MB  (26944s)
step   552000/1200000  eps=0.150  episodes=  669  mean_return=7046.310  mean_loss=15.57705  mean_foundation= 52.0/52  lifetime_outcomes={'won': 240, 'stalled': 1, 'truncated': 428, 'other': 0}  rss= 3192.9MB  (26948s)
step   553000/1200000  eps=0.150  episodes=  670  mean_return=1360.000  mean_loss=16.20872  mean_foundation= 16.0/52  lifetime_outcomes={'won': 240, 'stalled': 1, 'truncated': 429, 'other': 0}  rss= 3192.9MB  (26952s)
step   554000/1200000  eps=0.150  episodes=  672  mean_return=3710.905  mean_loss=15.43832  mean_foundation= 28.5/52  lifetime_outcomes={'won': 241, 'stalled': 1, 'truncated': 430, 'other': 0}  rss= 3192.9MB  (26956s)
step   555000/1200000  eps=0.150  episodes=  673  mean_return=1070.000  mean_loss=16.50691  mean_foundation= 18.0/52  lifetime_outcomes={'won': 241, 'stalled': 1, 'truncated': 431, 'other': 0}  rss= 3192.9MB  (26960s)
step   556000/1200000  eps=0.150  episodes=  674  mean_return=480.000  mean_loss=16.59016  mean_foundation= 11.0/52  lifetime_outcomes={'won': 241, 'stalled': 1, 'truncated': 432, 'other': 0}  rss= 3192.9MB  (26963s)
step   557000/1200000  eps=0.150  episodes=  676  mean_return=7044.840  mean_loss=16.26714  mean_foundation= 52.0/52  lifetime_outcomes={'won': 243, 'stalled': 1, 'truncated': 432, 'other': 0}  rss= 3192.9MB  (26967s)
step   558000/1200000  eps=0.150  episodes=  677  mean_return=7045.380  mean_loss=16.13667  mean_foundation= 52.0/52  lifetime_outcomes={'won': 244, 'stalled': 1, 'truncated': 432, 'other': 0}  rss= 3192.9MB  (26971s)
step   559000/1200000  eps=0.150  episodes=  678  mean_return=420.000  mean_loss=15.79774  mean_foundation=  1.0/52  lifetime_outcomes={'won': 244, 'stalled': 1, 'truncated': 433, 'other': 0}  rss= 3192.9MB  (26975s)
step   560000/1200000  eps=0.150  episodes=  679  mean_return=7042.110  mean_loss=15.94370  mean_foundation= 52.0/52  lifetime_outcomes={'won': 245, 'stalled': 1, 'truncated': 433, 'other': 0}  rss= 3192.9MB  (26979s)
  EVAL  step   560000  win_rate=35.50%  mean_return=3060.445  mean_foundation= 26.0/52  mean_length=785.5  (greedy, 200 fixed deals)
step   561000/1200000  eps=0.150  episodes=  680  mean_return=710.000  mean_loss=16.33796  mean_foundation=  3.0/52  lifetime_outcomes={'won': 245, 'stalled': 1, 'truncated': 434, 'other': 0}  rss= 3192.9MB  (27142s)
step   562000/1200000  eps=0.150  episodes=  681  mean_return=910.000  mean_loss=16.42843  mean_foundation= 20.0/52  lifetime_outcomes={'won': 245, 'stalled': 1, 'truncated': 435, 'other': 0}  rss= 3192.9MB  (27145s)
step   563000/1200000  eps=0.150  episodes=  683  mean_return=4153.595  mean_loss=15.40274  mean_foundation= 34.5/52  lifetime_outcomes={'won': 246, 'stalled': 1, 'truncated': 436, 'other': 0}  rss= 3192.9MB  (27149s)
step   564000/1200000  eps=0.150  episodes=  685  mean_return=4133.620  mean_loss=15.46333  mean_foundation= 35.5/52  lifetime_outcomes={'won': 247, 'stalled': 1, 'truncated': 437, 'other': 0}  rss= 3192.9MB  (27153s)
step   565000/1200000  eps=0.150  episodes=  686  mean_return=7043.080  mean_loss=15.88426  mean_foundation= 52.0/52  lifetime_outcomes={'won': 248, 'stalled': 1, 'truncated': 437, 'other': 0}  rss= 3192.9MB  (27157s)
step   566000/1200000  eps=0.150  episodes=  687  mean_return=790.000  mean_loss=15.17174  mean_foundation= 17.0/52  lifetime_outcomes={'won': 248, 'stalled': 1, 'truncated': 438, 'other': 0}  rss= 3192.9MB  (27160s)
step   567000/1200000  eps=0.150  episodes=  688  mean_return=180.000  mean_loss=16.01873  mean_foundation=  3.0/52  lifetime_outcomes={'won': 248, 'stalled': 1, 'truncated': 439, 'other': 0}  rss= 3192.9MB  (27164s)
step   568000/1200000  eps=0.150  episodes=  689  mean_return=840.000  mean_loss=15.16626  mean_foundation= 18.0/52  lifetime_outcomes={'won': 248, 'stalled': 1, 'truncated': 440, 'other': 0}  rss= 3192.9MB  (27168s)
step   569000/1200000  eps=0.150  episodes=  690  mean_return=1210.000  mean_loss=15.36314  mean_foundation= 12.0/52  lifetime_outcomes={'won': 248, 'stalled': 1, 'truncated': 441, 'other': 0}  rss= 3192.9MB  (27172s)
step   570000/1200000  eps=0.150  episodes=  691  mean_return=1360.000  mean_loss=16.22201  mean_foundation= 19.0/52  lifetime_outcomes={'won': 248, 'stalled': 1, 'truncated': 442, 'other': 0}  rss= 3192.9MB  (27176s)
  EVAL  step   570000  win_rate=32.00%  mean_return=2927.390  mean_foundation= 25.9/52  mean_length=866.0  (greedy, 200 fixed deals)
step   571000/1200000  eps=0.150  episodes=  692  mean_return=1160.000  mean_loss=15.05947  mean_foundation=  8.0/52  lifetime_outcomes={'won': 248, 'stalled': 1, 'truncated': 443, 'other': 0}  rss= 3192.9MB  (27350s)
step   572000/1200000  eps=0.150  episodes=  693  mean_return=630.000  mean_loss=15.28618  mean_foundation=  9.0/52  lifetime_outcomes={'won': 248, 'stalled': 1, 'truncated': 444, 'other': 0}  rss= 3192.9MB  (27353s)
step   573000/1200000  eps=0.150  episodes=  694  mean_return=1390.000  mean_loss=14.96098  mean_foundation= 14.0/52  lifetime_outcomes={'won': 248, 'stalled': 1, 'truncated': 445, 'other': 0}  rss= 3192.9MB  (27356s)
step   574000/1200000  eps=0.150  episodes=  695  mean_return=880.000  mean_loss=15.34510  mean_foundation= 18.0/52  lifetime_outcomes={'won': 248, 'stalled': 1, 'truncated': 446, 'other': 0}  rss= 3192.9MB  (27360s)
step   575000/1200000  eps=0.150  episodes=  696  mean_return=700.000  mean_loss=16.34454  mean_foundation=  6.0/52  lifetime_outcomes={'won': 248, 'stalled': 1, 'truncated': 447, 'other': 0}  rss= 3192.9MB  (27363s)
step   576000/1200000  eps=0.150  episodes=  697  mean_return=620.000  mean_loss=14.60850  mean_foundation=  5.0/52  lifetime_outcomes={'won': 248, 'stalled': 1, 'truncated': 448, 'other': 0}  rss= 3192.9MB  (27367s)
step   577000/1200000  eps=0.150  episodes=  698  mean_return=270.000  mean_loss=16.24926  mean_foundation=  7.0/52  lifetime_outcomes={'won': 248, 'stalled': 1, 'truncated': 449, 'other': 0}  rss= 3192.9MB  (27370s)
step   578000/1200000  eps=0.150  episodes=  700  mean_return=4322.600  mean_loss=15.81051  mean_foundation= 42.5/52  lifetime_outcomes={'won': 249, 'stalled': 1, 'truncated': 450, 'other': 0}  rss= 3192.9MB  (27374s)
step   579000/1200000  eps=0.150  episodes=  701  mean_return=250.000  mean_loss=14.59562  mean_foundation=  4.0/52  lifetime_outcomes={'won': 249, 'stalled': 1, 'truncated': 451, 'other': 0}  rss= 3192.9MB  (27377s)
step   580000/1200000  eps=0.150  episodes=  702  mean_return=1080.000  mean_loss=15.20132  mean_foundation= 14.0/52  lifetime_outcomes={'won': 249, 'stalled': 1, 'truncated': 452, 'other': 0}  rss= 3192.9MB  (27381s)
  EVAL  step   580000  win_rate=33.50%  mean_return=2961.691  mean_foundation= 25.7/52  mean_length=795.9  (greedy, 200 fixed deals)
step   581000/1200000  eps=0.150  episodes=  704  mean_return=7046.585  mean_loss=16.02992  mean_foundation= 52.0/52  lifetime_outcomes={'won': 251, 'stalled': 1, 'truncated': 452, 'other': 0}  rss= 3192.9MB  (27545s)
step   582000/1200000  eps=0.150  episodes=  705  mean_return=180.000  mean_loss=15.22965  mean_foundation=  3.0/52  lifetime_outcomes={'won': 251, 'stalled': 1, 'truncated': 453, 'other': 0}  rss= 3192.9MB  (27548s)
step   583000/1200000  eps=0.150  episodes=  706  mean_return=730.000  mean_loss=14.92899  mean_foundation=  4.0/52  lifetime_outcomes={'won': 251, 'stalled': 1, 'truncated': 454, 'other': 0}  rss= 3192.9MB  (27552s)
step   584000/1200000  eps=0.150  episodes=  708  mean_return=3633.510  mean_loss=14.60509  mean_foundation= 28.5/52  lifetime_outcomes={'won': 252, 'stalled': 1, 'truncated': 455, 'other': 0}  rss= 3192.9MB  (27556s)
step   585000/1200000  eps=0.150  episodes=  709  mean_return=1040.000  mean_loss=14.26166  mean_foundation= 12.0/52  lifetime_outcomes={'won': 252, 'stalled': 1, 'truncated': 456, 'other': 0}  rss= 3192.9MB  (27559s)
step   586000/1200000  eps=0.150  episodes=  710  mean_return=440.000  mean_loss=14.90528  mean_foundation=  6.0/52  lifetime_outcomes={'won': 252, 'stalled': 1, 'truncated': 457, 'other': 0}  rss= 3192.9MB  (27563s)
step   587000/1200000  eps=0.150  episodes=  711  mean_return=880.000  mean_loss=14.77230  mean_foundation=  6.0/52  lifetime_outcomes={'won': 252, 'stalled': 1, 'truncated': 458, 'other': 0}  rss= 3192.9MB  (27567s)
step   588000/1200000  eps=0.150  episodes=  712  mean_return=7007.550  mean_loss=15.34902  mean_foundation= 52.0/52  lifetime_outcomes={'won': 253, 'stalled': 1, 'truncated': 458, 'other': 0}  rss= 3192.9MB  (27570s)
step   589000/1200000  eps=0.150  episodes=  714  mean_return=4403.135  mean_loss=14.63118  mean_foundation= 38.0/52  lifetime_outcomes={'won': 254, 'stalled': 1, 'truncated': 459, 'other': 0}  rss= 3192.9MB  (27574s)
step   590000/1200000  eps=0.150  episodes=  715  mean_return=680.000  mean_loss=14.06309  mean_foundation=  6.0/52  lifetime_outcomes={'won': 254, 'stalled': 1, 'truncated': 460, 'other': 0}  rss= 3192.9MB  (27577s)
  EVAL  step   590000  win_rate=39.00%  mean_return=3302.216  mean_foundation= 27.8/52  mean_length=793.4  (greedy, 200 fixed deals)
step   591000/1200000  eps=0.150  episodes=  716  mean_return=580.000  mean_loss=15.18088  mean_foundation=  9.0/52  lifetime_outcomes={'won': 254, 'stalled': 1, 'truncated': 461, 'other': 0}  rss= 3192.9MB  (27737s)
step   592000/1200000  eps=0.150  episodes=  717  mean_return=7043.870  mean_loss=13.87865  mean_foundation= 52.0/52  lifetime_outcomes={'won': 255, 'stalled': 1, 'truncated': 461, 'other': 0}  rss= 3192.9MB  (27740s)
step   593000/1200000  eps=0.150  episodes=  718  mean_return=1190.000  mean_loss=15.29873  mean_foundation= 21.0/52  lifetime_outcomes={'won': 255, 'stalled': 1, 'truncated': 462, 'other': 0}  rss= 3192.9MB  (27744s)
step   594000/1200000  eps=0.150  episodes=  719  mean_return=850.000  mean_loss=15.49978  mean_foundation= 10.0/52  lifetime_outcomes={'won': 255, 'stalled': 1, 'truncated': 463, 'other': 0}  rss= 3192.9MB  (27748s)
step   595000/1200000  eps=0.150  episodes=  720  mean_return=670.000  mean_loss=14.82346  mean_foundation=  7.0/52  lifetime_outcomes={'won': 255, 'stalled': 1, 'truncated': 464, 'other': 0}  rss= 3192.9MB  (27752s)
step   596000/1200000  eps=0.150  episodes=  723  mean_return=4900.707  mean_loss=14.62327  mean_foundation= 38.0/52  lifetime_outcomes={'won': 257, 'stalled': 1, 'truncated': 465, 'other': 0}  rss= 3192.9MB  (27755s)
step   597000/1200000  eps=0.150  episodes=  724  mean_return=570.000  mean_loss=14.56139  mean_foundation=  6.0/52  lifetime_outcomes={'won': 257, 'stalled': 1, 'truncated': 466, 'other': 0}  rss= 3192.9MB  (27759s)
step   598000/1200000  eps=0.150  episodes=  725  mean_return=900.000  mean_loss=14.25752  mean_foundation=  6.0/52  lifetime_outcomes={'won': 257, 'stalled': 1, 'truncated': 467, 'other': 0}  rss= 3192.9MB  (27763s)
step   599000/1200000  eps=0.150  episodes=  726  mean_return=1680.000  mean_loss=15.01189  mean_foundation= 36.0/52  lifetime_outcomes={'won': 257, 'stalled': 1, 'truncated': 468, 'other': 0}  rss= 3192.9MB  (27766s)
step   600000/1200000  eps=0.150  episodes=  727  mean_return=7040.410  mean_loss=13.46376  mean_foundation= 52.0/52  lifetime_outcomes={'won': 258, 'stalled': 1, 'truncated': 468, 'other': 0}  rss= 3192.9MB  (27770s)
  EVAL  step   600000  win_rate=32.50%  mean_return=2936.343  mean_foundation= 25.1/52  mean_length=855.7  (greedy, 200 fixed deals)
step   601000/1200000  eps=0.150  episodes=  728  mean_return=7046.590  mean_loss=15.46933  mean_foundation= 52.0/52  lifetime_outcomes={'won': 259, 'stalled': 1, 'truncated': 468, 'other': 0}  rss= 3192.9MB  (27942s)
step   602000/1200000  eps=0.150  episodes=  729  mean_return=710.000  mean_loss=14.18562  mean_foundation=  6.0/52  lifetime_outcomes={'won': 259, 'stalled': 1, 'truncated': 469, 'other': 0}  rss= 3192.9MB  (27946s)
step   603000/1200000  eps=0.150  episodes=  730  mean_return=720.000  mean_loss=14.73943  mean_foundation=  4.0/52  lifetime_outcomes={'won': 259, 'stalled': 1, 'truncated': 470, 'other': 0}  rss= 3192.9MB  (27950s)
step   604000/1200000  eps=0.150  episodes=  731  mean_return=980.000  mean_loss=14.31236  mean_foundation= 14.0/52  lifetime_outcomes={'won': 259, 'stalled': 1, 'truncated': 471, 'other': 0}  rss= 3192.9MB  (27953s)
step   605000/1200000  eps=0.150  episodes=  732  mean_return=630.000  mean_loss=15.64008  mean_foundation=  6.0/52  lifetime_outcomes={'won': 259, 'stalled': 1, 'truncated': 472, 'other': 0}  rss= 3192.9MB  (27957s)
step   606000/1200000  eps=0.150  episodes=  733  mean_return=1350.000  mean_loss=14.30635  mean_foundation=  8.0/52  lifetime_outcomes={'won': 259, 'stalled': 1, 'truncated': 473, 'other': 0}  rss= 3192.9MB  (27961s)
step   607000/1200000  eps=0.150  episodes=  734  mean_return=1080.000  mean_loss=15.59975  mean_foundation=  5.0/52  lifetime_outcomes={'won': 259, 'stalled': 1, 'truncated': 474, 'other': 0}  rss= 3192.9MB  (27965s)
step   608000/1200000  eps=0.150  episodes=  735  mean_return=1410.000  mean_loss=13.66979  mean_foundation=  9.0/52  lifetime_outcomes={'won': 259, 'stalled': 1, 'truncated': 475, 'other': 0}  rss= 3192.9MB  (27969s)
step   609000/1200000  eps=0.150  episodes=  736  mean_return=1190.000  mean_loss=13.54096  mean_foundation= 12.0/52  lifetime_outcomes={'won': 259, 'stalled': 1, 'truncated': 476, 'other': 0}  rss= 3192.9MB  (27973s)
step   610000/1200000  eps=0.150  episodes=  737  mean_return=7041.050  mean_loss=14.35898  mean_foundation= 52.0/52  lifetime_outcomes={'won': 260, 'stalled': 1, 'truncated': 476, 'other': 0}  rss= 3192.9MB  (27976s)
  EVAL  step   610000  win_rate=37.50%  mean_return=3233.638  mean_foundation= 27.3/52  mean_length=811.2  (greedy, 200 fixed deals)
step   611000/1200000  eps=0.150  episodes=  739  mean_return=3696.820  mean_loss=14.13676  mean_foundation= 29.5/52  lifetime_outcomes={'won': 261, 'stalled': 1, 'truncated': 477, 'other': 0}  rss= 3192.9MB  (28137s)
step   612000/1200000  eps=0.150  episodes=  740  mean_return=570.000  mean_loss=15.51081  mean_foundation=  6.0/52  lifetime_outcomes={'won': 261, 'stalled': 1, 'truncated': 478, 'other': 0}  rss= 3192.9MB  (28140s)
step   613000/1200000  eps=0.150  episodes=  741  mean_return=7043.280  mean_loss=14.01237  mean_foundation= 52.0/52  lifetime_outcomes={'won': 262, 'stalled': 1, 'truncated': 478, 'other': 0}  rss= 3192.9MB  (28144s)
step   614000/1200000  eps=0.150  episodes=  742  mean_return=1130.000  mean_loss=15.08304  mean_foundation= 10.0/52  lifetime_outcomes={'won': 262, 'stalled': 1, 'truncated': 479, 'other': 0}  rss= 3192.9MB  (28147s)
step   615000/1200000  eps=0.150  episodes=  743  mean_return=1070.000  mean_loss=13.22671  mean_foundation= 13.0/52  lifetime_outcomes={'won': 262, 'stalled': 1, 'truncated': 480, 'other': 0}  rss= 3192.9MB  (28151s)
step   616000/1200000  eps=0.150  episodes=  745  mean_return=3713.375  mean_loss=14.46369  mean_foundation= 27.5/52  lifetime_outcomes={'won': 263, 'stalled': 1, 'truncated': 481, 'other': 0}  rss= 3192.9MB  (28155s)
step   617000/1200000  eps=0.150  episodes=  747  mean_return=7043.975  mean_loss=14.47153  mean_foundation= 52.0/52  lifetime_outcomes={'won': 265, 'stalled': 1, 'truncated': 481, 'other': 0}  rss= 3192.9MB  (28158s)
step   618000/1200000  eps=0.150  episodes=  748  mean_return=1170.000  mean_loss=14.14573  mean_foundation=  9.0/52  lifetime_outcomes={'won': 265, 'stalled': 1, 'truncated': 482, 'other': 0}  rss= 3192.9MB  (28162s)
step   619000/1200000  eps=0.150  episodes=  749  mean_return=1470.000  mean_loss=14.53014  mean_foundation= 25.0/52  lifetime_outcomes={'won': 265, 'stalled': 1, 'truncated': 483, 'other': 0}  rss= 3192.9MB  (28166s)
step   620000/1200000  eps=0.150  episodes=  750  mean_return=360.000  mean_loss=13.67101  mean_foundation=  7.0/52  lifetime_outcomes={'won': 265, 'stalled': 1, 'truncated': 484, 'other': 0}  rss= 3192.9MB  (28169s)
  EVAL  step   620000  win_rate=40.50%  mean_return=3380.347  mean_foundation= 27.8/52  mean_length=780.3  (greedy, 200 fixed deals)
step   621000/1200000  eps=0.150  episodes=  751  mean_return=7041.990  mean_loss=14.66176  mean_foundation= 52.0/52  lifetime_outcomes={'won': 266, 'stalled': 1, 'truncated': 484, 'other': 0}  rss= 3192.9MB  (28324s)
step   622000/1200000  eps=0.150  episodes=  752  mean_return=1120.000  mean_loss=14.70977  mean_foundation= 10.0/52  lifetime_outcomes={'won': 266, 'stalled': 1, 'truncated': 485, 'other': 0}  rss= 3192.9MB  (28327s)
step   623000/1200000  eps=0.150  episodes=  753  mean_return=7043.540  mean_loss=14.01175  mean_foundation= 52.0/52  lifetime_outcomes={'won': 267, 'stalled': 1, 'truncated': 485, 'other': 0}  rss= 3192.9MB  (28331s)
step   624000/1200000  eps=0.150  episodes=  754  mean_return=1950.000  mean_loss=12.83698  mean_foundation= 43.0/52  lifetime_outcomes={'won': 267, 'stalled': 1, 'truncated': 486, 'other': 0}  rss= 3192.9MB  (28334s)
step   625000/1200000  eps=0.150  episodes=  755  mean_return=860.000  mean_loss=13.81892  mean_foundation= 14.0/52  lifetime_outcomes={'won': 267, 'stalled': 1, 'truncated': 487, 'other': 0}  rss= 3192.9MB  (28338s)
step   626000/1200000  eps=0.150  episodes=  757  mean_return=4418.355  mean_loss=13.06752  mean_foundation= 44.0/52  lifetime_outcomes={'won': 268, 'stalled': 1, 'truncated': 488, 'other': 0}  rss= 3192.9MB  (28341s)
step   627000/1200000  eps=0.150  episodes=  758  mean_return=490.000  mean_loss=13.36511  mean_foundation=  3.0/52  lifetime_outcomes={'won': 268, 'stalled': 1, 'truncated': 489, 'other': 0}  rss= 3192.9MB  (28345s)
step   628000/1200000  eps=0.150  episodes=  759  mean_return=1350.000  mean_loss=13.71995  mean_foundation= 23.0/52  lifetime_outcomes={'won': 268, 'stalled': 1, 'truncated': 490, 'other': 0}  rss= 3192.9MB  (28349s)
step   629000/1200000  eps=0.150  episodes=  760  mean_return=1220.000  mean_loss=15.08308  mean_foundation= 10.0/52  lifetime_outcomes={'won': 268, 'stalled': 1, 'truncated': 491, 'other': 0}  rss= 3192.9MB  (28352s)
step   630000/1200000  eps=0.150  episodes=  761  mean_return=990.000  mean_loss=13.49838  mean_foundation= 15.0/52  lifetime_outcomes={'won': 268, 'stalled': 1, 'truncated': 492, 'other': 0}  rss= 3192.9MB  (28356s)
  EVAL  step   630000  win_rate=36.00%  mean_return=3136.375  mean_foundation= 27.4/52  mean_length=777.5  (greedy, 200 fixed deals)
step   631000/1200000  eps=0.150  episodes=  762  mean_return=7041.070  mean_loss=14.25221  mean_foundation= 52.0/52  lifetime_outcomes={'won': 269, 'stalled': 1, 'truncated': 492, 'other': 0}  rss= 3200.0MB  (28519s)
step   632000/1200000  eps=0.150  episodes=  763  mean_return=1280.000  mean_loss=14.03236  mean_foundation= 21.0/52  lifetime_outcomes={'won': 269, 'stalled': 1, 'truncated': 493, 'other': 0}  rss= 3200.0MB  (28523s)
step   633000/1200000  eps=0.150  episodes=  764  mean_return=660.000  mean_loss=12.55372  mean_foundation= 10.0/52  lifetime_outcomes={'won': 269, 'stalled': 1, 'truncated': 494, 'other': 0}  rss= 3200.0MB  (28526s)
step   634000/1200000  eps=0.150  episodes=  765  mean_return=250.000  mean_loss=14.15294  mean_foundation=  5.0/52  lifetime_outcomes={'won': 269, 'stalled': 1, 'truncated': 495, 'other': 0}  rss= 3200.0MB  (28530s)
step   635000/1200000  eps=0.150  episodes=  767  mean_return=4058.365  mean_loss=13.74762  mean_foundation= 29.5/52  lifetime_outcomes={'won': 270, 'stalled': 1, 'truncated': 496, 'other': 0}  rss= 3200.0MB  (28533s)
step   636000/1200000  eps=0.150  episodes=  769  mean_return=7045.010  mean_loss=13.00322  mean_foundation= 52.0/52  lifetime_outcomes={'won': 272, 'stalled': 1, 'truncated': 496, 'other': 0}  rss= 3200.0MB  (28537s)
step   637000/1200000  eps=0.150  episodes=  770  mean_return=800.000  mean_loss=13.24818  mean_foundation=  4.0/52  lifetime_outcomes={'won': 272, 'stalled': 1, 'truncated': 497, 'other': 0}  rss= 3200.0MB  (28540s)
step   638000/1200000  eps=0.150  episodes=  771  mean_return=920.000  mean_loss=14.35532  mean_foundation=  5.0/52  lifetime_outcomes={'won': 272, 'stalled': 1, 'truncated': 498, 'other': 0}  rss= 3200.0MB  (28544s)
step   639000/1200000  eps=0.150  episodes=  772  mean_return=7045.750  mean_loss=13.64653  mean_foundation= 52.0/52  lifetime_outcomes={'won': 273, 'stalled': 1, 'truncated': 498, 'other': 0}  rss= 3200.0MB  (28548s)
step   640000/1200000  eps=0.150  episodes=  774  mean_return=3768.215  mean_loss=12.92160  mean_foundation= 33.5/52  lifetime_outcomes={'won': 274, 'stalled': 1, 'truncated': 499, 'other': 0}  rss= 3200.0MB  (28551s)
  EVAL  step   640000  win_rate=29.50%  mean_return=2806.960  mean_foundation= 24.7/52  mean_length=879.0  (greedy, 200 fixed deals)
step   641000/1200000  eps=0.150  episodes=  775  mean_return=1000.000  mean_loss=13.63645  mean_foundation=  7.0/52  lifetime_outcomes={'won': 274, 'stalled': 1, 'truncated': 500, 'other': 0}  rss= 3200.0MB  (28728s)
step   642000/1200000  eps=0.150  episodes=  776  mean_return=7044.900  mean_loss=13.73604  mean_foundation= 52.0/52  lifetime_outcomes={'won': 275, 'stalled': 1, 'truncated': 500, 'other': 0}  rss= 3200.0MB  (28732s)
step   643000/1200000  eps=0.150  episodes=  777  mean_return=730.000  mean_loss=13.20682  mean_foundation=  6.0/52  lifetime_outcomes={'won': 275, 'stalled': 1, 'truncated': 501, 'other': 0}  rss= 3200.0MB  (28735s)
step   644000/1200000  eps=0.150  episodes=  778  mean_return=280.000  mean_loss=13.59319  mean_foundation=  5.0/52  lifetime_outcomes={'won': 275, 'stalled': 1, 'truncated': 502, 'other': 0}  rss= 3200.0MB  (28739s)
step   645000/1200000  eps=0.150  episodes=  780  mean_return=3803.580  mean_loss=12.89578  mean_foundation= 30.0/52  lifetime_outcomes={'won': 276, 'stalled': 1, 'truncated': 503, 'other': 0}  rss= 3200.0MB  (28742s)
step   646000/1200000  eps=0.150  episodes=  781  mean_return=7043.060  mean_loss=13.86914  mean_foundation= 52.0/52  lifetime_outcomes={'won': 277, 'stalled': 1, 'truncated': 503, 'other': 0}  rss= 3200.0MB  (28746s)
step   647000/1200000  eps=0.150  episodes=  782  mean_return=970.000  mean_loss=13.24837  mean_foundation=  4.0/52  lifetime_outcomes={'won': 277, 'stalled': 1, 'truncated': 504, 'other': 0}  rss= 3200.0MB  (28750s)
step   648000/1200000  eps=0.150  episodes=  783  mean_return=1110.000  mean_loss=13.79488  mean_foundation=  8.0/52  lifetime_outcomes={'won': 277, 'stalled': 1, 'truncated': 505, 'other': 0}  rss= 3200.0MB  (28753s)
step   649000/1200000  eps=0.150  episodes=  784  mean_return=290.000  mean_loss=13.14342  mean_foundation=  2.0/52  lifetime_outcomes={'won': 277, 'stalled': 1, 'truncated': 506, 'other': 0}  rss= 3200.0MB  (28757s)
step   650000/1200000  eps=0.150  episodes=  787  mean_return=4801.457  mean_loss=13.47407  mean_foundation= 36.3/52  lifetime_outcomes={'won': 279, 'stalled': 1, 'truncated': 507, 'other': 0}  rss= 3200.0MB  (28761s)
  EVAL  step   650000  win_rate=34.50%  mean_return=3015.727  mean_foundation= 26.2/52  mean_length=802.3  (greedy, 200 fixed deals)
step   651000/1200000  eps=0.150  episodes=  788  mean_return=7041.350  mean_loss=12.81242  mean_foundation= 52.0/52  lifetime_outcomes={'won': 280, 'stalled': 1, 'truncated': 507, 'other': 0}  rss= 3200.0MB  (28923s)
step   652000/1200000  eps=0.150  episodes=  789  mean_return=1150.000  mean_loss=13.11726  mean_foundation=  9.0/52  lifetime_outcomes={'won': 280, 'stalled': 1, 'truncated': 508, 'other': 0}  rss= 3200.0MB  (28927s)
step   653000/1200000  eps=0.150  episodes=  790  mean_return=640.000  mean_loss=12.99231  mean_foundation= 10.0/52  lifetime_outcomes={'won': 280, 'stalled': 1, 'truncated': 509, 'other': 0}  rss= 3200.0MB  (28931s)
step   654000/1200000  eps=0.150  episodes=  791  mean_return=1290.000  mean_loss=13.96754  mean_foundation= 12.0/52  lifetime_outcomes={'won': 280, 'stalled': 1, 'truncated': 510, 'other': 0}  rss= 3200.0MB  (28935s)
step   655000/1200000  eps=0.150  episodes=  792  mean_return=7045.950  mean_loss=13.11328  mean_foundation= 52.0/52  lifetime_outcomes={'won': 281, 'stalled': 1, 'truncated': 510, 'other': 0}  rss= 3200.0MB  (28938s)
step   656000/1200000  eps=0.150  episodes=  793  mean_return=1510.000  mean_loss=12.30426  mean_foundation= 18.0/52  lifetime_outcomes={'won': 281, 'stalled': 1, 'truncated': 511, 'other': 0}  rss= 3200.0MB  (28942s)
step   657000/1200000  eps=0.150  episodes=  794  mean_return=1010.000  mean_loss=13.18989  mean_foundation= 16.0/52  lifetime_outcomes={'won': 281, 'stalled': 1, 'truncated': 512, 'other': 0}  rss= 3200.0MB  (28946s)
step   658000/1200000  eps=0.150  episodes=  795  mean_return=730.000  mean_loss=12.46631  mean_foundation=  4.0/52  lifetime_outcomes={'won': 281, 'stalled': 1, 'truncated': 513, 'other': 0}  rss= 3200.0MB  (28950s)
step   659000/1200000  eps=0.150  episodes=  797  mean_return=4041.550  mean_loss=12.83728  mean_foundation= 28.0/52  lifetime_outcomes={'won': 282, 'stalled': 1, 'truncated': 514, 'other': 0}  rss= 3200.0MB  (28953s)
step   660000/1200000  eps=0.150  episodes=  798  mean_return=1610.000  mean_loss=13.18769  mean_foundation= 34.0/52  lifetime_outcomes={'won': 282, 'stalled': 1, 'truncated': 515, 'other': 0}  rss= 3200.0MB  (28957s)
  EVAL  step   660000  win_rate=30.00%  mean_return=2788.735  mean_foundation= 24.6/52  mean_length=816.5  (greedy, 200 fixed deals)
step   661000/1200000  eps=0.150  episodes=  799  mean_return=870.000  mean_loss=12.22671  mean_foundation=  5.0/52  lifetime_outcomes={'won': 282, 'stalled': 1, 'truncated': 516, 'other': 0}  rss= 3200.0MB  (29120s)
step   662000/1200000  eps=0.150  episodes=  800  mean_return=7044.000  mean_loss=13.30503  mean_foundation= 52.0/52  lifetime_outcomes={'won': 283, 'stalled': 1, 'truncated': 516, 'other': 0}  rss= 3200.0MB  (29123s)
step   663000/1200000  eps=0.150  episodes=  801  mean_return=7040.700  mean_loss=12.75391  mean_foundation= 52.0/52  lifetime_outcomes={'won': 284, 'stalled': 1, 'truncated': 516, 'other': 0}  rss= 3200.0MB  (29127s)
step   664000/1200000  eps=0.150  episodes=  802  mean_return=370.000  mean_loss=12.32100  mean_foundation= 13.0/52  lifetime_outcomes={'won': 284, 'stalled': 1, 'truncated': 517, 'other': 0}  rss= 3200.0MB  (29130s)
step   665000/1200000  eps=0.150  episodes=  804  mean_return=3773.085  mean_loss=12.22038  mean_foundation= 29.5/52  lifetime_outcomes={'won': 285, 'stalled': 1, 'truncated': 518, 'other': 0}  rss= 3200.0MB  (29134s)
step   666000/1200000  eps=0.150  episodes=  805  mean_return=1440.000  mean_loss=12.95466  mean_foundation= 17.0/52  lifetime_outcomes={'won': 285, 'stalled': 1, 'truncated': 519, 'other': 0}  rss= 3200.0MB  (29137s)
step   667000/1200000  eps=0.150  episodes=  806  mean_return=520.000  mean_loss=11.85246  mean_foundation= 10.0/52  lifetime_outcomes={'won': 285, 'stalled': 1, 'truncated': 520, 'other': 0}  rss= 3200.0MB  (29141s)
step   668000/1200000  eps=0.150  episodes=  807  mean_return=1300.000  mean_loss=12.50028  mean_foundation= 13.0/52  lifetime_outcomes={'won': 285, 'stalled': 1, 'truncated': 521, 'other': 0}  rss= 3200.0MB  (29144s)
step   669000/1200000  eps=0.150  episodes=  808  mean_return=320.000  mean_loss=12.65998  mean_foundation=  8.0/52  lifetime_outcomes={'won': 285, 'stalled': 1, 'truncated': 522, 'other': 0}  rss= 3200.0MB  (29148s)
step   670000/1200000  eps=0.150  episodes=  809  mean_return=740.000  mean_loss=12.22574  mean_foundation=  2.0/52  lifetime_outcomes={'won': 285, 'stalled': 1, 'truncated': 523, 'other': 0}  rss= 3200.0MB  (29152s)
  EVAL  step   670000  win_rate=30.50%  mean_return=2822.563  mean_foundation= 25.1/52  mean_length=858.7  (greedy, 200 fixed deals)
step   671000/1200000  eps=0.150  episodes=  810  mean_return=7044.160  mean_loss=12.26843  mean_foundation= 52.0/52  lifetime_outcomes={'won': 286, 'stalled': 1, 'truncated': 523, 'other': 0}  rss= 3200.0MB  (29323s)
step   672000/1200000  eps=0.150  episodes=  811  mean_return=1460.000  mean_loss=12.64286  mean_foundation= 19.0/52  lifetime_outcomes={'won': 286, 'stalled': 1, 'truncated': 524, 'other': 0}  rss= 3200.0MB  (29327s)
step   673000/1200000  eps=0.150  episodes=  812  mean_return=810.000  mean_loss=11.57345  mean_foundation= 10.0/52  lifetime_outcomes={'won': 286, 'stalled': 1, 'truncated': 525, 'other': 0}  rss= 3200.0MB  (29331s)
step   674000/1200000  eps=0.150  episodes=  814  mean_return=4186.615  mean_loss=12.52751  mean_foundation= 33.0/52  lifetime_outcomes={'won': 287, 'stalled': 1, 'truncated': 526, 'other': 0}  rss= 3200.0MB  (29334s)
step   675000/1200000  eps=0.150  episodes=  815  mean_return=810.000  mean_loss=11.71565  mean_foundation=  8.0/52  lifetime_outcomes={'won': 287, 'stalled': 1, 'truncated': 527, 'other': 0}  rss= 3200.0MB  (29338s)
step   676000/1200000  eps=0.150  episodes=  816  mean_return=720.000  mean_loss=12.23438  mean_foundation=  6.0/52  lifetime_outcomes={'won': 287, 'stalled': 1, 'truncated': 528, 'other': 0}  rss= 3200.0MB  (29342s)
step   677000/1200000  eps=0.150  episodes=  817  mean_return=1140.000  mean_loss=13.43783  mean_foundation= 15.0/52  lifetime_outcomes={'won': 287, 'stalled': 1, 'truncated': 529, 'other': 0}  rss= 3200.0MB  (29346s)
step   678000/1200000  eps=0.150  episodes=  818  mean_return=770.000  mean_loss=11.54459  mean_foundation=  2.0/52  lifetime_outcomes={'won': 287, 'stalled': 1, 'truncated': 530, 'other': 0}  rss= 3200.0MB  (29349s)
step   679000/1200000  eps=0.150  episodes=  819  mean_return=7046.360  mean_loss=12.44679  mean_foundation= 52.0/52  lifetime_outcomes={'won': 288, 'stalled': 1, 'truncated': 530, 'other': 0}  rss= 3200.0MB  (29353s)
step   680000/1200000  eps=0.150  episodes=  821  mean_return=3922.950  mean_loss=11.04413  mean_foundation= 29.0/52  lifetime_outcomes={'won': 289, 'stalled': 1, 'truncated': 531, 'other': 0}  rss= 3200.0MB  (29356s)
  EVAL  step   680000  win_rate=32.50%  mean_return=2944.333  mean_foundation= 25.6/52  mean_length=846.7  (greedy, 200 fixed deals)
step   681000/1200000  eps=0.150  episodes=  822  mean_return=700.000  mean_loss=12.59722  mean_foundation= 11.0/52  lifetime_outcomes={'won': 289, 'stalled': 1, 'truncated': 532, 'other': 0}  rss= 3200.0MB  (29523s)
step   682000/1200000  eps=0.150  episodes=  823  mean_return=870.000  mean_loss=12.01224  mean_foundation= 17.0/52  lifetime_outcomes={'won': 289, 'stalled': 1, 'truncated': 533, 'other': 0}  rss= 3200.0MB  (29526s)
step   683000/1200000  eps=0.150  episodes=  824  mean_return=290.000  mean_loss=12.16153  mean_foundation= 11.0/52  lifetime_outcomes={'won': 289, 'stalled': 1, 'truncated': 534, 'other': 0}  rss= 3200.0MB  (29530s)
step   684000/1200000  eps=0.150  episodes=  825  mean_return=730.000  mean_loss=11.77789  mean_foundation=  4.0/52  lifetime_outcomes={'won': 289, 'stalled': 1, 'truncated': 535, 'other': 0}  rss= 3200.0MB  (29533s)
step   685000/1200000  eps=0.150  episodes=  826  mean_return=1660.000  mean_loss=12.51785  mean_foundation= 34.0/52  lifetime_outcomes={'won': 289, 'stalled': 1, 'truncated': 536, 'other': 0}  rss= 3200.0MB  (29537s)
step   686000/1200000  eps=0.150  episodes=  827  mean_return=1280.000  mean_loss=11.81110  mean_foundation= 15.0/52  lifetime_outcomes={'won': 289, 'stalled': 1, 'truncated': 537, 'other': 0}  rss= 3200.0MB  (29540s)
step   687000/1200000  eps=0.150  episodes=  828  mean_return=1330.000  mean_loss=12.13265  mean_foundation= 10.0/52  lifetime_outcomes={'won': 289, 'stalled': 1, 'truncated': 538, 'other': 0}  rss= 3200.0MB  (29544s)
step   688000/1200000  eps=0.150  episodes=  829  mean_return=1220.000  mean_loss=12.31715  mean_foundation= 10.0/52  lifetime_outcomes={'won': 289, 'stalled': 1, 'truncated': 539, 'other': 0}  rss= 3200.0MB  (29547s)
step   689000/1200000  eps=0.150  episodes=  830  mean_return=780.000  mean_loss=11.93380  mean_foundation= 13.0/52  lifetime_outcomes={'won': 289, 'stalled': 1, 'truncated': 540, 'other': 0}  rss= 3200.0MB  (29551s)
step   690000/1200000  eps=0.150  episodes=  831  mean_return=7043.070  mean_loss=11.38641  mean_foundation= 52.0/52  lifetime_outcomes={'won': 290, 'stalled': 1, 'truncated': 540, 'other': 0}  rss= 3200.0MB  (29555s)
  EVAL  step   690000  win_rate=40.50%  mean_return=3412.048  mean_foundation= 28.8/52  mean_length=760.2  (greedy, 200 fixed deals)
step   691000/1200000  eps=0.150  episodes=  832  mean_return=1020.000  mean_loss=11.73243  mean_foundation=  5.0/52  lifetime_outcomes={'won': 290, 'stalled': 1, 'truncated': 541, 'other': 0}  rss= 3200.0MB  (29708s)
step   692000/1200000  eps=0.150  episodes=  834  mean_return=4018.975  mean_loss=12.22909  mean_foundation= 33.5/52  lifetime_outcomes={'won': 291, 'stalled': 1, 'truncated': 542, 'other': 0}  rss= 3200.0MB  (29712s)
step   693000/1200000  eps=0.150  episodes=  835  mean_return=7040.690  mean_loss=11.97741  mean_foundation= 52.0/52  lifetime_outcomes={'won': 292, 'stalled': 1, 'truncated': 542, 'other': 0}  rss= 3200.0MB  (29715s)
step   694000/1200000  eps=0.150  episodes=  836  mean_return=7044.530  mean_loss=11.47857  mean_foundation= 52.0/52  lifetime_outcomes={'won': 293, 'stalled': 1, 'truncated': 542, 'other': 0}  rss= 3200.0MB  (29719s)
step   695000/1200000  eps=0.150  episodes=  837  mean_return=730.000  mean_loss=11.10345  mean_foundation=  4.0/52  lifetime_outcomes={'won': 293, 'stalled': 1, 'truncated': 543, 'other': 0}  rss= 3200.0MB  (29722s)
step   696000/1200000  eps=0.150  episodes=  839  mean_return=3830.520  mean_loss=11.33124  mean_foundation= 32.5/52  lifetime_outcomes={'won': 294, 'stalled': 1, 'truncated': 544, 'other': 0}  rss= 3200.0MB  (29725s)
step   697000/1200000  eps=0.150  episodes=  840  mean_return=7043.720  mean_loss=11.46664  mean_foundation= 52.0/52  lifetime_outcomes={'won': 295, 'stalled': 1, 'truncated': 544, 'other': 0}  rss= 3200.0MB  (29729s)
step   698000/1200000  eps=0.150  episodes=  841  mean_return=950.000  mean_loss=12.05773  mean_foundation=  6.0/52  lifetime_outcomes={'won': 295, 'stalled': 1, 'truncated': 545, 'other': 0}  rss= 3200.0MB  (29733s)
step   699000/1200000  eps=0.150  episodes=  842  mean_return=7045.340  mean_loss=11.31140  mean_foundation= 52.0/52  lifetime_outcomes={'won': 296, 'stalled': 1, 'truncated': 545, 'other': 0}  rss= 3200.0MB  (29736s)
step   700000/1200000  eps=0.150  episodes=  844  mean_return=3992.100  mean_loss=12.49205  mean_foundation= 27.0/52  lifetime_outcomes={'won': 297, 'stalled': 1, 'truncated': 546, 'other': 0}  rss= 3200.0MB  (29739s)
  EVAL  step   700000  win_rate=36.50%  mean_return=3141.360  mean_foundation= 26.9/52  mean_length=784.1  (greedy, 200 fixed deals)
step   701000/1200000  eps=0.150  episodes=  846  mean_return=7044.425  mean_loss=12.25843  mean_foundation= 52.0/52  lifetime_outcomes={'won': 299, 'stalled': 1, 'truncated': 546, 'other': 0}  rss= 3200.0MB  (29895s)
step   702000/1200000  eps=0.150  episodes=  847  mean_return=370.000  mean_loss=11.01416  mean_foundation=  5.0/52  lifetime_outcomes={'won': 299, 'stalled': 1, 'truncated': 547, 'other': 0}  rss= 3200.0MB  (29899s)
step   703000/1200000  eps=0.150  episodes=  848  mean_return=520.000  mean_loss=10.73232  mean_foundation=  9.0/52  lifetime_outcomes={'won': 299, 'stalled': 1, 'truncated': 548, 'other': 0}  rss= 3200.0MB  (29903s)
step   704000/1200000  eps=0.150  episodes=  850  mean_return=7045.035  mean_loss=12.32149  mean_foundation= 52.0/52  lifetime_outcomes={'won': 301, 'stalled': 1, 'truncated': 548, 'other': 0}  rss= 3200.0MB  (29906s)
step   705000/1200000  eps=0.150  episodes=  851  mean_return=1590.000  mean_loss=10.77696  mean_foundation= 19.0/52  lifetime_outcomes={'won': 301, 'stalled': 1, 'truncated': 549, 'other': 0}  rss= 3200.0MB  (29910s)
step   706000/1200000  eps=0.150  episodes=  852  mean_return=1280.000  mean_loss=10.97406  mean_foundation= 11.0/52  lifetime_outcomes={'won': 301, 'stalled': 1, 'truncated': 550, 'other': 0}  rss= 3200.0MB  (29913s)
step   707000/1200000  eps=0.150  episodes=  854  mean_return=7045.935  mean_loss=10.97934  mean_foundation= 52.0/52  lifetime_outcomes={'won': 303, 'stalled': 1, 'truncated': 550, 'other': 0}  rss= 3200.0MB  (29917s)
step   708000/1200000  eps=0.150  episodes=  856  mean_return=3908.350  mean_loss=10.71718  mean_foundation= 30.0/52  lifetime_outcomes={'won': 304, 'stalled': 1, 'truncated': 551, 'other': 0}  rss= 3200.0MB  (29921s)
step   709000/1200000  eps=0.150  episodes=  857  mean_return=560.000  mean_loss=10.66629  mean_foundation=  7.0/52  lifetime_outcomes={'won': 304, 'stalled': 1, 'truncated': 552, 'other': 0}  rss= 3200.0MB  (29924s)
step   710000/1200000  eps=0.150  episodes=  859  mean_return=7045.520  mean_loss=11.06998  mean_foundation= 52.0/52  lifetime_outcomes={'won': 306, 'stalled': 1, 'truncated': 552, 'other': 0}  rss= 3200.0MB  (29928s)
  EVAL  step   710000  win_rate=35.50%  mean_return=3125.574  mean_foundation= 26.6/52  mean_length=827.6  (greedy, 200 fixed deals)
step   711000/1200000  eps=0.150  episodes=  860  mean_return=1430.000  mean_loss=10.66037  mean_foundation= 21.0/52  lifetime_outcomes={'won': 306, 'stalled': 1, 'truncated': 553, 'other': 0}  rss= 3200.0MB  (30090s)
step   712000/1200000  eps=0.150  episodes=  861  mean_return=1100.000  mean_loss=11.21076  mean_foundation= 13.0/52  lifetime_outcomes={'won': 306, 'stalled': 1, 'truncated': 554, 'other': 0}  rss= 3200.0MB  (30094s)
step   713000/1200000  eps=0.150  episodes=  862  mean_return=7045.340  mean_loss=10.51490  mean_foundation= 52.0/52  lifetime_outcomes={'won': 307, 'stalled': 1, 'truncated': 554, 'other': 0}  rss= 3200.0MB  (30097s)
step   714000/1200000  eps=0.150  episodes=  863  mean_return=680.000  mean_loss=11.18882  mean_foundation= 11.0/52  lifetime_outcomes={'won': 307, 'stalled': 1, 'truncated': 555, 'other': 0}  rss= 3200.0MB  (30101s)
step   715000/1200000  eps=0.150  episodes=  865  mean_return=3572.350  mean_loss=10.30115  mean_foundation= 26.0/52  lifetime_outcomes={'won': 308, 'stalled': 1, 'truncated': 556, 'other': 0}  rss= 3200.0MB  (30104s)
step   716000/1200000  eps=0.150  episodes=  867  mean_return=7045.835  mean_loss=11.11040  mean_foundation= 52.0/52  lifetime_outcomes={'won': 310, 'stalled': 1, 'truncated': 556, 'other': 0}  rss= 3200.0MB  (30108s)
step   717000/1200000  eps=0.150  episodes=  869  mean_return=3833.525  mean_loss=11.23261  mean_foundation= 28.0/52  lifetime_outcomes={'won': 311, 'stalled': 1, 'truncated': 557, 'other': 0}  rss= 3200.0MB  (30111s)
step   718000/1200000  eps=0.150  episodes=  870  mean_return=480.000  mean_loss=10.17471  mean_foundation=  8.0/52  lifetime_outcomes={'won': 311, 'stalled': 1, 'truncated': 558, 'other': 0}  rss= 3200.0MB  (30115s)
step   719000/1200000  eps=0.150  episodes=  872  mean_return=7046.645  mean_loss=10.92527  mean_foundation= 52.0/52  lifetime_outcomes={'won': 313, 'stalled': 1, 'truncated': 558, 'other': 0}  rss= 3200.0MB  (30119s)
step   720000/1200000  eps=0.150  episodes=  874  mean_return=4262.870  mean_loss=10.60502  mean_foundation= 33.5/52  lifetime_outcomes={'won': 314, 'stalled': 1, 'truncated': 559, 'other': 0}  rss= 3200.0MB  (30122s)
  EVAL  step   720000  win_rate=28.00%  mean_return=2709.969  mean_foundation= 24.1/52  mean_length=893.1  (greedy, 200 fixed deals)
step   721000/1200000  eps=0.150  episodes=  876  mean_return=7046.530  mean_loss=11.28236  mean_foundation= 52.0/52  lifetime_outcomes={'won': 316, 'stalled': 1, 'truncated': 559, 'other': 0}  rss= 3200.0MB  (30295s)
step   722000/1200000  eps=0.150  episodes=  877  mean_return=350.000  mean_loss=10.24749  mean_foundation=  7.0/52  lifetime_outcomes={'won': 316, 'stalled': 1, 'truncated': 560, 'other': 0}  rss= 3200.0MB  (30299s)
step   723000/1200000  eps=0.150  episodes=  878  mean_return=570.000  mean_loss=10.70801  mean_foundation=  8.0/52  lifetime_outcomes={'won': 316, 'stalled': 1, 'truncated': 561, 'other': 0}  rss= 3200.0MB  (30302s)
step   724000/1200000  eps=0.150  episodes=  879  mean_return=300.000  mean_loss= 9.94853  mean_foundation=  3.0/52  lifetime_outcomes={'won': 316, 'stalled': 1, 'truncated': 562, 'other': 0}  rss= 3200.0MB  (30306s)
step   725000/1200000  eps=0.150  episodes=  880  mean_return=1190.000  mean_loss=10.11989  mean_foundation= 22.0/52  lifetime_outcomes={'won': 316, 'stalled': 1, 'truncated': 563, 'other': 0}  rss= 3200.0MB  (30310s)
step   726000/1200000  eps=0.150  episodes=  882  mean_return=7044.240  mean_loss=10.41898  mean_foundation= 52.0/52  lifetime_outcomes={'won': 318, 'stalled': 1, 'truncated': 563, 'other': 0}  rss= 3200.0MB  (30313s)
step   727000/1200000  eps=0.150  episodes=  883  mean_return=490.000  mean_loss=10.61330  mean_foundation=  4.0/52  lifetime_outcomes={'won': 318, 'stalled': 1, 'truncated': 564, 'other': 0}  rss= 3200.0MB  (30317s)
step   728000/1200000  eps=0.150  episodes=  884  mean_return=890.000  mean_loss=10.62588  mean_foundation= 11.0/52  lifetime_outcomes={'won': 318, 'stalled': 1, 'truncated': 565, 'other': 0}  rss= 3200.0MB  (30321s)
step   729000/1200000  eps=0.150  episodes=  885  mean_return=7047.210  mean_loss=11.02910  mean_foundation= 52.0/52  lifetime_outcomes={'won': 319, 'stalled': 1, 'truncated': 565, 'other': 0}  rss= 3200.0MB  (30324s)
step   730000/1200000  eps=0.150  episodes=  886  mean_return=460.000  mean_loss=10.63131  mean_foundation=  6.0/52  lifetime_outcomes={'won': 319, 'stalled': 1, 'truncated': 566, 'other': 0}  rss= 3200.0MB  (30328s)
  EVAL  step   730000  win_rate=17.50%  mean_return=2122.095  mean_foundation= 20.3/52  mean_length=935.5  (greedy, 200 fixed deals)
step   731000/1200000  eps=0.150  episodes=  887  mean_return=1260.000  mean_loss=10.19588  mean_foundation= 14.0/52  lifetime_outcomes={'won': 319, 'stalled': 1, 'truncated': 567, 'other': 0}  rss= 3200.0MB  (30510s)
step   732000/1200000  eps=0.150  episodes=  888  mean_return=600.000  mean_loss=10.36598  mean_foundation=  6.0/52  lifetime_outcomes={'won': 319, 'stalled': 1, 'truncated': 568, 'other': 0}  rss= 3200.0MB  (30514s)
step   733000/1200000  eps=0.150  episodes=  890  mean_return=3738.400  mean_loss=10.59847  mean_foundation= 29.5/52  lifetime_outcomes={'won': 320, 'stalled': 1, 'truncated': 569, 'other': 0}  rss= 3200.0MB  (30518s)
step   734000/1200000  eps=0.150  episodes=  891  mean_return=520.000  mean_loss=10.40440  mean_foundation=  3.0/52  lifetime_outcomes={'won': 320, 'stalled': 1, 'truncated': 570, 'other': 0}  rss= 3200.0MB  (30521s)
step   735000/1200000  eps=0.150  episodes=  893  mean_return=3927.865  mean_loss= 9.95785  mean_foundation= 32.0/52  lifetime_outcomes={'won': 321, 'stalled': 1, 'truncated': 571, 'other': 0}  rss= 3200.0MB  (30525s)
step   736000/1200000  eps=0.150  episodes=  894  mean_return=1410.000  mean_loss=10.16645  mean_foundation= 18.0/52  lifetime_outcomes={'won': 321, 'stalled': 1, 'truncated': 572, 'other': 0}  rss= 3200.0MB  (30528s)
step   737000/1200000  eps=0.150  episodes=  895  mean_return=670.000  mean_loss= 9.90499  mean_foundation=  3.0/52  lifetime_outcomes={'won': 321, 'stalled': 1, 'truncated': 573, 'other': 0}  rss= 3200.0MB  (30532s)
step   738000/1200000  eps=0.150  episodes=  896  mean_return=310.000  mean_loss=10.24132  mean_foundation=  6.0/52  lifetime_outcomes={'won': 321, 'stalled': 1, 'truncated': 574, 'other': 0}  rss= 3200.0MB  (30536s)
step   739000/1200000  eps=0.150  episodes=  897  mean_return=900.000  mean_loss=11.18320  mean_foundation=  4.0/52  lifetime_outcomes={'won': 321, 'stalled': 1, 'truncated': 575, 'other': 0}  rss= 3200.0MB  (30539s)
step   740000/1200000  eps=0.150  episodes=  898  mean_return=810.000  mean_loss=10.50354  mean_foundation=  9.0/52  lifetime_outcomes={'won': 321, 'stalled': 1, 'truncated': 576, 'other': 0}  rss= 3200.0MB  (30543s)
  EVAL  step   740000  win_rate=32.00%  mean_return=2914.122  mean_foundation= 24.8/52  mean_length=852.8  (greedy, 200 fixed deals)
step   741000/1200000  eps=0.150  episodes=  899  mean_return=538.680  mean_loss= 9.62111  mean_foundation=  9.0/52  lifetime_outcomes={'won': 321, 'stalled': 2, 'truncated': 576, 'other': 0}  rss= 3200.0MB  (30710s)
step   742000/1200000  eps=0.150  episodes=  900  mean_return=550.000  mean_loss= 9.83337  mean_foundation=  4.0/52  lifetime_outcomes={'won': 321, 'stalled': 2, 'truncated': 577, 'other': 0}  rss= 3200.0MB  (30713s)
step   743000/1200000  eps=0.150  episodes=  902  mean_return=4031.960  mean_loss=10.39288  mean_foundation= 32.0/52  lifetime_outcomes={'won': 322, 'stalled': 2, 'truncated': 578, 'other': 0}  rss= 3200.0MB  (30716s)
step   744000/1200000  eps=0.150  episodes=  903  mean_return=1050.000  mean_loss=10.24268  mean_foundation= 17.0/52  lifetime_outcomes={'won': 322, 'stalled': 2, 'truncated': 579, 'other': 0}  rss= 3200.0MB  (30720s)
step   745000/1200000  eps=0.150  episodes=  905  mean_return=7024.250  mean_loss= 9.92909  mean_foundation= 52.0/52  lifetime_outcomes={'won': 324, 'stalled': 2, 'truncated': 579, 'other': 0}  rss= 3200.0MB  (30723s)
step   746000/1200000  eps=0.150  episodes=  906  mean_return=410.000  mean_loss= 9.64059  mean_foundation=  7.0/52  lifetime_outcomes={'won': 324, 'stalled': 2, 'truncated': 580, 'other': 0}  rss= 3200.0MB  (30726s)
step   747000/1200000  eps=0.150  episodes=  907  mean_return=470.000  mean_loss= 9.91719  mean_foundation= 10.0/52  lifetime_outcomes={'won': 324, 'stalled': 2, 'truncated': 581, 'other': 0}  rss= 3200.0MB  (30730s)
step   748000/1200000  eps=0.150  episodes=  908  mean_return=7041.220  mean_loss=10.89650  mean_foundation= 52.0/52  lifetime_outcomes={'won': 325, 'stalled': 2, 'truncated': 581, 'other': 0}  rss= 3200.0MB  (30733s)
step   749000/1200000  eps=0.150  episodes=  910  mean_return=7043.980  mean_loss= 9.68550  mean_foundation= 52.0/52  lifetime_outcomes={'won': 327, 'stalled': 2, 'truncated': 581, 'other': 0}  rss= 3200.0MB  (30737s)
step   750000/1200000  eps=0.150  episodes=  911  mean_return=480.000  mean_loss= 9.16581  mean_foundation= 10.0/52  lifetime_outcomes={'won': 327, 'stalled': 2, 'truncated': 582, 'other': 0}  rss= 3200.0MB  (30740s)
  EVAL  step   750000  win_rate=28.00%  mean_return=2703.824  mean_foundation= 24.0/52  mean_length=872.6  (greedy, 200 fixed deals)
step   751000/1200000  eps=0.150  episodes=  912  mean_return=330.000  mean_loss=10.16449  mean_foundation=  9.0/52  lifetime_outcomes={'won': 327, 'stalled': 2, 'truncated': 583, 'other': 0}  rss= 3200.0MB  (30914s)
step   752000/1200000  eps=0.150  episodes=  913  mean_return=7044.880  mean_loss= 9.35284  mean_foundation= 52.0/52  lifetime_outcomes={'won': 328, 'stalled': 2, 'truncated': 583, 'other': 0}  rss= 3200.0MB  (30917s)
step   753000/1200000  eps=0.150  episodes=  914  mean_return=7042.060  mean_loss= 9.48251  mean_foundation= 52.0/52  lifetime_outcomes={'won': 329, 'stalled': 2, 'truncated': 583, 'other': 0}  rss= 3200.0MB  (30921s)
step   754000/1200000  eps=0.150  episodes=  915  mean_return=860.000  mean_loss= 9.29247  mean_foundation=  3.0/52  lifetime_outcomes={'won': 329, 'stalled': 2, 'truncated': 584, 'other': 0}  rss= 3200.0MB  (30925s)
step   755000/1200000  eps=0.150  episodes=  916  mean_return=1190.000  mean_loss=10.73191  mean_foundation= 11.0/52  lifetime_outcomes={'won': 329, 'stalled': 2, 'truncated': 585, 'other': 0}  rss= 3200.0MB  (30928s)
step   756000/1200000  eps=0.150  episodes=  919  mean_return=5197.407  mean_loss= 9.83708  mean_foundation= 43.7/52  lifetime_outcomes={'won': 331, 'stalled': 2, 'truncated': 586, 'other': 0}  rss= 3200.0MB  (30931s)
step   757000/1200000  eps=0.150  episodes=  920  mean_return=490.000  mean_loss= 8.86665  mean_foundation=  4.0/52  lifetime_outcomes={'won': 331, 'stalled': 2, 'truncated': 587, 'other': 0}  rss= 3200.0MB  (30935s)
step   758000/1200000  eps=0.150  episodes=  922  mean_return=7047.210  mean_loss= 8.76907  mean_foundation= 52.0/52  lifetime_outcomes={'won': 333, 'stalled': 2, 'truncated': 587, 'other': 0}  rss= 3200.0MB  (30938s)
step   759000/1200000  eps=0.150  episodes=  923  mean_return=1630.000  mean_loss= 9.94016  mean_foundation= 28.0/52  lifetime_outcomes={'won': 333, 'stalled': 2, 'truncated': 588, 'other': 0}  rss= 3200.0MB  (30942s)
step   760000/1200000  eps=0.150  episodes=  924  mean_return=7044.130  mean_loss= 9.47827  mean_foundation= 52.0/52  lifetime_outcomes={'won': 334, 'stalled': 2, 'truncated': 588, 'other': 0}  rss= 3200.0MB  (30945s)
  EVAL  step   760000  win_rate=36.50%  mean_return=3182.545  mean_foundation= 27.2/52  mean_length=805.5  (greedy, 200 fixed deals)
step   761000/1200000  eps=0.150  episodes=  926  mean_return=3945.955  mean_loss= 9.05433  mean_foundation= 32.0/52  lifetime_outcomes={'won': 335, 'stalled': 2, 'truncated': 589, 'other': 0}  rss= 3200.0MB  (31104s)
step   762000/1200000  eps=0.150  episodes=  927  mean_return=1230.000  mean_loss= 9.55207  mean_foundation=  9.0/52  lifetime_outcomes={'won': 335, 'stalled': 2, 'truncated': 590, 'other': 0}  rss= 3200.0MB  (31108s)
step   763000/1200000  eps=0.150  episodes=  929  mean_return=7045.075  mean_loss=10.04450  mean_foundation= 52.0/52  lifetime_outcomes={'won': 337, 'stalled': 2, 'truncated': 590, 'other': 0}  rss= 3200.0MB  (31111s)
step   764000/1200000  eps=0.150  episodes=  930  mean_return=1430.000  mean_loss= 9.57781  mean_foundation= 15.0/52  lifetime_outcomes={'won': 337, 'stalled': 2, 'truncated': 591, 'other': 0}  rss= 3200.0MB  (31115s)
step   765000/1200000  eps=0.150  episodes=  931  mean_return=7042.170  mean_loss= 8.81005  mean_foundation= 52.0/52  lifetime_outcomes={'won': 338, 'stalled': 2, 'truncated': 591, 'other': 0}  rss= 3200.0MB  (31119s)
step   766000/1200000  eps=0.150  episodes=  932  mean_return=1510.000  mean_loss= 9.94642  mean_foundation= 18.0/52  lifetime_outcomes={'won': 338, 'stalled': 2, 'truncated': 592, 'other': 0}  rss= 3200.0MB  (31122s)
step   767000/1200000  eps=0.150  episodes=  933  mean_return=640.000  mean_loss= 9.80826  mean_foundation=  3.0/52  lifetime_outcomes={'won': 338, 'stalled': 2, 'truncated': 593, 'other': 0}  rss= 3200.0MB  (31126s)
step   768000/1200000  eps=0.150  episodes=  934  mean_return=260.000  mean_loss= 9.06884  mean_foundation=  2.0/52  lifetime_outcomes={'won': 338, 'stalled': 2, 'truncated': 594, 'other': 0}  rss= 3200.0MB  (31130s)
step   769000/1200000  eps=0.150  episodes=  935  mean_return=200.000  mean_loss= 9.20116  mean_foundation=  5.0/52  lifetime_outcomes={'won': 338, 'stalled': 2, 'truncated': 595, 'other': 0}  rss= 3200.0MB  (31133s)
step   770000/1200000  eps=0.150  episodes=  936  mean_return=1370.000  mean_loss= 9.02382  mean_foundation= 23.0/52  lifetime_outcomes={'won': 338, 'stalled': 2, 'truncated': 596, 'other': 0}  rss= 3200.0MB  (31137s)
  EVAL  step   770000  win_rate=34.00%  mean_return=3001.914  mean_foundation= 26.0/52  mean_length=798.6  (greedy, 200 fixed deals)
step   771000/1200000  eps=0.150  episodes=  937  mean_return=1340.000  mean_loss= 8.69919  mean_foundation=  7.0/52  lifetime_outcomes={'won': 338, 'stalled': 2, 'truncated': 597, 'other': 0}  rss= 3200.0MB  (31294s)
step   772000/1200000  eps=0.150  episodes=  938  mean_return=7044.080  mean_loss= 9.34076  mean_foundation= 52.0/52  lifetime_outcomes={'won': 339, 'stalled': 2, 'truncated': 597, 'other': 0}  rss= 3200.0MB  (31298s)
step   773000/1200000  eps=0.150  episodes=  939  mean_return=960.000  mean_loss= 8.46940  mean_foundation=  8.0/52  lifetime_outcomes={'won': 339, 'stalled': 2, 'truncated': 598, 'other': 0}  rss= 3200.0MB  (31302s)
step   774000/1200000  eps=0.150  episodes=  940  mean_return=1300.000  mean_loss= 9.46070  mean_foundation= 12.0/52  lifetime_outcomes={'won': 339, 'stalled': 2, 'truncated': 599, 'other': 0}  rss= 3200.0MB  (31305s)
step   775000/1200000  eps=0.150  episodes=  941  mean_return=830.000  mean_loss= 8.48956  mean_foundation= 12.0/52  lifetime_outcomes={'won': 339, 'stalled': 2, 'truncated': 600, 'other': 0}  rss= 3200.0MB  (31309s)
step   776000/1200000  eps=0.150  episodes=  943  mean_return=4167.335  mean_loss= 8.49164  mean_foundation= 34.0/52  lifetime_outcomes={'won': 340, 'stalled': 2, 'truncated': 601, 'other': 0}  rss= 3200.0MB  (31313s)
step   777000/1200000  eps=0.150  episodes=  944  mean_return=630.000  mean_loss= 9.10724  mean_foundation=  6.0/52  lifetime_outcomes={'won': 340, 'stalled': 2, 'truncated': 602, 'other': 0}  rss= 3200.0MB  (31316s)
step   778000/1200000  eps=0.150  episodes=  945  mean_return=1520.000  mean_loss= 8.56772  mean_foundation= 19.0/52  lifetime_outcomes={'won': 340, 'stalled': 2, 'truncated': 603, 'other': 0}  rss= 3200.0MB  (31320s)
step   779000/1200000  eps=0.150  episodes=  946  mean_return=850.000  mean_loss= 9.49359  mean_foundation=  4.0/52  lifetime_outcomes={'won': 340, 'stalled': 2, 'truncated': 604, 'other': 0}  rss= 3200.0MB  (31324s)
step   780000/1200000  eps=0.150  episodes=  947  mean_return=1560.000  mean_loss= 8.93264  mean_foundation= 29.0/52  lifetime_outcomes={'won': 340, 'stalled': 2, 'truncated': 605, 'other': 0}  rss= 3200.0MB  (31327s)
  EVAL  step   780000  win_rate=35.00%  mean_return=3086.791  mean_foundation= 26.3/52  mean_length=815.9  (greedy, 200 fixed deals)
step   781000/1200000  eps=0.150  episodes=  948  mean_return=1000.000  mean_loss= 8.93435  mean_foundation= 12.0/52  lifetime_outcomes={'won': 340, 'stalled': 2, 'truncated': 606, 'other': 0}  rss= 3200.0MB  (31487s)
step   782000/1200000  eps=0.150  episodes=  949  mean_return=7042.260  mean_loss= 9.08262  mean_foundation= 52.0/52  lifetime_outcomes={'won': 341, 'stalled': 2, 'truncated': 606, 'other': 0}  rss= 3200.0MB  (31490s)
step   783000/1200000  eps=0.150  episodes=  950  mean_return=690.000  mean_loss= 8.96342  mean_foundation= 12.0/52  lifetime_outcomes={'won': 341, 'stalled': 2, 'truncated': 607, 'other': 0}  rss= 3200.0MB  (31494s)
step   784000/1200000  eps=0.150  episodes=  951  mean_return=300.000  mean_loss= 8.69819  mean_foundation= 10.0/52  lifetime_outcomes={'won': 341, 'stalled': 2, 'truncated': 608, 'other': 0}  rss= 3200.0MB  (31497s)
step   785000/1200000  eps=0.150  episodes=  953  mean_return=7044.855  mean_loss= 8.30821  mean_foundation= 52.0/52  lifetime_outcomes={'won': 343, 'stalled': 2, 'truncated': 608, 'other': 0}  rss= 3200.0MB  (31501s)
step   786000/1200000  eps=0.150  episodes=  955  mean_return=7044.690  mean_loss= 9.26194  mean_foundation= 52.0/52  lifetime_outcomes={'won': 345, 'stalled': 2, 'truncated': 608, 'other': 0}  rss= 3200.0MB  (31504s)
step   787000/1200000  eps=0.150  episodes=  957  mean_return=319.675  mean_loss= 8.73763  mean_foundation=  0.0/52  lifetime_outcomes={'won': 345, 'stalled': 3, 'truncated': 609, 'other': 0}  rss= 3200.0MB  (31508s)
step   788000/1200000  eps=0.150  episodes=  958  mean_return=490.000  mean_loss= 9.83781  mean_foundation=  6.0/52  lifetime_outcomes={'won': 345, 'stalled': 3, 'truncated': 610, 'other': 0}  rss= 3200.0MB  (31512s)
step   789000/1200000  eps=0.150  episodes=  959  mean_return=1930.000  mean_loss= 9.56163  mean_foundation= 43.0/52  lifetime_outcomes={'won': 345, 'stalled': 3, 'truncated': 611, 'other': 0}  rss= 3200.0MB  (31515s)
step   790000/1200000  eps=0.150  episodes=  960  mean_return=770.000  mean_loss= 8.20846  mean_foundation=  5.0/52  lifetime_outcomes={'won': 345, 'stalled': 3, 'truncated': 612, 'other': 0}  rss= 3200.0MB  (31519s)
  EVAL  step   790000  win_rate=24.00%  mean_return=2466.112  mean_foundation= 22.3/52  mean_length=898.9  (greedy, 200 fixed deals)
step   791000/1200000  eps=0.150  episodes=  961  mean_return=7046.140  mean_loss= 8.74637  mean_foundation= 52.0/52  lifetime_outcomes={'won': 346, 'stalled': 3, 'truncated': 612, 'other': 0}  rss= 3200.0MB  (31695s)
step   792000/1200000  eps=0.150  episodes=  963  mean_return=4048.360  mean_loss= 9.18437  mean_foundation= 32.0/52  lifetime_outcomes={'won': 347, 'stalled': 3, 'truncated': 613, 'other': 0}  rss= 3200.0MB  (31698s)
step   793000/1200000  eps=0.150  episodes=  964  mean_return=1010.000  mean_loss= 9.13604  mean_foundation=  7.0/52  lifetime_outcomes={'won': 347, 'stalled': 3, 'truncated': 614, 'other': 0}  rss= 3200.0MB  (31702s)
step   794000/1200000  eps=0.150  episodes=  966  mean_return=3938.580  mean_loss= 8.34540  mean_foundation= 30.5/52  lifetime_outcomes={'won': 348, 'stalled': 3, 'truncated': 615, 'other': 0}  rss= 3200.0MB  (31706s)
step   795000/1200000  eps=0.150  episodes=  967  mean_return=1100.000  mean_loss= 8.60580  mean_foundation= 11.0/52  lifetime_outcomes={'won': 348, 'stalled': 3, 'truncated': 616, 'other': 0}  rss= 3200.0MB  (31709s)
step   796000/1200000  eps=0.150  episodes=  968  mean_return=1150.000  mean_loss= 8.94730  mean_foundation= 12.0/52  lifetime_outcomes={'won': 348, 'stalled': 3, 'truncated': 617, 'other': 0}  rss= 3200.0MB  (31713s)
step   797000/1200000  eps=0.150  episodes=  969  mean_return=7045.590  mean_loss= 8.01476  mean_foundation= 52.0/52  lifetime_outcomes={'won': 349, 'stalled': 3, 'truncated': 617, 'other': 0}  rss= 3200.0MB  (31717s)
step   798000/1200000  eps=0.150  episodes=  970  mean_return=520.000  mean_loss= 8.35374  mean_foundation=  4.0/52  lifetime_outcomes={'won': 349, 'stalled': 3, 'truncated': 618, 'other': 0}  rss= 3200.0MB  (31720s)
step   799000/1200000  eps=0.150  episodes=  971  mean_return=870.000  mean_loss= 7.71609  mean_foundation= 16.0/52  lifetime_outcomes={'won': 349, 'stalled': 3, 'truncated': 619, 'other': 0}  rss= 3200.0MB  (31724s)
step   800000/1200000  eps=0.150  episodes=  972  mean_return=620.000  mean_loss= 7.71705  mean_foundation=  5.0/52  lifetime_outcomes={'won': 349, 'stalled': 3, 'truncated': 620, 'other': 0}  rss= 3200.0MB  (31728s)
  EVAL  step   800000  win_rate=21.50%  mean_return=2319.857  mean_foundation= 21.5/52  mean_length=924.3  (greedy, 200 fixed deals)
step   801000/1200000  eps=0.150  episodes=  973  mean_return=1640.000  mean_loss= 8.07839  mean_foundation= 28.0/52  lifetime_outcomes={'won': 349, 'stalled': 3, 'truncated': 621, 'other': 0}  rss= 3200.0MB  (31909s)
step   802000/1200000  eps=0.150  episodes=  974  mean_return=250.000  mean_loss= 8.41197  mean_foundation=  4.0/52  lifetime_outcomes={'won': 349, 'stalled': 3, 'truncated': 622, 'other': 0}  rss= 3200.0MB  (31913s)
step   803000/1200000  eps=0.150  episodes=  975  mean_return=1340.000  mean_loss= 7.81482  mean_foundation= 16.0/52  lifetime_outcomes={'won': 349, 'stalled': 3, 'truncated': 623, 'other': 0}  rss= 3200.0MB  (31916s)
step   804000/1200000  eps=0.150  episodes=  976  mean_return=810.000  mean_loss= 7.72964  mean_foundation= 10.0/52  lifetime_outcomes={'won': 349, 'stalled': 3, 'truncated': 624, 'other': 0}  rss= 3200.0MB  (31919s)
step   805000/1200000  eps=0.150  episodes=  978  mean_return=4237.665  mean_loss= 7.81971  mean_foundation= 38.5/52  lifetime_outcomes={'won': 350, 'stalled': 3, 'truncated': 625, 'other': 0}  rss= 3200.0MB  (31923s)
step   806000/1200000  eps=0.150  episodes=  979  mean_return=1890.000  mean_loss= 7.94485  mean_foundation= 39.0/52  lifetime_outcomes={'won': 350, 'stalled': 3, 'truncated': 626, 'other': 0}  rss= 3200.0MB  (31926s)
step   807000/1200000  eps=0.150  episodes=  980  mean_return=870.000  mean_loss= 8.02187  mean_foundation=  9.0/52  lifetime_outcomes={'won': 350, 'stalled': 3, 'truncated': 627, 'other': 0}  rss= 3200.0MB  (31929s)
step   808000/1200000  eps=0.150  episodes=  981  mean_return=350.000  mean_loss= 8.35238  mean_foundation=  6.0/52  lifetime_outcomes={'won': 350, 'stalled': 3, 'truncated': 628, 'other': 0}  rss= 3200.0MB  (31933s)
step   809000/1200000  eps=0.150  episodes=  982  mean_return=540.000  mean_loss= 7.56590  mean_foundation=  6.0/52  lifetime_outcomes={'won': 350, 'stalled': 3, 'truncated': 629, 'other': 0}  rss= 3200.0MB  (31936s)
step   810000/1200000  eps=0.150  episodes=  983  mean_return=7044.700  mean_loss= 7.54050  mean_foundation= 52.0/52  lifetime_outcomes={'won': 351, 'stalled': 3, 'truncated': 629, 'other': 0}  rss= 3200.0MB  (31940s)
  EVAL  step   810000  win_rate=37.50%  mean_return=3187.957  mean_foundation= 26.4/52  mean_length=764.3  (greedy, 200 fixed deals)
step   811000/1200000  eps=0.150  episodes=  984  mean_return=850.000  mean_loss= 7.31231  mean_foundation=  5.0/52  lifetime_outcomes={'won': 351, 'stalled': 3, 'truncated': 630, 'other': 0}  rss= 3200.0MB  (32094s)
step   812000/1200000  eps=0.150  episodes=  985  mean_return=1290.000  mean_loss= 7.50805  mean_foundation= 16.0/52  lifetime_outcomes={'won': 351, 'stalled': 3, 'truncated': 631, 'other': 0}  rss= 3200.0MB  (32098s)
step   813000/1200000  eps=0.150  episodes=  987  mean_return=4201.870  mean_loss= 7.50128  mean_foundation= 38.5/52  lifetime_outcomes={'won': 352, 'stalled': 3, 'truncated': 632, 'other': 0}  rss= 3200.0MB  (32102s)
step   814000/1200000  eps=0.150  episodes=  988  mean_return=7046.260  mean_loss= 7.28259  mean_foundation= 52.0/52  lifetime_outcomes={'won': 353, 'stalled': 3, 'truncated': 632, 'other': 0}  rss= 3200.0MB  (32105s)
step   815000/1200000  eps=0.150  episodes=  990  mean_return=3857.585  mean_loss= 8.10201  mean_foundation= 32.5/52  lifetime_outcomes={'won': 354, 'stalled': 3, 'truncated': 633, 'other': 0}  rss= 3200.0MB  (32109s)
step   816000/1200000  eps=0.150  episodes=  992  mean_return=7044.250  mean_loss= 8.44583  mean_foundation= 52.0/52  lifetime_outcomes={'won': 356, 'stalled': 3, 'truncated': 633, 'other': 0}  rss= 3200.0MB  (32112s)
step   817000/1200000  eps=0.150  episodes=  993  mean_return=7045.300  mean_loss= 7.63836  mean_foundation= 52.0/52  lifetime_outcomes={'won': 357, 'stalled': 3, 'truncated': 633, 'other': 0}  rss= 3200.0MB  (32116s)
step   818000/1200000  eps=0.150  episodes=  994  mean_return=1480.000  mean_loss= 7.63384  mean_foundation= 21.0/52  lifetime_outcomes={'won': 357, 'stalled': 3, 'truncated': 634, 'other': 0}  rss= 3200.0MB  (32119s)
step   819000/1200000  eps=0.150  episodes=  996  mean_return=3938.360  mean_loss= 7.79628  mean_foundation= 28.5/52  lifetime_outcomes={'won': 358, 'stalled': 3, 'truncated': 635, 'other': 0}  rss= 3200.0MB  (32123s)
step   820000/1200000  eps=0.150  episodes=  997  mean_return=240.000  mean_loss= 7.51202  mean_foundation=  5.0/52  lifetime_outcomes={'won': 358, 'stalled': 3, 'truncated': 636, 'other': 0}  rss= 3200.0MB  (32126s)
  EVAL  step   820000  win_rate=37.00%  mean_return=3200.999  mean_foundation= 26.9/52  mean_length=805.1  (greedy, 200 fixed deals)
step   821000/1200000  eps=0.150  episodes=  999  mean_return=7044.140  mean_loss= 7.37216  mean_foundation= 52.0/52  lifetime_outcomes={'won': 360, 'stalled': 3, 'truncated': 636, 'other': 0}  rss= 3200.0MB  (32284s)
step   822000/1200000  eps=0.150  episodes= 1000  mean_return=1480.000  mean_loss= 7.70283  mean_foundation= 26.0/52  lifetime_outcomes={'won': 360, 'stalled': 3, 'truncated': 637, 'other': 0}  rss= 3200.0MB  (32287s)
step   823000/1200000  eps=0.150  episodes= 1001  mean_return=840.000  mean_loss= 7.74530  mean_foundation= 10.0/52  lifetime_outcomes={'won': 360, 'stalled': 3, 'truncated': 638, 'other': 0}  rss= 3200.0MB  (32291s)
step   824000/1200000  eps=0.150  episodes= 1002  mean_return=7041.710  mean_loss= 7.73913  mean_foundation= 52.0/52  lifetime_outcomes={'won': 361, 'stalled': 3, 'truncated': 638, 'other': 0}  rss= 3200.0MB  (32294s)
step   825000/1200000  eps=0.150  episodes= 1004  mean_return=729.385  mean_loss= 8.24385  mean_foundation=  7.0/52  lifetime_outcomes={'won': 361, 'stalled': 4, 'truncated': 639, 'other': 0}  rss= 3200.0MB  (32298s)
step   826000/1200000  eps=0.150  episodes= 1005  mean_return=7045.600  mean_loss= 7.32083  mean_foundation= 52.0/52  lifetime_outcomes={'won': 362, 'stalled': 4, 'truncated': 639, 'other': 0}  rss= 3200.0MB  (32302s)
step   827000/1200000  eps=0.150  episodes= 1006  mean_return=1520.000  mean_loss= 7.71173  mean_foundation= 20.0/52  lifetime_outcomes={'won': 362, 'stalled': 4, 'truncated': 640, 'other': 0}  rss= 3200.0MB  (32305s)
step   828000/1200000  eps=0.150  episodes= 1009  mean_return=4850.970  mean_loss= 7.39641  mean_foundation= 37.0/52  lifetime_outcomes={'won': 364, 'stalled': 4, 'truncated': 641, 'other': 0}  rss= 3200.0MB  (32309s)
step   829000/1200000  eps=0.150  episodes= 1010  mean_return=1080.000  mean_loss= 7.58207  mean_foundation= 15.0/52  lifetime_outcomes={'won': 364, 'stalled': 4, 'truncated': 642, 'other': 0}  rss= 3200.0MB  (32313s)
step   830000/1200000  eps=0.150  episodes= 1011  mean_return=7043.630  mean_loss= 7.68815  mean_foundation= 52.0/52  lifetime_outcomes={'won': 365, 'stalled': 4, 'truncated': 642, 'other': 0}  rss= 3200.0MB  (32316s)
  EVAL  step   830000  win_rate=25.50%  mean_return=2566.739  mean_foundation= 23.1/52  mean_length=896.1  (greedy, 200 fixed deals)
step   831000/1200000  eps=0.150  episodes= 1012  mean_return=1310.000  mean_loss= 7.67775  mean_foundation= 18.0/52  lifetime_outcomes={'won': 365, 'stalled': 4, 'truncated': 643, 'other': 0}  rss= 3200.0MB  (32488s)
step   832000/1200000  eps=0.150  episodes= 1013  mean_return=810.000  mean_loss= 7.23763  mean_foundation= 11.0/52  lifetime_outcomes={'won': 365, 'stalled': 4, 'truncated': 644, 'other': 0}  rss= 3200.0MB  (32492s)
step   833000/1200000  eps=0.150  episodes= 1014  mean_return=1630.000  mean_loss= 7.02292  mean_foundation= 28.0/52  lifetime_outcomes={'won': 365, 'stalled': 4, 'truncated': 645, 'other': 0}  rss= 3200.0MB  (32496s)
step   834000/1200000  eps=0.150  episodes= 1015  mean_return=1040.000  mean_loss= 6.93746  mean_foundation=  9.0/52  lifetime_outcomes={'won': 365, 'stalled': 4, 'truncated': 646, 'other': 0}  rss= 3200.0MB  (32499s)
step   835000/1200000  eps=0.150  episodes= 1017  mean_return=3772.890  mean_loss= 7.09344  mean_foundation= 29.0/52  lifetime_outcomes={'won': 366, 'stalled': 4, 'truncated': 647, 'other': 0}  rss= 3200.0MB  (32503s)
step   836000/1200000  eps=0.150  episodes= 1018  mean_return=7043.430  mean_loss= 7.56172  mean_foundation= 52.0/52  lifetime_outcomes={'won': 367, 'stalled': 4, 'truncated': 647, 'other': 0}  rss= 3200.0MB  (32506s)
step   837000/1200000  eps=0.150  episodes= 1020  mean_return=3649.565  mean_loss= 7.53532  mean_foundation= 28.5/52  lifetime_outcomes={'won': 368, 'stalled': 5, 'truncated': 647, 'other': 0}  rss= 3200.0MB  (32510s)
step   838000/1200000  eps=0.150  episodes= 1021  mean_return=1040.000  mean_loss= 7.45702  mean_foundation=  2.0/52  lifetime_outcomes={'won': 368, 'stalled': 5, 'truncated': 648, 'other': 0}  rss= 3200.0MB  (32513s)
step   839000/1200000  eps=0.150  episodes= 1022  mean_return=1460.000  mean_loss= 6.95866  mean_foundation= 18.0/52  lifetime_outcomes={'won': 368, 'stalled': 5, 'truncated': 649, 'other': 0}  rss= 3200.0MB  (32517s)
step   840000/1200000  eps=0.150  episodes= 1024  mean_return=7045.155  mean_loss= 7.32751  mean_foundation= 52.0/52  lifetime_outcomes={'won': 370, 'stalled': 5, 'truncated': 649, 'other': 0}  rss= 3200.0MB  (32520s)
  EVAL  step   840000  win_rate=40.00%  mean_return=3370.941  mean_foundation= 28.2/52  mean_length=815.9  (greedy, 200 fixed deals)
step   841000/1200000  eps=0.150  episodes= 1026  mean_return=7045.705  mean_loss= 7.30601  mean_foundation= 52.0/52  lifetime_outcomes={'won': 372, 'stalled': 5, 'truncated': 649, 'other': 0}  rss= 3200.0MB  (32679s)
step   842000/1200000  eps=0.150  episodes= 1027  mean_return=1160.000  mean_loss= 6.98920  mean_foundation=  6.0/52  lifetime_outcomes={'won': 372, 'stalled': 5, 'truncated': 650, 'other': 0}  rss= 3200.0MB  (32682s)
step   843000/1200000  eps=0.150  episodes= 1028  mean_return=820.000  mean_loss= 6.94384  mean_foundation=  9.0/52  lifetime_outcomes={'won': 372, 'stalled': 5, 'truncated': 651, 'other': 0}  rss= 3200.0MB  (32686s)
step   844000/1200000  eps=0.150  episodes= 1030  mean_return=3827.515  mean_loss= 7.40563  mean_foundation= 30.0/52  lifetime_outcomes={'won': 373, 'stalled': 5, 'truncated': 652, 'other': 0}  rss= 3200.0MB  (32690s)
step   845000/1200000  eps=0.150  episodes= 1031  mean_return=340.000  mean_loss= 7.33323  mean_foundation=  4.0/52  lifetime_outcomes={'won': 373, 'stalled': 5, 'truncated': 653, 'other': 0}  rss= 3200.0MB  (32693s)
step   846000/1200000  eps=0.150  episodes= 1032  mean_return=7046.000  mean_loss= 7.61357  mean_foundation= 52.0/52  lifetime_outcomes={'won': 374, 'stalled': 5, 'truncated': 653, 'other': 0}  rss= 3200.0MB  (32697s)
step   847000/1200000  eps=0.150  episodes= 1033  mean_return=390.000  mean_loss= 7.36678  mean_foundation=  3.0/52  lifetime_outcomes={'won': 374, 'stalled': 5, 'truncated': 654, 'other': 0}  rss= 3200.0MB  (32700s)
step   848000/1200000  eps=0.150  episodes= 1034  mean_return=1430.000  mean_loss= 7.35947  mean_foundation= 16.0/52  lifetime_outcomes={'won': 374, 'stalled': 5, 'truncated': 655, 'other': 0}  rss= 3200.0MB  (32704s)
step   849000/1200000  eps=0.150  episodes= 1035  mean_return=1020.000  mean_loss= 6.78206  mean_foundation=  6.0/52  lifetime_outcomes={'won': 374, 'stalled': 5, 'truncated': 656, 'other': 0}  rss= 3200.0MB  (32707s)
step   850000/1200000  eps=0.150  episodes= 1036  mean_return=650.000  mean_loss= 7.23975  mean_foundation=  8.0/52  lifetime_outcomes={'won': 374, 'stalled': 5, 'truncated': 657, 'other': 0}  rss= 3200.0MB  (32711s)
  EVAL  step   850000  win_rate=35.00%  mean_return=3067.648  mean_foundation= 26.6/52  mean_length=780.2  (greedy, 200 fixed deals)
step   851000/1200000  eps=0.150  episodes= 1037  mean_return=1020.000  mean_loss= 7.28278  mean_foundation=  8.0/52  lifetime_outcomes={'won': 374, 'stalled': 5, 'truncated': 658, 'other': 0}  rss= 3200.0MB  (32868s)
step   852000/1200000  eps=0.150  episodes= 1038  mean_return=440.000  mean_loss= 7.07722  mean_foundation=  6.0/52  lifetime_outcomes={'won': 374, 'stalled': 5, 'truncated': 659, 'other': 0}  rss= 3200.0MB  (32871s)
step   853000/1200000  eps=0.150  episodes= 1039  mean_return=1190.000  mean_loss= 7.20588  mean_foundation= 17.0/52  lifetime_outcomes={'won': 374, 'stalled': 5, 'truncated': 660, 'other': 0}  rss= 3200.0MB  (32875s)
step   854000/1200000  eps=0.150  episodes= 1040  mean_return=280.000  mean_loss= 7.16527  mean_foundation=  5.0/52  lifetime_outcomes={'won': 374, 'stalled': 5, 'truncated': 661, 'other': 0}  rss= 3200.0MB  (32878s)
step   855000/1200000  eps=0.150  episodes= 1041  mean_return=1140.000  mean_loss= 6.87985  mean_foundation= 13.0/52  lifetime_outcomes={'won': 374, 'stalled': 5, 'truncated': 662, 'other': 0}  rss= 3200.0MB  (32881s)
step   856000/1200000  eps=0.150  episodes= 1042  mean_return=910.000  mean_loss= 6.68860  mean_foundation=  1.0/52  lifetime_outcomes={'won': 374, 'stalled': 5, 'truncated': 663, 'other': 0}  rss= 3200.0MB  (32885s)
step   857000/1200000  eps=0.150  episodes= 1044  mean_return=3927.450  mean_loss= 7.02846  mean_foundation= 30.0/52  lifetime_outcomes={'won': 375, 'stalled': 5, 'truncated': 664, 'other': 0}  rss= 3200.0MB  (32888s)
step   858000/1200000  eps=0.150  episodes= 1046  mean_return=7024.570  mean_loss= 6.62079  mean_foundation= 52.0/52  lifetime_outcomes={'won': 377, 'stalled': 5, 'truncated': 664, 'other': 0}  rss= 3200.0MB  (32891s)
step   859000/1200000  eps=0.150  episodes= 1047  mean_return=7045.900  mean_loss= 7.21193  mean_foundation= 52.0/52  lifetime_outcomes={'won': 378, 'stalled': 5, 'truncated': 664, 'other': 0}  rss= 3200.0MB  (32895s)
step   860000/1200000  eps=0.150  episodes= 1048  mean_return=670.000  mean_loss= 6.72684  mean_foundation= 11.0/52  lifetime_outcomes={'won': 378, 'stalled': 5, 'truncated': 665, 'other': 0}  rss= 3200.0MB  (32898s)
  EVAL  step   860000  win_rate=35.50%  mean_return=3105.441  mean_foundation= 26.3/52  mean_length=805.9  (greedy, 200 fixed deals)
step   861000/1200000  eps=0.150  episodes= 1049  mean_return=910.000  mean_loss= 6.38357  mean_foundation= 11.0/52  lifetime_outcomes={'won': 378, 'stalled': 5, 'truncated': 666, 'other': 0}  rss= 3200.0MB  (33058s)
step   862000/1200000  eps=0.150  episodes= 1050  mean_return=580.000  mean_loss= 6.69278  mean_foundation=  5.0/52  lifetime_outcomes={'won': 378, 'stalled': 5, 'truncated': 667, 'other': 0}  rss= 3200.0MB  (33061s)
step   863000/1200000  eps=0.150  episodes= 1051  mean_return=590.000  mean_loss= 6.95340  mean_foundation=  4.0/52  lifetime_outcomes={'won': 378, 'stalled': 5, 'truncated': 668, 'other': 0}  rss= 3200.0MB  (33065s)
step   864000/1200000  eps=0.150  episodes= 1053  mean_return=4108.275  mean_loss= 6.67134  mean_foundation= 33.5/52  lifetime_outcomes={'won': 379, 'stalled': 5, 'truncated': 669, 'other': 0}  rss= 3200.0MB  (33068s)
step   865000/1200000  eps=0.150  episodes= 1054  mean_return=7045.410  mean_loss= 6.05783  mean_foundation= 52.0/52  lifetime_outcomes={'won': 380, 'stalled': 5, 'truncated': 669, 'other': 0}  rss= 3200.0MB  (33072s)
step   866000/1200000  eps=0.150  episodes= 1056  mean_return=3702.505  mean_loss= 6.43032  mean_foundation= 29.0/52  lifetime_outcomes={'won': 381, 'stalled': 5, 'truncated': 670, 'other': 0}  rss= 3200.0MB  (33075s)
step   867000/1200000  eps=0.150  episodes= 1057  mean_return=7044.880  mean_loss= 6.63879  mean_foundation= 52.0/52  lifetime_outcomes={'won': 382, 'stalled': 5, 'truncated': 670, 'other': 0}  rss= 3200.0MB  (33079s)
step   868000/1200000  eps=0.150  episodes= 1058  mean_return=840.000  mean_loss= 6.46128  mean_foundation=  8.0/52  lifetime_outcomes={'won': 382, 'stalled': 5, 'truncated': 671, 'other': 0}  rss= 3200.0MB  (33082s)
step   869000/1200000  eps=0.150  episodes= 1059  mean_return=7040.940  mean_loss= 6.43947  mean_foundation= 52.0/52  lifetime_outcomes={'won': 383, 'stalled': 5, 'truncated': 671, 'other': 0}  rss= 3200.0MB  (33085s)
step   870000/1200000  eps=0.150  episodes= 1061  mean_return=3856.200  mean_loss= 6.61472  mean_foundation= 31.0/52  lifetime_outcomes={'won': 384, 'stalled': 5, 'truncated': 672, 'other': 0}  rss= 3200.0MB  (33089s)
  EVAL  step   870000  win_rate=28.50%  mean_return=2748.605  mean_foundation= 24.1/52  mean_length=884.5  (greedy, 200 fixed deals)
step   871000/1200000  eps=0.150  episodes= 1062  mean_return=1070.000  mean_loss= 6.60697  mean_foundation= 20.0/52  lifetime_outcomes={'won': 384, 'stalled': 5, 'truncated': 673, 'other': 0}  rss= 3200.0MB  (33261s)
step   872000/1200000  eps=0.150  episodes= 1063  mean_return=200.000  mean_loss= 6.19035  mean_foundation=  5.0/52  lifetime_outcomes={'won': 384, 'stalled': 5, 'truncated': 674, 'other': 0}  rss= 3200.0MB  (33265s)
step   873000/1200000  eps=0.150  episodes= 1064  mean_return=1030.000  mean_loss= 6.57416  mean_foundation= 13.0/52  lifetime_outcomes={'won': 384, 'stalled': 5, 'truncated': 675, 'other': 0}  rss= 3200.0MB  (33268s)
step   874000/1200000  eps=0.150  episodes= 1065  mean_return=850.000  mean_loss= 6.44903  mean_foundation= 12.0/52  lifetime_outcomes={'won': 384, 'stalled': 5, 'truncated': 676, 'other': 0}  rss= 3200.0MB  (33272s)
step   875000/1200000  eps=0.150  episodes= 1066  mean_return=7046.060  mean_loss= 6.42751  mean_foundation= 52.0/52  lifetime_outcomes={'won': 385, 'stalled': 5, 'truncated': 676, 'other': 0}  rss= 3200.0MB  (33275s)
step   876000/1200000  eps=0.150  episodes= 1068  mean_return=3917.850  mean_loss= 6.41695  mean_foundation= 28.5/52  lifetime_outcomes={'won': 386, 'stalled': 5, 'truncated': 677, 'other': 0}  rss= 3200.0MB  (33279s)
step   877000/1200000  eps=0.150  episodes= 1069  mean_return=7044.040  mean_loss= 6.31980  mean_foundation= 52.0/52  lifetime_outcomes={'won': 387, 'stalled': 5, 'truncated': 677, 'other': 0}  rss= 3200.0MB  (33282s)
step   878000/1200000  eps=0.150  episodes= 1070  mean_return=1150.000  mean_loss= 6.54080  mean_foundation= 17.0/52  lifetime_outcomes={'won': 387, 'stalled': 5, 'truncated': 678, 'other': 0}  rss= 3200.0MB  (33286s)
step   879000/1200000  eps=0.150  episodes= 1071  mean_return=950.000  mean_loss= 6.01187  mean_foundation= 13.0/52  lifetime_outcomes={'won': 387, 'stalled': 5, 'truncated': 679, 'other': 0}  rss= 3200.0MB  (33289s)
step   880000/1200000  eps=0.150  episodes= 1072  mean_return=1210.000  mean_loss= 6.04150  mean_foundation=  8.0/52  lifetime_outcomes={'won': 387, 'stalled': 5, 'truncated': 680, 'other': 0}  rss= 3200.0MB  (33293s)
  EVAL  step   880000  win_rate=37.50%  mean_return=3235.656  mean_foundation= 27.6/52  mean_length=809.4  (greedy, 200 fixed deals)
step   881000/1200000  eps=0.150  episodes= 1073  mean_return=1470.000  mean_loss= 6.28562  mean_foundation= 14.0/52  lifetime_outcomes={'won': 387, 'stalled': 5, 'truncated': 681, 'other': 0}  rss= 3200.0MB  (33451s)
step   882000/1200000  eps=0.150  episodes= 1075  mean_return=4187.820  mean_loss= 6.22109  mean_foundation= 31.5/52  lifetime_outcomes={'won': 388, 'stalled': 5, 'truncated': 682, 'other': 0}  rss= 3200.0MB  (33454s)
step   883000/1200000  eps=0.150  episodes= 1076  mean_return=1920.000  mean_loss= 6.23237  mean_foundation= 40.0/52  lifetime_outcomes={'won': 388, 'stalled': 5, 'truncated': 683, 'other': 0}  rss= 3200.0MB  (33458s)
step   884000/1200000  eps=0.150  episodes= 1077  mean_return=270.000  mean_loss= 6.08741  mean_foundation=  3.0/52  lifetime_outcomes={'won': 388, 'stalled': 5, 'truncated': 684, 'other': 0}  rss= 3200.0MB  (33461s)
step   885000/1200000  eps=0.150  episodes= 1078  mean_return=1350.000  mean_loss= 5.90531  mean_foundation= 13.0/52  lifetime_outcomes={'won': 388, 'stalled': 5, 'truncated': 685, 'other': 0}  rss= 3200.0MB  (33465s)
step   886000/1200000  eps=0.150  episodes= 1079  mean_return=1050.000  mean_loss= 5.85228  mean_foundation= 17.0/52  lifetime_outcomes={'won': 388, 'stalled': 5, 'truncated': 686, 'other': 0}  rss= 3200.0MB  (33469s)
step   887000/1200000  eps=0.150  episodes= 1080  mean_return=7046.690  mean_loss= 6.19887  mean_foundation= 52.0/52  lifetime_outcomes={'won': 389, 'stalled': 5, 'truncated': 686, 'other': 0}  rss= 3200.0MB  (33472s)
step   888000/1200000  eps=0.150  episodes= 1082  mean_return=4071.075  mean_loss= 5.90053  mean_foundation= 30.0/52  lifetime_outcomes={'won': 390, 'stalled': 5, 'truncated': 687, 'other': 0}  rss= 3200.0MB  (33476s)
step   889000/1200000  eps=0.150  episodes= 1083  mean_return=7005.050  mean_loss= 6.14021  mean_foundation= 52.0/52  lifetime_outcomes={'won': 391, 'stalled': 5, 'truncated': 687, 'other': 0}  rss= 3200.0MB  (33480s)
step   890000/1200000  eps=0.150  episodes= 1085  mean_return=3997.965  mean_loss= 5.58773  mean_foundation= 29.5/52  lifetime_outcomes={'won': 392, 'stalled': 5, 'truncated': 688, 'other': 0}  rss= 3200.0MB  (33483s)
  EVAL  step   890000  win_rate=26.00%  mean_return=2613.524  mean_foundation= 24.0/52  mean_length=897.6  (greedy, 200 fixed deals)
step   891000/1200000  eps=0.150  episodes= 1086  mean_return=460.000  mean_loss= 5.97146  mean_foundation=  5.0/52  lifetime_outcomes={'won': 392, 'stalled': 5, 'truncated': 689, 'other': 0}  rss= 3200.0MB  (33658s)
step   892000/1200000  eps=0.150  episodes= 1087  mean_return=7005.580  mean_loss= 6.07804  mean_foundation= 52.0/52  lifetime_outcomes={'won': 393, 'stalled': 5, 'truncated': 689, 'other': 0}  rss= 3200.0MB  (33662s)
step   893000/1200000  eps=0.150  episodes= 1088  mean_return=860.000  mean_loss= 5.91080  mean_foundation=  8.0/52  lifetime_outcomes={'won': 393, 'stalled': 5, 'truncated': 690, 'other': 0}  rss= 3200.0MB  (33665s)
step   894000/1200000  eps=0.150  episodes= 1089  mean_return=1130.000  mean_loss= 5.79216  mean_foundation= 15.0/52  lifetime_outcomes={'won': 393, 'stalled': 5, 'truncated': 691, 'other': 0}  rss= 3200.0MB  (33669s)
step   895000/1200000  eps=0.150  episodes= 1091  mean_return=4096.145  mean_loss= 5.91220  mean_foundation= 32.5/52  lifetime_outcomes={'won': 394, 'stalled': 5, 'truncated': 692, 'other': 0}  rss= 3200.0MB  (33672s)
step   896000/1200000  eps=0.150  episodes= 1092  mean_return=510.000  mean_loss= 5.92190  mean_foundation=  6.0/52  lifetime_outcomes={'won': 394, 'stalled': 5, 'truncated': 693, 'other': 0}  rss= 3200.0MB  (33676s)
step   897000/1200000  eps=0.150  episodes= 1093  mean_return=7045.880  mean_loss= 5.73153  mean_foundation= 52.0/52  lifetime_outcomes={'won': 395, 'stalled': 5, 'truncated': 693, 'other': 0}  rss= 3200.0MB  (33680s)
step   898000/1200000  eps=0.150  episodes= 1095  mean_return=4228.180  mean_loss= 5.61661  mean_foundation= 33.0/52  lifetime_outcomes={'won': 396, 'stalled': 5, 'truncated': 694, 'other': 0}  rss= 3200.0MB  (33683s)
step   899000/1200000  eps=0.150  episodes= 1096  mean_return=1550.000  mean_loss= 5.80064  mean_foundation= 13.0/52  lifetime_outcomes={'won': 396, 'stalled': 5, 'truncated': 695, 'other': 0}  rss= 3200.0MB  (33687s)
step   900000/1200000  eps=0.150  episodes= 1097  mean_return=780.000  mean_loss= 5.53861  mean_foundation=  9.0/52  lifetime_outcomes={'won': 396, 'stalled': 5, 'truncated': 696, 'other': 0}  rss= 3200.0MB  (33690s)
  EVAL  step   900000  win_rate=36.50%  mean_return=3191.500  mean_foundation= 27.4/52  mean_length=815.1  (greedy, 200 fixed deals)
step   901000/1200000  eps=0.150  episodes= 1099  mean_return=7045.410  mean_loss= 5.76737  mean_foundation= 52.0/52  lifetime_outcomes={'won': 398, 'stalled': 5, 'truncated': 696, 'other': 0}  rss= 3200.0MB  (33850s)
step   902000/1200000  eps=0.150  episodes= 1100  mean_return=1600.000  mean_loss= 5.75042  mean_foundation= 34.0/52  lifetime_outcomes={'won': 398, 'stalled': 5, 'truncated': 697, 'other': 0}  rss= 3200.0MB  (33853s)
step   903000/1200000  eps=0.150  episodes= 1101  mean_return=7046.380  mean_loss= 5.81288  mean_foundation= 52.0/52  lifetime_outcomes={'won': 399, 'stalled': 5, 'truncated': 697, 'other': 0}  rss= 3200.0MB  (33856s)
step   904000/1200000  eps=0.150  episodes= 1103  mean_return=4301.260  mean_loss= 5.57201  mean_foundation= 38.0/52  lifetime_outcomes={'won': 400, 'stalled': 5, 'truncated': 698, 'other': 0}  rss= 3200.0MB  (33860s)
step   905000/1200000  eps=0.150  episodes= 1104  mean_return=890.000  mean_loss= 5.43934  mean_foundation= 14.0/52  lifetime_outcomes={'won': 400, 'stalled': 5, 'truncated': 699, 'other': 0}  rss= 3200.0MB  (33863s)
step   906000/1200000  eps=0.150  episodes= 1105  mean_return=1330.000  mean_loss= 5.39786  mean_foundation= 18.0/52  lifetime_outcomes={'won': 400, 'stalled': 5, 'truncated': 700, 'other': 0}  rss= 3200.0MB  (33867s)
step   907000/1200000  eps=0.150  episodes= 1106  mean_return=7042.520  mean_loss= 5.65498  mean_foundation= 52.0/52  lifetime_outcomes={'won': 401, 'stalled': 5, 'truncated': 700, 'other': 0}  rss= 3200.0MB  (33871s)
step   908000/1200000  eps=0.150  episodes= 1107  mean_return=1330.000  mean_loss= 5.40796  mean_foundation= 13.0/52  lifetime_outcomes={'won': 401, 'stalled': 5, 'truncated': 701, 'other': 0}  rss= 3200.0MB  (33874s)
step   909000/1200000  eps=0.150  episodes= 1108  mean_return=430.000  mean_loss= 5.44831  mean_foundation=  4.0/52  lifetime_outcomes={'won': 401, 'stalled': 5, 'truncated': 702, 'other': 0}  rss= 3200.0MB  (33878s)
step   910000/1200000  eps=0.150  episodes= 1109  mean_return=1210.000  mean_loss= 5.61542  mean_foundation= 17.0/52  lifetime_outcomes={'won': 401, 'stalled': 5, 'truncated': 703, 'other': 0}  rss= 3200.0MB  (33881s)
  EVAL  step   910000  win_rate=36.00%  mean_return=3150.997  mean_foundation= 26.4/52  mean_length=850.3  (greedy, 200 fixed deals)
step   911000/1200000  eps=0.150  episodes= 1110  mean_return=1420.000  mean_loss= 5.37165  mean_foundation= 15.0/52  lifetime_outcomes={'won': 401, 'stalled': 5, 'truncated': 704, 'other': 0}  rss= 3200.0MB  (34050s)
step   912000/1200000  eps=0.150  episodes= 1111  mean_return=7042.930  mean_loss= 5.32777  mean_foundation= 52.0/52  lifetime_outcomes={'won': 402, 'stalled': 5, 'truncated': 704, 'other': 0}  rss= 3200.0MB  (34054s)
step   913000/1200000  eps=0.150  episodes= 1113  mean_return=3861.840  mean_loss= 5.45459  mean_foundation= 30.5/52  lifetime_outcomes={'won': 403, 'stalled': 5, 'truncated': 705, 'other': 0}  rss= 3200.0MB  (34057s)
step   914000/1200000  eps=0.150  episodes= 1114  mean_return=520.000  mean_loss= 5.29556  mean_foundation=  3.0/52  lifetime_outcomes={'won': 403, 'stalled': 5, 'truncated': 706, 'other': 0}  rss= 3200.0MB  (34061s)
step   915000/1200000  eps=0.150  episodes= 1115  mean_return=7004.830  mean_loss= 5.42067  mean_foundation= 52.0/52  lifetime_outcomes={'won': 404, 'stalled': 5, 'truncated': 706, 'other': 0}  rss= 3200.0MB  (34064s)
step   916000/1200000  eps=0.150  episodes= 1116  mean_return=800.000  mean_loss= 5.47955  mean_foundation= 11.0/52  lifetime_outcomes={'won': 404, 'stalled': 5, 'truncated': 707, 'other': 0}  rss= 3200.0MB  (34068s)
step   917000/1200000  eps=0.150  episodes= 1117  mean_return=1540.000  mean_loss= 5.46104  mean_foundation= 27.0/52  lifetime_outcomes={'won': 404, 'stalled': 5, 'truncated': 708, 'other': 0}  rss= 3200.0MB  (34071s)
step   918000/1200000  eps=0.150  episodes= 1119  mean_return=3837.485  mean_loss= 5.36569  mean_foundation= 28.0/52  lifetime_outcomes={'won': 405, 'stalled': 5, 'truncated': 709, 'other': 0}  rss= 3200.0MB  (34075s)
step   919000/1200000  eps=0.150  episodes= 1120  mean_return=1380.000  mean_loss= 5.25816  mean_foundation= 11.0/52  lifetime_outcomes={'won': 405, 'stalled': 5, 'truncated': 710, 'other': 0}  rss= 3200.0MB  (34078s)
step   920000/1200000  eps=0.150  episodes= 1121  mean_return=740.000  mean_loss= 5.25308  mean_foundation=  8.0/52  lifetime_outcomes={'won': 405, 'stalled': 5, 'truncated': 711, 'other': 0}  rss= 3200.0MB  (34081s)
  EVAL  step   920000  win_rate=25.50%  mean_return=2588.098  mean_foundation= 24.0/52  mean_length=915.2  (greedy, 200 fixed deals)
step   921000/1200000  eps=0.150  episodes= 1122  mean_return=7043.870  mean_loss= 5.15233  mean_foundation= 52.0/52  lifetime_outcomes={'won': 406, 'stalled': 5, 'truncated': 711, 'other': 0}  rss= 3200.0MB  (34261s)
step   922000/1200000  eps=0.150  episodes= 1123  mean_return=1110.000  mean_loss= 5.03036  mean_foundation= 10.0/52  lifetime_outcomes={'won': 406, 'stalled': 5, 'truncated': 712, 'other': 0}  rss= 3200.0MB  (34264s)
step   923000/1200000  eps=0.150  episodes= 1125  mean_return=7044.140  mean_loss= 5.32800  mean_foundation= 52.0/52  lifetime_outcomes={'won': 408, 'stalled': 5, 'truncated': 712, 'other': 0}  rss= 3200.0MB  (34268s)
step   924000/1200000  eps=0.150  episodes= 1126  mean_return=1480.000  mean_loss= 5.00851  mean_foundation= 21.0/52  lifetime_outcomes={'won': 408, 'stalled': 5, 'truncated': 713, 'other': 0}  rss= 3200.0MB  (34272s)
step   925000/1200000  eps=0.150  episodes= 1127  mean_return=7040.100  mean_loss= 4.86211  mean_foundation= 52.0/52  lifetime_outcomes={'won': 409, 'stalled': 5, 'truncated': 713, 'other': 0}  rss= 3200.0MB  (34275s)
step   926000/1200000  eps=0.150  episodes= 1128  mean_return=1200.000  mean_loss= 5.32573  mean_foundation= 14.0/52  lifetime_outcomes={'won': 409, 'stalled': 5, 'truncated': 714, 'other': 0}  rss= 3200.0MB  (34279s)
step   927000/1200000  eps=0.150  episodes= 1129  mean_return=600.000  mean_loss= 5.02001  mean_foundation=  6.0/52  lifetime_outcomes={'won': 409, 'stalled': 5, 'truncated': 715, 'other': 0}  rss= 3200.0MB  (34282s)
step   928000/1200000  eps=0.150  episodes= 1130  mean_return=7043.310  mean_loss= 5.24793  mean_foundation= 52.0/52  lifetime_outcomes={'won': 410, 'stalled': 5, 'truncated': 715, 'other': 0}  rss= 3200.0MB  (34285s)
step   929000/1200000  eps=0.150  episodes= 1132  mean_return=3852.845  mean_loss= 5.07586  mean_foundation= 29.5/52  lifetime_outcomes={'won': 411, 'stalled': 5, 'truncated': 716, 'other': 0}  rss= 3200.0MB  (34289s)
step   930000/1200000  eps=0.150  episodes= 1133  mean_return=1180.000  mean_loss= 4.91820  mean_foundation= 15.0/52  lifetime_outcomes={'won': 411, 'stalled': 5, 'truncated': 717, 'other': 0}  rss= 3200.0MB  (34292s)
  EVAL  step   930000  win_rate=35.50%  mean_return=3096.139  mean_foundation= 26.4/52  mean_length=801.1  (greedy, 200 fixed deals)
step   931000/1200000  eps=0.150  episodes= 1134  mean_return=1420.000  mean_loss= 4.95817  mean_foundation= 17.0/52  lifetime_outcomes={'won': 411, 'stalled': 5, 'truncated': 718, 'other': 0}  rss= 3200.0MB  (34450s)
step   932000/1200000  eps=0.150  episodes= 1135  mean_return=320.000  mean_loss= 5.12775  mean_foundation=  8.0/52  lifetime_outcomes={'won': 411, 'stalled': 5, 'truncated': 719, 'other': 0}  rss= 3200.0MB  (34454s)
step   933000/1200000  eps=0.150  episodes= 1137  mean_return=7045.300  mean_loss= 4.97926  mean_foundation= 52.0/52  lifetime_outcomes={'won': 413, 'stalled': 5, 'truncated': 719, 'other': 0}  rss= 3200.0MB  (34458s)
step   934000/1200000  eps=0.150  episodes= 1138  mean_return=7041.320  mean_loss= 5.04446  mean_foundation= 52.0/52  lifetime_outcomes={'won': 414, 'stalled': 5, 'truncated': 719, 'other': 0}  rss= 3200.0MB  (34461s)
step   935000/1200000  eps=0.150  episodes= 1139  mean_return=840.000  mean_loss= 5.05408  mean_foundation=  3.0/52  lifetime_outcomes={'won': 414, 'stalled': 5, 'truncated': 720, 'other': 0}  rss= 3200.0MB  (34465s)
step   936000/1200000  eps=0.150  episodes= 1141  mean_return=4023.375  mean_loss= 4.99229  mean_foundation= 33.5/52  lifetime_outcomes={'won': 415, 'stalled': 5, 'truncated': 721, 'other': 0}  rss= 3200.0MB  (34469s)
step   937000/1200000  eps=0.150  episodes= 1142  mean_return=840.000  mean_loss= 4.95273  mean_foundation= 10.0/52  lifetime_outcomes={'won': 415, 'stalled': 5, 'truncated': 722, 'other': 0}  rss= 3200.0MB  (34472s)
step   938000/1200000  eps=0.150  episodes= 1143  mean_return=920.000  mean_loss= 4.95061  mean_foundation=  9.0/52  lifetime_outcomes={'won': 415, 'stalled': 5, 'truncated': 723, 'other': 0}  rss= 3200.0MB  (34476s)
step   939000/1200000  eps=0.150  episodes= 1144  mean_return=7046.510  mean_loss= 4.94183  mean_foundation= 52.0/52  lifetime_outcomes={'won': 416, 'stalled': 5, 'truncated': 723, 'other': 0}  rss= 3200.0MB  (34479s)
step   940000/1200000  eps=0.150  episodes= 1145  mean_return=330.000  mean_loss= 4.82908  mean_foundation=  3.0/52  lifetime_outcomes={'won': 416, 'stalled': 5, 'truncated': 724, 'other': 0}  rss= 3200.0MB  (34483s)
  EVAL  step   940000  win_rate=33.50%  mean_return=2989.468  mean_foundation= 26.0/52  mean_length=823.3  (greedy, 200 fixed deals)
step   941000/1200000  eps=0.150  episodes= 1146  mean_return=7041.640  mean_loss= 4.86163  mean_foundation= 52.0/52  lifetime_outcomes={'won': 417, 'stalled': 5, 'truncated': 724, 'other': 0}  rss= 3200.0MB  (34643s)
step   942000/1200000  eps=0.150  episodes= 1147  mean_return=830.000  mean_loss= 4.93032  mean_foundation=  9.0/52  lifetime_outcomes={'won': 417, 'stalled': 5, 'truncated': 725, 'other': 0}  rss= 3200.0MB  (34646s)
step   943000/1200000  eps=0.150  episodes= 1149  mean_return=3873.300  mean_loss= 4.87676  mean_foundation= 30.0/52  lifetime_outcomes={'won': 418, 'stalled': 5, 'truncated': 726, 'other': 0}  rss= 3200.0MB  (34650s)
step   944000/1200000  eps=0.150  episodes= 1151  mean_return=3982.210  mean_loss= 4.82276  mean_foundation= 32.5/52  lifetime_outcomes={'won': 419, 'stalled': 5, 'truncated': 727, 'other': 0}  rss= 3200.0MB  (34653s)
step   945000/1200000  eps=0.150  episodes= 1152  mean_return=1080.000  mean_loss= 4.90545  mean_foundation=  7.0/52  lifetime_outcomes={'won': 419, 'stalled': 5, 'truncated': 728, 'other': 0}  rss= 3200.0MB  (34657s)
step   946000/1200000  eps=0.150  episodes= 1153  mean_return=7045.650  mean_loss= 4.98359  mean_foundation= 52.0/52  lifetime_outcomes={'won': 420, 'stalled': 5, 'truncated': 728, 'other': 0}  rss= 3200.0MB  (34661s)
step   947000/1200000  eps=0.150  episodes= 1154  mean_return=960.000  mean_loss= 4.62735  mean_foundation= 10.0/52  lifetime_outcomes={'won': 420, 'stalled': 5, 'truncated': 729, 'other': 0}  rss= 3200.0MB  (34664s)
step   948000/1200000  eps=0.150  episodes= 1155  mean_return=1010.000  mean_loss= 4.75699  mean_foundation= 11.0/52  lifetime_outcomes={'won': 420, 'stalled': 5, 'truncated': 730, 'other': 0}  rss= 3200.0MB  (34668s)
step   949000/1200000  eps=0.150  episodes= 1156  mean_return=440.000  mean_loss= 4.74194  mean_foundation=  6.0/52  lifetime_outcomes={'won': 420, 'stalled': 5, 'truncated': 731, 'other': 0}  rss= 3200.0MB  (34671s)
step   950000/1200000  eps=0.150  episodes= 1158  mean_return=3677.785  mean_loss= 4.56112  mean_foundation= 27.5/52  lifetime_outcomes={'won': 421, 'stalled': 5, 'truncated': 732, 'other': 0}  rss= 3200.0MB  (34675s)
  EVAL  step   950000  win_rate=34.50%  mean_return=3037.103  mean_foundation= 25.9/52  mean_length=799.7  (greedy, 200 fixed deals)
step   951000/1200000  eps=0.150  episodes= 1159  mean_return=1810.000  mean_loss= 4.64711  mean_foundation= 39.0/52  lifetime_outcomes={'won': 421, 'stalled': 5, 'truncated': 733, 'other': 0}  rss= 3200.0MB  (34831s)
step   952000/1200000  eps=0.150  episodes= 1160  mean_return=1490.000  mean_loss= 4.57422  mean_foundation= 10.0/52  lifetime_outcomes={'won': 421, 'stalled': 5, 'truncated': 734, 'other': 0}  rss= 3200.0MB  (34834s)
step   953000/1200000  eps=0.150  episodes= 1162  mean_return=7044.465  mean_loss= 4.79057  mean_foundation= 52.0/52  lifetime_outcomes={'won': 423, 'stalled': 5, 'truncated': 734, 'other': 0}  rss= 3200.0MB  (34838s)
step   954000/1200000  eps=0.150  episodes= 1163  mean_return=7044.600  mean_loss= 4.67418  mean_foundation= 52.0/52  lifetime_outcomes={'won': 424, 'stalled': 5, 'truncated': 734, 'other': 0}  rss= 3200.0MB  (34842s)
step   955000/1200000  eps=0.150  episodes= 1165  mean_return=7044.435  mean_loss= 4.62175  mean_foundation= 52.0/52  lifetime_outcomes={'won': 426, 'stalled': 5, 'truncated': 734, 'other': 0}  rss= 3200.0MB  (34845s)
step   956000/1200000  eps=0.150  episodes= 1166  mean_return=940.000  mean_loss= 4.60478  mean_foundation=  8.0/52  lifetime_outcomes={'won': 426, 'stalled': 5, 'truncated': 735, 'other': 0}  rss= 3200.0MB  (34849s)
step   957000/1200000  eps=0.150  episodes= 1168  mean_return=7023.695  mean_loss= 4.57698  mean_foundation= 52.0/52  lifetime_outcomes={'won': 428, 'stalled': 5, 'truncated': 735, 'other': 0}  rss= 3200.0MB  (34852s)
step   958000/1200000  eps=0.150  episodes= 1169  mean_return=480.000  mean_loss= 4.59948  mean_foundation=  6.0/52  lifetime_outcomes={'won': 428, 'stalled': 5, 'truncated': 736, 'other': 0}  rss= 3200.0MB  (34856s)
step   959000/1200000  eps=0.150  episodes= 1170  mean_return=1570.000  mean_loss= 4.50773  mean_foundation= 27.0/52  lifetime_outcomes={'won': 428, 'stalled': 5, 'truncated': 737, 'other': 0}  rss= 3200.0MB  (34859s)
step   960000/1200000  eps=0.150  episodes= 1171  mean_return=560.000  mean_loss= 4.49623  mean_foundation=  9.0/52  lifetime_outcomes={'won': 428, 'stalled': 5, 'truncated': 738, 'other': 0}  rss= 3200.0MB  (34863s)
  EVAL  step   960000  win_rate=37.50%  mean_return=3244.374  mean_foundation= 27.9/52  mean_length=817.6  (greedy, 200 fixed deals)
step   961000/1200000  eps=0.150  episodes= 1172  mean_return=710.000  mean_loss= 4.74050  mean_foundation=  4.0/52  lifetime_outcomes={'won': 428, 'stalled': 5, 'truncated': 739, 'other': 0}  rss= 3200.0MB  (35024s)
step   962000/1200000  eps=0.150  episodes= 1173  mean_return=320.000  mean_loss= 4.52157  mean_foundation=  4.0/52  lifetime_outcomes={'won': 428, 'stalled': 5, 'truncated': 740, 'other': 0}  rss= 3200.0MB  (35027s)
step   963000/1200000  eps=0.150  episodes= 1174  mean_return=660.000  mean_loss= 4.69946  mean_foundation=  4.0/52  lifetime_outcomes={'won': 428, 'stalled': 5, 'truncated': 741, 'other': 0}  rss= 3200.0MB  (35031s)
step   964000/1200000  eps=0.150  episodes= 1175  mean_return=550.000  mean_loss= 4.58811  mean_foundation=  2.0/52  lifetime_outcomes={'won': 428, 'stalled': 5, 'truncated': 742, 'other': 0}  rss= 3200.0MB  (35034s)
step   965000/1200000  eps=0.150  episodes= 1176  mean_return=1330.000  mean_loss= 4.51607  mean_foundation= 10.0/52  lifetime_outcomes={'won': 428, 'stalled': 5, 'truncated': 743, 'other': 0}  rss= 3200.0MB  (35037s)
step   966000/1200000  eps=0.150  episodes= 1177  mean_return=470.000  mean_loss= 4.40643  mean_foundation=  6.0/52  lifetime_outcomes={'won': 428, 'stalled': 5, 'truncated': 744, 'other': 0}  rss= 3200.0MB  (35041s)
step   967000/1200000  eps=0.150  episodes= 1179  mean_return=7044.955  mean_loss= 4.24655  mean_foundation= 52.0/52  lifetime_outcomes={'won': 430, 'stalled': 5, 'truncated': 744, 'other': 0}  rss= 3200.0MB  (35044s)
step   968000/1200000  eps=0.150  episodes= 1180  mean_return=1000.000  mean_loss= 4.47034  mean_foundation= 14.0/52  lifetime_outcomes={'won': 430, 'stalled': 5, 'truncated': 745, 'other': 0}  rss= 3200.0MB  (35047s)
step   969000/1200000  eps=0.150  episodes= 1181  mean_return=920.000  mean_loss= 4.43310  mean_foundation=  9.0/52  lifetime_outcomes={'won': 430, 'stalled': 5, 'truncated': 746, 'other': 0}  rss= 3200.0MB  (35051s)
step   970000/1200000  eps=0.150  episodes= 1182  mean_return=7046.980  mean_loss= 4.45475  mean_foundation= 52.0/52  lifetime_outcomes={'won': 431, 'stalled': 5, 'truncated': 746, 'other': 0}  rss= 3200.0MB  (35054s)
  EVAL  step   970000  win_rate=36.00%  mean_return=3147.764  mean_foundation= 27.2/52  mean_length=818.6  (greedy, 200 fixed deals)
step   971000/1200000  eps=0.150  episodes= 1184  mean_return=4395.930  mean_loss= 4.36128  mean_foundation= 42.5/52  lifetime_outcomes={'won': 432, 'stalled': 5, 'truncated': 747, 'other': 0}  rss= 3200.0MB  (35217s)
step   972000/1200000  eps=0.150  episodes= 1185  mean_return=7046.200  mean_loss= 4.49863  mean_foundation= 52.0/52  lifetime_outcomes={'won': 433, 'stalled': 5, 'truncated': 747, 'other': 0}  rss= 3200.0MB  (35221s)
step   973000/1200000  eps=0.150  episodes= 1186  mean_return=1720.000  mean_loss= 4.37811  mean_foundation= 33.0/52  lifetime_outcomes={'won': 433, 'stalled': 5, 'truncated': 748, 'other': 0}  rss= 3200.0MB  (35224s)
step   974000/1200000  eps=0.150  episodes= 1187  mean_return=1310.000  mean_loss= 4.43722  mean_foundation= 24.0/52  lifetime_outcomes={'won': 433, 'stalled': 5, 'truncated': 749, 'other': 0}  rss= 3200.0MB  (35227s)
step   975000/1200000  eps=0.150  episodes= 1188  mean_return=1040.000  mean_loss= 4.43386  mean_foundation= 15.0/52  lifetime_outcomes={'won': 433, 'stalled': 5, 'truncated': 750, 'other': 0}  rss= 3200.0MB  (35231s)
step   976000/1200000  eps=0.150  episodes= 1189  mean_return=7042.840  mean_loss= 4.59030  mean_foundation= 52.0/52  lifetime_outcomes={'won': 434, 'stalled': 5, 'truncated': 750, 'other': 0}  rss= 3200.0MB  (35235s)
step   977000/1200000  eps=0.150  episodes= 1191  mean_return=3828.175  mean_loss= 4.30281  mean_foundation= 27.0/52  lifetime_outcomes={'won': 435, 'stalled': 5, 'truncated': 751, 'other': 0}  rss= 3200.0MB  (35238s)
step   978000/1200000  eps=0.150  episodes= 1192  mean_return=1470.000  mean_loss= 4.24290  mean_foundation= 25.0/52  lifetime_outcomes={'won': 435, 'stalled': 5, 'truncated': 752, 'other': 0}  rss= 3200.0MB  (35241s)
step   979000/1200000  eps=0.150  episodes= 1194  mean_return=7023.865  mean_loss= 4.46950  mean_foundation= 52.0/52  lifetime_outcomes={'won': 437, 'stalled': 5, 'truncated': 752, 'other': 0}  rss= 3200.0MB  (35245s)
step   980000/1200000  eps=0.150  episodes= 1195  mean_return=1030.000  mean_loss= 4.34861  mean_foundation= 22.0/52  lifetime_outcomes={'won': 437, 'stalled': 5, 'truncated': 753, 'other': 0}  rss= 3200.0MB  (35249s)
  EVAL  step   980000  win_rate=33.00%  mean_return=2975.596  mean_foundation= 26.2/52  mean_length=845.4  (greedy, 200 fixed deals)
step   981000/1200000  eps=0.150  episodes= 1197  mean_return=7044.325  mean_loss= 4.13464  mean_foundation= 52.0/52  lifetime_outcomes={'won': 439, 'stalled': 5, 'truncated': 753, 'other': 0}  rss= 3200.0MB  (35414s)
step   982000/1200000  eps=0.150  episodes= 1198  mean_return=570.000  mean_loss= 4.42552  mean_foundation=  8.0/52  lifetime_outcomes={'won': 439, 'stalled': 5, 'truncated': 754, 'other': 0}  rss= 3200.0MB  (35418s)
step   983000/1200000  eps=0.150  episodes= 1199  mean_return=830.000  mean_loss= 4.17391  mean_foundation=  9.0/52  lifetime_outcomes={'won': 439, 'stalled': 5, 'truncated': 755, 'other': 0}  rss= 3200.0MB  (35421s)
step   984000/1200000  eps=0.150  episodes= 1200  mean_return=590.000  mean_loss= 4.03207  mean_foundation= 11.0/52  lifetime_outcomes={'won': 439, 'stalled': 5, 'truncated': 756, 'other': 0}  rss= 3200.0MB  (35425s)
step   985000/1200000  eps=0.150  episodes= 1201  mean_return=7044.570  mean_loss= 4.35230  mean_foundation= 52.0/52  lifetime_outcomes={'won': 440, 'stalled': 5, 'truncated': 756, 'other': 0}  rss= 3200.0MB  (35429s)
step   986000/1200000  eps=0.150  episodes= 1202  mean_return=1650.000  mean_loss= 4.40304  mean_foundation= 33.0/52  lifetime_outcomes={'won': 440, 'stalled': 5, 'truncated': 757, 'other': 0}  rss= 3200.0MB  (35432s)
step   987000/1200000  eps=0.150  episodes= 1204  mean_return=4116.875  mean_loss= 4.03404  mean_foundation= 31.0/52  lifetime_outcomes={'won': 441, 'stalled': 5, 'truncated': 758, 'other': 0}  rss= 3200.0MB  (35436s)
step   988000/1200000  eps=0.150  episodes= 1205  mean_return=7044.430  mean_loss= 4.12608  mean_foundation= 52.0/52  lifetime_outcomes={'won': 442, 'stalled': 5, 'truncated': 758, 'other': 0}  rss= 3200.0MB  (35439s)
step   989000/1200000  eps=0.150  episodes= 1206  mean_return=1250.000  mean_loss= 4.11828  mean_foundation= 13.0/52  lifetime_outcomes={'won': 442, 'stalled': 5, 'truncated': 759, 'other': 0}  rss= 3200.0MB  (35443s)
step   990000/1200000  eps=0.150  episodes= 1207  mean_return=310.000  mean_loss= 4.23277  mean_foundation=  2.0/52  lifetime_outcomes={'won': 442, 'stalled': 5, 'truncated': 760, 'other': 0}  rss= 3200.0MB  (35447s)
  EVAL  step   990000  win_rate=36.50%  mean_return=3154.072  mean_foundation= 26.8/52  mean_length=827.8  (greedy, 200 fixed deals)
step   991000/1200000  eps=0.150  episodes= 1209  mean_return=3682.675  mean_loss= 4.13639  mean_foundation= 30.5/52  lifetime_outcomes={'won': 443, 'stalled': 5, 'truncated': 761, 'other': 0}  rss= 3200.0MB  (35609s)
step   992000/1200000  eps=0.150  episodes= 1210  mean_return=1590.000  mean_loss= 4.25000  mean_foundation= 27.0/52  lifetime_outcomes={'won': 443, 'stalled': 5, 'truncated': 762, 'other': 0}  rss= 3200.0MB  (35613s)
step   993000/1200000  eps=0.150  episodes= 1211  mean_return=1610.000  mean_loss= 4.14338  mean_foundation= 33.0/52  lifetime_outcomes={'won': 443, 'stalled': 5, 'truncated': 763, 'other': 0}  rss= 3200.0MB  (35616s)
step   994000/1200000  eps=0.150  episodes= 1212  mean_return=1660.000  mean_loss= 4.18489  mean_foundation= 30.0/52  lifetime_outcomes={'won': 443, 'stalled': 5, 'truncated': 764, 'other': 0}  rss= 3200.0MB  (35620s)
step   995000/1200000  eps=0.150  episodes= 1214  mean_return=7045.825  mean_loss= 4.05304  mean_foundation= 52.0/52  lifetime_outcomes={'won': 445, 'stalled': 5, 'truncated': 764, 'other': 0}  rss= 3200.0MB  (35623s)
step   996000/1200000  eps=0.150  episodes= 1215  mean_return=1140.000  mean_loss= 4.24408  mean_foundation=  6.0/52  lifetime_outcomes={'won': 445, 'stalled': 5, 'truncated': 765, 'other': 0}  rss= 3200.0MB  (35627s)
step   997000/1200000  eps=0.150  episodes= 1216  mean_return=1080.000  mean_loss= 4.27657  mean_foundation=  9.0/52  lifetime_outcomes={'won': 445, 'stalled': 5, 'truncated': 766, 'other': 0}  rss= 3200.0MB  (35631s)
step   998000/1200000  eps=0.150  episodes= 1217  mean_return=7044.060  mean_loss= 4.11113  mean_foundation= 52.0/52  lifetime_outcomes={'won': 446, 'stalled': 5, 'truncated': 766, 'other': 0}  rss= 3200.0MB  (35634s)
step   999000/1200000  eps=0.150  episodes= 1218  mean_return=1010.000  mean_loss= 4.02712  mean_foundation= 12.0/52  lifetime_outcomes={'won': 446, 'stalled': 5, 'truncated': 767, 'other': 0}  rss= 3200.0MB  (35637s)
step  1000000/1200000  eps=0.150  episodes= 1219  mean_return=920.000  mean_loss= 4.07511  mean_foundation= 10.0/52  lifetime_outcomes={'won': 446, 'stalled': 5, 'truncated': 768, 'other': 0}  rss= 3200.0MB  (35641s)
  EVAL  step  1000000  win_rate=38.50%  mean_return=3271.305  mean_foundation= 27.6/52  mean_length=769.5  (greedy, 200 fixed deals)
step  1001000/1200000  eps=0.150  episodes= 1220  mean_return=230.000  mean_loss= 4.23587  mean_foundation=  7.0/52  lifetime_outcomes={'won': 446, 'stalled': 5, 'truncated': 769, 'other': 0}  rss= 3200.0MB  (35790s)
step  1002000/1200000  eps=0.150  episodes= 1221  mean_return=230.000  mean_loss= 4.24680  mean_foundation=  2.0/52  lifetime_outcomes={'won': 446, 'stalled': 5, 'truncated': 770, 'other': 0}  rss= 3200.0MB  (35793s)
step  1003000/1200000  eps=0.150  episodes= 1222  mean_return=1200.000  mean_loss= 4.14428  mean_foundation= 14.0/52  lifetime_outcomes={'won': 446, 'stalled': 5, 'truncated': 771, 'other': 0}  rss= 3200.0MB  (35797s)
step  1004000/1200000  eps=0.150  episodes= 1223  mean_return=800.000  mean_loss= 4.20175  mean_foundation=  5.0/52  lifetime_outcomes={'won': 446, 'stalled': 5, 'truncated': 772, 'other': 0}  rss= 3200.0MB  (35801s)
step  1005000/1200000  eps=0.150  episodes= 1224  mean_return=1200.000  mean_loss= 3.96755  mean_foundation= 19.0/52  lifetime_outcomes={'won': 446, 'stalled': 5, 'truncated': 773, 'other': 0}  rss= 3200.0MB  (35804s)
step  1006000/1200000  eps=0.150  episodes= 1226  mean_return=7043.930  mean_loss= 3.90026  mean_foundation= 52.0/52  lifetime_outcomes={'won': 448, 'stalled': 5, 'truncated': 773, 'other': 0}  rss= 3200.0MB  (35808s)
step  1007000/1200000  eps=0.150  episodes= 1227  mean_return=1420.000  mean_loss= 3.93966  mean_foundation= 16.0/52  lifetime_outcomes={'won': 448, 'stalled': 5, 'truncated': 774, 'other': 0}  rss= 3200.0MB  (35811s)
step  1008000/1200000  eps=0.150  episodes= 1228  mean_return=750.000  mean_loss= 3.91734  mean_foundation=  3.0/52  lifetime_outcomes={'won': 448, 'stalled': 5, 'truncated': 775, 'other': 0}  rss= 3200.0MB  (35815s)
step  1009000/1200000  eps=0.150  episodes= 1229  mean_return=550.000  mean_loss= 3.90835  mean_foundation=  3.0/52  lifetime_outcomes={'won': 448, 'stalled': 5, 'truncated': 776, 'other': 0}  rss= 3200.0MB  (35819s)
step  1010000/1200000  eps=0.150  episodes= 1231  mean_return=7044.130  mean_loss= 3.87655  mean_foundation= 52.0/52  lifetime_outcomes={'won': 450, 'stalled': 5, 'truncated': 776, 'other': 0}  rss= 3200.0MB  (35822s)
  EVAL  step  1010000  win_rate=30.00%  mean_return=2797.363  mean_foundation= 24.9/52  mean_length=873.7  (greedy, 200 fixed deals)
step  1011000/1200000  eps=0.150  episodes= 1232  mean_return=830.000  mean_loss= 3.91067  mean_foundation=  2.0/52  lifetime_outcomes={'won': 450, 'stalled': 5, 'truncated': 777, 'other': 0}  rss= 3200.0MB  (35994s)
step  1012000/1200000  eps=0.150  episodes= 1233  mean_return=1420.000  mean_loss= 3.90988  mean_foundation= 15.0/52  lifetime_outcomes={'won': 450, 'stalled': 5, 'truncated': 778, 'other': 0}  rss= 3200.0MB  (35997s)
step  1013000/1200000  eps=0.150  episodes= 1234  mean_return=1010.000  mean_loss= 4.07315  mean_foundation=  7.0/52  lifetime_outcomes={'won': 450, 'stalled': 5, 'truncated': 779, 'other': 0}  rss= 3200.0MB  (36000s)
step  1014000/1200000  eps=0.150  episodes= 1235  mean_return=1060.000  mean_loss= 4.07731  mean_foundation=  8.0/52  lifetime_outcomes={'won': 450, 'stalled': 5, 'truncated': 780, 'other': 0}  rss= 3200.0MB  (36004s)
step  1015000/1200000  eps=0.150  episodes= 1236  mean_return=570.000  mean_loss= 3.89329  mean_foundation=  8.0/52  lifetime_outcomes={'won': 450, 'stalled': 5, 'truncated': 781, 'other': 0}  rss= 3200.0MB  (36007s)
step  1016000/1200000  eps=0.150  episodes= 1237  mean_return=7046.660  mean_loss= 3.95831  mean_foundation= 52.0/52  lifetime_outcomes={'won': 451, 'stalled': 5, 'truncated': 781, 'other': 0}  rss= 3200.0MB  (36011s)
step  1017000/1200000  eps=0.150  episodes= 1239  mean_return=3831.370  mean_loss= 3.80502  mean_foundation= 30.0/52  lifetime_outcomes={'won': 452, 'stalled': 5, 'truncated': 782, 'other': 0}  rss= 3200.0MB  (36014s)
step  1018000/1200000  eps=0.150  episodes= 1241  mean_return=7045.330  mean_loss= 3.81060  mean_foundation= 52.0/52  lifetime_outcomes={'won': 454, 'stalled': 5, 'truncated': 782, 'other': 0}  rss= 3200.0MB  (36017s)
step  1019000/1200000  eps=0.150  episodes= 1242  mean_return=450.000  mean_loss= 3.86963  mean_foundation=  4.0/52  lifetime_outcomes={'won': 454, 'stalled': 5, 'truncated': 783, 'other': 0}  rss= 3200.0MB  (36021s)
step  1020000/1200000  eps=0.150  episodes= 1244  mean_return=7046.710  mean_loss= 3.94402  mean_foundation= 52.0/52  lifetime_outcomes={'won': 456, 'stalled': 5, 'truncated': 783, 'other': 0}  rss= 3200.0MB  (36024s)
  EVAL  step  1020000  win_rate=37.50%  mean_return=3227.565  mean_foundation= 27.7/52  mean_length=783.5  (greedy, 200 fixed deals)
step  1021000/1200000  eps=0.150  episodes= 1245  mean_return=1390.000  mean_loss= 3.93716  mean_foundation= 27.0/52  lifetime_outcomes={'won': 456, 'stalled': 5, 'truncated': 784, 'other': 0}  rss= 3200.0MB  (36181s)
step  1022000/1200000  eps=0.150  episodes= 1246  mean_return=410.000  mean_loss= 3.82317  mean_foundation=  7.0/52  lifetime_outcomes={'won': 456, 'stalled': 5, 'truncated': 785, 'other': 0}  rss= 3200.0MB  (36184s)
step  1023000/1200000  eps=0.150  episodes= 1247  mean_return=7042.840  mean_loss= 3.92637  mean_foundation= 52.0/52  lifetime_outcomes={'won': 457, 'stalled': 5, 'truncated': 785, 'other': 0}  rss= 3200.0MB  (36188s)
step  1024000/1200000  eps=0.150  episodes= 1248  mean_return=860.000  mean_loss= 3.93188  mean_foundation=  5.0/52  lifetime_outcomes={'won': 457, 'stalled': 5, 'truncated': 786, 'other': 0}  rss= 3200.0MB  (36191s)
step  1025000/1200000  eps=0.150  episodes= 1249  mean_return=1030.000  mean_loss= 3.88290  mean_foundation= 13.0/52  lifetime_outcomes={'won': 457, 'stalled': 5, 'truncated': 787, 'other': 0}  rss= 3200.0MB  (36195s)
step  1026000/1200000  eps=0.150  episodes= 1250  mean_return=800.000  mean_loss= 3.81292  mean_foundation= 12.0/52  lifetime_outcomes={'won': 457, 'stalled': 5, 'truncated': 788, 'other': 0}  rss= 3200.0MB  (36198s)
step  1027000/1200000  eps=0.150  episodes= 1251  mean_return=200.000  mean_loss= 3.56443  mean_foundation=  6.0/52  lifetime_outcomes={'won': 457, 'stalled': 5, 'truncated': 789, 'other': 0}  rss= 3200.0MB  (36202s)
step  1028000/1200000  eps=0.150  episodes= 1252  mean_return=1180.000  mean_loss= 3.90572  mean_foundation= 10.0/52  lifetime_outcomes={'won': 457, 'stalled': 5, 'truncated': 790, 'other': 0}  rss= 3200.0MB  (36205s)
step  1029000/1200000  eps=0.150  episodes= 1253  mean_return=930.000  mean_loss= 3.75321  mean_foundation=  9.0/52  lifetime_outcomes={'won': 457, 'stalled': 5, 'truncated': 791, 'other': 0}  rss= 3200.0MB  (36209s)
step  1030000/1200000  eps=0.150  episodes= 1254  mean_return=7041.310  mean_loss= 3.77226  mean_foundation= 52.0/52  lifetime_outcomes={'won': 458, 'stalled': 5, 'truncated': 791, 'other': 0}  rss= 3200.0MB  (36212s)
  EVAL  step  1030000  win_rate=34.00%  mean_return=3056.755  mean_foundation= 26.1/52  mean_length=849.5  (greedy, 200 fixed deals)
step  1031000/1200000  eps=0.150  episodes= 1257  mean_return=5013.980  mean_loss= 3.67943  mean_foundation= 37.0/52  lifetime_outcomes={'won': 460, 'stalled': 5, 'truncated': 792, 'other': 0}  rss= 3200.0MB  (36380s)
step  1032000/1200000  eps=0.150  episodes= 1258  mean_return=980.000  mean_loss= 3.61733  mean_foundation= 12.0/52  lifetime_outcomes={'won': 460, 'stalled': 5, 'truncated': 793, 'other': 0}  rss= 3200.0MB  (36383s)
step  1033000/1200000  eps=0.150  episodes= 1259  mean_return=1240.000  mean_loss= 3.68966  mean_foundation= 15.0/52  lifetime_outcomes={'won': 460, 'stalled': 5, 'truncated': 794, 'other': 0}  rss= 3200.0MB  (36387s)
step  1034000/1200000  eps=0.150  episodes= 1262  mean_return=7046.547  mean_loss= 3.67789  mean_foundation= 52.0/52  lifetime_outcomes={'won': 463, 'stalled': 5, 'truncated': 794, 'other': 0}  rss= 3200.0MB  (36391s)
step  1035000/1200000  eps=0.150  episodes= 1263  mean_return=7046.980  mean_loss= 3.70377  mean_foundation= 52.0/52  lifetime_outcomes={'won': 464, 'stalled': 5, 'truncated': 794, 'other': 0}  rss= 3200.0MB  (36394s)
step  1036000/1200000  eps=0.150  episodes= 1265  mean_return=4298.075  mean_loss= 3.75099  mean_foundation= 35.0/52  lifetime_outcomes={'won': 465, 'stalled': 5, 'truncated': 795, 'other': 0}  rss= 3200.0MB  (36398s)
step  1037000/1200000  eps=0.150  episodes= 1266  mean_return=670.000  mean_loss= 3.59253  mean_foundation=  7.0/52  lifetime_outcomes={'won': 465, 'stalled': 5, 'truncated': 796, 'other': 0}  rss= 3200.0MB  (36401s)
step  1038000/1200000  eps=0.150  episodes= 1267  mean_return=360.000  mean_loss= 3.70867  mean_foundation=  6.0/52  lifetime_outcomes={'won': 465, 'stalled': 5, 'truncated': 797, 'other': 0}  rss= 3200.0MB  (36405s)
step  1039000/1200000  eps=0.150  episodes= 1268  mean_return=560.000  mean_loss= 3.69200  mean_foundation=  9.0/52  lifetime_outcomes={'won': 465, 'stalled': 5, 'truncated': 798, 'other': 0}  rss= 3200.0MB  (36409s)
step  1040000/1200000  eps=0.150  episodes= 1270  mean_return=3847.940  mean_loss= 3.85244  mean_foundation= 27.5/52  lifetime_outcomes={'won': 466, 'stalled': 5, 'truncated': 799, 'other': 0}  rss= 3200.0MB  (36413s)
  EVAL  step  1040000  win_rate=34.50%  mean_return=3084.173  mean_foundation= 26.8/52  mean_length=847.7  (greedy, 200 fixed deals)
step  1041000/1200000  eps=0.150  episodes= 1271  mean_return=7045.490  mean_loss= 3.63706  mean_foundation= 52.0/52  lifetime_outcomes={'won': 467, 'stalled': 5, 'truncated': 799, 'other': 0}  rss= 3200.0MB  (36577s)
step  1042000/1200000  eps=0.150  episodes= 1272  mean_return=1270.000  mean_loss= 3.90306  mean_foundation=  8.0/52  lifetime_outcomes={'won': 467, 'stalled': 5, 'truncated': 800, 'other': 0}  rss= 3200.0MB  (36580s)
step  1043000/1200000  eps=0.150  episodes= 1273  mean_return=870.000  mean_loss= 3.64913  mean_foundation= 10.0/52  lifetime_outcomes={'won': 467, 'stalled': 5, 'truncated': 801, 'other': 0}  rss= 3200.0MB  (36584s)
step  1044000/1200000  eps=0.150  episodes= 1274  mean_return=1130.000  mean_loss= 3.62393  mean_foundation=  8.0/52  lifetime_outcomes={'won': 467, 'stalled': 5, 'truncated': 802, 'other': 0}  rss= 3200.0MB  (36588s)
step  1045000/1200000  eps=0.150  episodes= 1275  mean_return=1580.000  mean_loss= 3.43988  mean_foundation= 26.0/52  lifetime_outcomes={'won': 467, 'stalled': 5, 'truncated': 803, 'other': 0}  rss= 3200.0MB  (36591s)
step  1046000/1200000  eps=0.150  episodes= 1276  mean_return=7043.420  mean_loss= 3.60539  mean_foundation= 52.0/52  lifetime_outcomes={'won': 468, 'stalled': 5, 'truncated': 803, 'other': 0}  rss= 3200.0MB  (36595s)
step  1047000/1200000  eps=0.150  episodes= 1278  mean_return=4000.655  mean_loss= 3.64534  mean_foundation= 28.0/52  lifetime_outcomes={'won': 469, 'stalled': 5, 'truncated': 804, 'other': 0}  rss= 3200.0MB  (36598s)
step  1048000/1200000  eps=0.150  episodes= 1279  mean_return=590.000  mean_loss= 3.69953  mean_foundation= 10.0/52  lifetime_outcomes={'won': 469, 'stalled': 5, 'truncated': 805, 'other': 0}  rss= 3200.0MB  (36602s)
step  1049000/1200000  eps=0.150  episodes= 1280  mean_return=1260.000  mean_loss= 3.66655  mean_foundation= 18.0/52  lifetime_outcomes={'won': 469, 'stalled': 5, 'truncated': 806, 'other': 0}  rss= 3200.0MB  (36605s)
step  1050000/1200000  eps=0.150  episodes= 1281  mean_return=1330.000  mean_loss= 3.53407  mean_foundation= 10.0/52  lifetime_outcomes={'won': 469, 'stalled': 5, 'truncated': 807, 'other': 0}  rss= 3200.0MB  (36609s)
  EVAL  step  1050000  win_rate=40.50%  mean_return=3384.554  mean_foundation= 28.2/52  mean_length=759.6  (greedy, 200 fixed deals)
step  1051000/1200000  eps=0.150  episodes= 1282  mean_return=1380.000  mean_loss= 3.63619  mean_foundation= 15.0/52  lifetime_outcomes={'won': 469, 'stalled': 5, 'truncated': 808, 'other': 0}  rss= 3200.0MB  (36754s)
step  1052000/1200000  eps=0.150  episodes= 1283  mean_return=810.000  mean_loss= 3.49661  mean_foundation=  8.0/52  lifetime_outcomes={'won': 469, 'stalled': 5, 'truncated': 809, 'other': 0}  rss= 3200.0MB  (36758s)
step  1053000/1200000  eps=0.150  episodes= 1284  mean_return=750.000  mean_loss= 3.43985  mean_foundation=  3.0/52  lifetime_outcomes={'won': 469, 'stalled': 5, 'truncated': 810, 'other': 0}  rss= 3200.0MB  (36762s)
step  1054000/1200000  eps=0.150  episodes= 1285  mean_return=7045.040  mean_loss= 3.54968  mean_foundation= 52.0/52  lifetime_outcomes={'won': 470, 'stalled': 5, 'truncated': 810, 'other': 0}  rss= 3200.0MB  (36766s)
step  1055000/1200000  eps=0.150  episodes= 1287  mean_return=3803.360  mean_loss= 3.44128  mean_foundation= 29.0/52  lifetime_outcomes={'won': 471, 'stalled': 5, 'truncated': 811, 'other': 0}  rss= 3200.0MB  (36769s)
step  1056000/1200000  eps=0.150  episodes= 1288  mean_return=1050.000  mean_loss= 3.44728  mean_foundation=  9.0/52  lifetime_outcomes={'won': 471, 'stalled': 5, 'truncated': 812, 'other': 0}  rss= 3200.0MB  (36773s)
step  1057000/1200000  eps=0.150  episodes= 1289  mean_return=1560.000  mean_loss= 3.55511  mean_foundation= 24.0/52  lifetime_outcomes={'won': 471, 'stalled': 5, 'truncated': 813, 'other': 0}  rss= 3200.0MB  (36776s)
step  1058000/1200000  eps=0.150  episodes= 1290  mean_return=110.000  mean_loss= 3.60253  mean_foundation=  7.0/52  lifetime_outcomes={'won': 471, 'stalled': 5, 'truncated': 814, 'other': 0}  rss= 3200.0MB  (36780s)
step  1059000/1200000  eps=0.150  episodes= 1291  mean_return=500.000  mean_loss= 3.51849  mean_foundation=  4.0/52  lifetime_outcomes={'won': 471, 'stalled': 5, 'truncated': 815, 'other': 0}  rss= 3200.0MB  (36783s)
step  1060000/1200000  eps=0.150  episodes= 1292  mean_return=1040.000  mean_loss= 3.37347  mean_foundation= 14.0/52  lifetime_outcomes={'won': 471, 'stalled': 5, 'truncated': 816, 'other': 0}  rss= 3200.0MB  (36787s)
  EVAL  step  1060000  win_rate=30.50%  mean_return=2879.720  mean_foundation= 25.9/52  mean_length=873.0  (greedy, 200 fixed deals)
step  1061000/1200000  eps=0.150  episodes= 1293  mean_return=580.000  mean_loss= 3.45480  mean_foundation=  9.0/52  lifetime_outcomes={'won': 471, 'stalled': 5, 'truncated': 817, 'other': 0}  rss= 3200.0MB  (36956s)
step  1062000/1200000  eps=0.150  episodes= 1294  mean_return=1930.000  mean_loss= 3.38636  mean_foundation= 41.0/52  lifetime_outcomes={'won': 471, 'stalled': 5, 'truncated': 818, 'other': 0}  rss= 3200.0MB  (36959s)
step  1063000/1200000  eps=0.150  episodes= 1295  mean_return=7045.930  mean_loss= 3.30755  mean_foundation= 52.0/52  lifetime_outcomes={'won': 472, 'stalled': 5, 'truncated': 818, 'other': 0}  rss= 3200.0MB  (36963s)
step  1064000/1200000  eps=0.150  episodes= 1297  mean_return=4257.945  mean_loss= 3.52933  mean_foundation= 38.5/52  lifetime_outcomes={'won': 473, 'stalled': 5, 'truncated': 819, 'other': 0}  rss= 3200.0MB  (36966s)
step  1065000/1200000  eps=0.150  episodes= 1298  mean_return=160.000  mean_loss= 3.49122  mean_foundation=  1.0/52  lifetime_outcomes={'won': 473, 'stalled': 5, 'truncated': 820, 'other': 0}  rss= 3200.0MB  (36969s)
step  1066000/1200000  eps=0.150  episodes= 1300  mean_return=7025.710  mean_loss= 3.32337  mean_foundation= 52.0/52  lifetime_outcomes={'won': 475, 'stalled': 5, 'truncated': 820, 'other': 0}  rss= 3200.0MB  (36973s)
step  1067000/1200000  eps=0.150  episodes= 1301  mean_return=7041.610  mean_loss= 3.41738  mean_foundation= 52.0/52  lifetime_outcomes={'won': 476, 'stalled': 5, 'truncated': 820, 'other': 0}  rss= 3200.0MB  (36976s)
step  1068000/1200000  eps=0.150  episodes= 1302  mean_return=900.000  mean_loss= 3.34534  mean_foundation= 14.0/52  lifetime_outcomes={'won': 476, 'stalled': 5, 'truncated': 821, 'other': 0}  rss= 3200.0MB  (36980s)
step  1069000/1200000  eps=0.150  episodes= 1303  mean_return=1370.000  mean_loss= 3.22648  mean_foundation= 10.0/52  lifetime_outcomes={'won': 476, 'stalled': 5, 'truncated': 822, 'other': 0}  rss= 3200.0MB  (36983s)
step  1070000/1200000  eps=0.150  episodes= 1304  mean_return=1420.000  mean_loss= 3.31975  mean_foundation= 14.0/52  lifetime_outcomes={'won': 476, 'stalled': 5, 'truncated': 823, 'other': 0}  rss= 3200.0MB  (36987s)
  EVAL  step  1070000  win_rate=37.50%  mean_return=3229.416  mean_foundation= 27.6/52  mean_length=823.4  (greedy, 200 fixed deals)
step  1071000/1200000  eps=0.150  episodes= 1305  mean_return=1450.000  mean_loss= 3.43117  mean_foundation= 13.0/52  lifetime_outcomes={'won': 476, 'stalled': 5, 'truncated': 824, 'other': 0}  rss= 3200.0MB  (37149s)
step  1072000/1200000  eps=0.150  episodes= 1306  mean_return=980.000  mean_loss= 3.42753  mean_foundation= 15.0/52  lifetime_outcomes={'won': 476, 'stalled': 5, 'truncated': 825, 'other': 0}  rss= 3200.0MB  (37152s)
step  1073000/1200000  eps=0.150  episodes= 1307  mean_return=1280.000  mean_loss= 3.45722  mean_foundation= 22.0/52  lifetime_outcomes={'won': 476, 'stalled': 5, 'truncated': 826, 'other': 0}  rss= 3200.0MB  (37156s)
step  1074000/1200000  eps=0.150  episodes= 1308  mean_return=1500.000  mean_loss= 3.27815  mean_foundation= 23.0/52  lifetime_outcomes={'won': 476, 'stalled': 5, 'truncated': 827, 'other': 0}  rss= 3200.0MB  (37159s)
step  1075000/1200000  eps=0.150  episodes= 1310  mean_return=3857.785  mean_loss= 3.40178  mean_foundation= 30.0/52  lifetime_outcomes={'won': 477, 'stalled': 5, 'truncated': 828, 'other': 0}  rss= 3200.0MB  (37163s)
step  1076000/1200000  eps=0.150  episodes= 1312  mean_return=7045.145  mean_loss= 3.25175  mean_foundation= 52.0/52  lifetime_outcomes={'won': 479, 'stalled': 5, 'truncated': 828, 'other': 0}  rss= 3200.0MB  (37166s)
step  1077000/1200000  eps=0.150  episodes= 1313  mean_return=870.000  mean_loss= 3.31980  mean_foundation=  3.0/52  lifetime_outcomes={'won': 479, 'stalled': 5, 'truncated': 829, 'other': 0}  rss= 3200.0MB  (37170s)
step  1078000/1200000  eps=0.150  episodes= 1314  mean_return=950.000  mean_loss= 3.36810  mean_foundation=  7.0/52  lifetime_outcomes={'won': 479, 'stalled': 5, 'truncated': 830, 'other': 0}  rss= 3200.0MB  (37174s)
step  1079000/1200000  eps=0.150  episodes= 1315  mean_return=720.000  mean_loss= 3.20367  mean_foundation=  6.0/52  lifetime_outcomes={'won': 479, 'stalled': 5, 'truncated': 831, 'other': 0}  rss= 3200.0MB  (37177s)
step  1080000/1200000  eps=0.150  episodes= 1316  mean_return=7046.430  mean_loss= 3.24978  mean_foundation= 52.0/52  lifetime_outcomes={'won': 480, 'stalled': 5, 'truncated': 831, 'other': 0}  rss= 3200.0MB  (37181s)
  EVAL  step  1080000  win_rate=37.00%  mean_return=3203.401  mean_foundation= 27.1/52  mean_length=814.9  (greedy, 200 fixed deals)
step  1081000/1200000  eps=0.150  episodes= 1318  mean_return=4201.170  mean_loss= 3.39698  mean_foundation= 32.0/52  lifetime_outcomes={'won': 481, 'stalled': 5, 'truncated': 832, 'other': 0}  rss= 3200.0MB  (37340s)
step  1082000/1200000  eps=0.150  episodes= 1319  mean_return=900.000  mean_loss= 3.29145  mean_foundation=  8.0/52  lifetime_outcomes={'won': 481, 'stalled': 5, 'truncated': 833, 'other': 0}  rss= 3200.0MB  (37344s)
step  1083000/1200000  eps=0.150  episodes= 1320  mean_return=7044.150  mean_loss= 3.42355  mean_foundation= 52.0/52  lifetime_outcomes={'won': 482, 'stalled': 5, 'truncated': 833, 'other': 0}  rss= 3200.0MB  (37348s)
step  1084000/1200000  eps=0.150  episodes= 1322  mean_return=3933.565  mean_loss= 3.19836  mean_foundation= 33.0/52  lifetime_outcomes={'won': 483, 'stalled': 5, 'truncated': 834, 'other': 0}  rss= 3200.0MB  (37351s)
step  1085000/1200000  eps=0.150  episodes= 1323  mean_return= 70.000  mean_loss= 3.19736  mean_foundation=  3.0/52  lifetime_outcomes={'won': 483, 'stalled': 5, 'truncated': 835, 'other': 0}  rss= 3200.0MB  (37355s)
step  1086000/1200000  eps=0.150  episodes= 1324  mean_return=7041.640  mean_loss= 3.32061  mean_foundation= 52.0/52  lifetime_outcomes={'won': 484, 'stalled': 5, 'truncated': 835, 'other': 0}  rss= 3200.0MB  (37358s)
step  1087000/1200000  eps=0.150  episodes= 1325  mean_return=920.000  mean_loss= 3.26880  mean_foundation=  9.0/52  lifetime_outcomes={'won': 484, 'stalled': 5, 'truncated': 836, 'other': 0}  rss= 3200.0MB  (37362s)
step  1088000/1200000  eps=0.150  episodes= 1326  mean_return=1550.000  mean_loss= 3.43969  mean_foundation= 22.0/52  lifetime_outcomes={'won': 484, 'stalled': 5, 'truncated': 837, 'other': 0}  rss= 3200.0MB  (37365s)
step  1089000/1200000  eps=0.150  episodes= 1327  mean_return=830.000  mean_loss= 3.26689  mean_foundation=  9.0/52  lifetime_outcomes={'won': 484, 'stalled': 5, 'truncated': 838, 'other': 0}  rss= 3200.0MB  (37369s)
step  1090000/1200000  eps=0.150  episodes= 1328  mean_return=1320.000  mean_loss= 3.24803  mean_foundation=  5.0/52  lifetime_outcomes={'won': 484, 'stalled': 5, 'truncated': 839, 'other': 0}  rss= 3200.0MB  (37373s)
  EVAL  step  1090000  win_rate=35.00%  mean_return=3089.056  mean_foundation= 26.6/52  mean_length=834.4  (greedy, 200 fixed deals)
step  1091000/1200000  eps=0.150  episodes= 1329  mean_return=970.000  mean_loss= 3.28368  mean_foundation=  4.0/52  lifetime_outcomes={'won': 484, 'stalled': 5, 'truncated': 840, 'other': 0}  rss= 3200.0MB  (37536s)
step  1092000/1200000  eps=0.150  episodes= 1330  mean_return=1000.000  mean_loss= 3.24288  mean_foundation= 12.0/52  lifetime_outcomes={'won': 484, 'stalled': 5, 'truncated': 841, 'other': 0}  rss= 3200.0MB  (37539s)
step  1093000/1200000  eps=0.150  episodes= 1331  mean_return=640.000  mean_loss= 3.29039  mean_foundation=  7.0/52  lifetime_outcomes={'won': 484, 'stalled': 5, 'truncated': 842, 'other': 0}  rss= 3200.0MB  (37543s)
step  1094000/1200000  eps=0.150  episodes= 1332  mean_return=810.000  mean_loss= 3.20197  mean_foundation=  5.0/52  lifetime_outcomes={'won': 484, 'stalled': 5, 'truncated': 843, 'other': 0}  rss= 3200.0MB  (37547s)
step  1095000/1200000  eps=0.150  episodes= 1333  mean_return=7044.240  mean_loss= 3.17052  mean_foundation= 52.0/52  lifetime_outcomes={'won': 485, 'stalled': 5, 'truncated': 843, 'other': 0}  rss= 3200.0MB  (37550s)
step  1096000/1200000  eps=0.150  episodes= 1335  mean_return=4111.985  mean_loss= 3.17693  mean_foundation= 31.0/52  lifetime_outcomes={'won': 486, 'stalled': 5, 'truncated': 844, 'other': 0}  rss= 3200.0MB  (37554s)
step  1097000/1200000  eps=0.150  episodes= 1336  mean_return=480.000  mean_loss= 3.13694  mean_foundation=  4.0/52  lifetime_outcomes={'won': 486, 'stalled': 5, 'truncated': 845, 'other': 0}  rss= 3200.0MB  (37557s)
step  1098000/1200000  eps=0.150  episodes= 1338  mean_return=7045.290  mean_loss= 3.15713  mean_foundation= 52.0/52  lifetime_outcomes={'won': 488, 'stalled': 5, 'truncated': 845, 'other': 0}  rss= 3200.0MB  (37561s)
step  1099000/1200000  eps=0.150  episodes= 1340  mean_return=7043.890  mean_loss= 3.08628  mean_foundation= 52.0/52  lifetime_outcomes={'won': 490, 'stalled': 5, 'truncated': 845, 'other': 0}  rss= 3200.0MB  (37565s)
step  1100000/1200000  eps=0.150  episodes= 1341  mean_return=340.000  mean_loss= 3.21822  mean_foundation= 10.0/52  lifetime_outcomes={'won': 490, 'stalled': 5, 'truncated': 846, 'other': 0}  rss= 3200.0MB  (37568s)
  EVAL  step  1100000  win_rate=32.00%  mean_return=2905.574  mean_foundation= 25.0/52  mean_length=867.6  (greedy, 200 fixed deals)
step  1101000/1200000  eps=0.150  episodes= 1342  mean_return=7047.170  mean_loss= 3.11028  mean_foundation= 52.0/52  lifetime_outcomes={'won': 491, 'stalled': 5, 'truncated': 846, 'other': 0}  rss= 3200.0MB  (37738s)
step  1102000/1200000  eps=0.150  episodes= 1345  mean_return=2651.907  mean_loss= 3.09972  mean_foundation= 21.3/52  lifetime_outcomes={'won': 492, 'stalled': 6, 'truncated': 847, 'other': 0}  rss= 3200.0MB  (37741s)
step  1103000/1200000  eps=0.150  episodes= 1346  mean_return=1620.000  mean_loss= 3.16319  mean_foundation= 21.0/52  lifetime_outcomes={'won': 492, 'stalled': 6, 'truncated': 848, 'other': 0}  rss= 3200.0MB  (37745s)
step  1104000/1200000  eps=0.150  episodes= 1347  mean_return=1020.000  mean_loss= 3.06902  mean_foundation=  8.0/52  lifetime_outcomes={'won': 492, 'stalled': 6, 'truncated': 849, 'other': 0}  rss= 3200.0MB  (37749s)
step  1105000/1200000  eps=0.150  episodes= 1349  mean_return=7044.000  mean_loss= 3.15689  mean_foundation= 52.0/52  lifetime_outcomes={'won': 494, 'stalled': 6, 'truncated': 849, 'other': 0}  rss= 3200.0MB  (37752s)
step  1106000/1200000  eps=0.150  episodes= 1350  mean_return=7044.860  mean_loss= 3.10599  mean_foundation= 52.0/52  lifetime_outcomes={'won': 495, 'stalled': 6, 'truncated': 849, 'other': 0}  rss= 3200.0MB  (37756s)
step  1107000/1200000  eps=0.150  episodes= 1351  mean_return=1420.000  mean_loss= 3.14915  mean_foundation= 11.0/52  lifetime_outcomes={'won': 495, 'stalled': 6, 'truncated': 850, 'other': 0}  rss= 3200.0MB  (37759s)
step  1108000/1200000  eps=0.150  episodes= 1352  mean_return=410.000  mean_loss= 3.11476  mean_foundation=  0.0/52  lifetime_outcomes={'won': 495, 'stalled': 6, 'truncated': 851, 'other': 0}  rss= 3200.0MB  (37763s)
step  1109000/1200000  eps=0.150  episodes= 1354  mean_return=4167.855  mean_loss= 3.03410  mean_foundation= 34.5/52  lifetime_outcomes={'won': 496, 'stalled': 6, 'truncated': 852, 'other': 0}  rss= 3200.0MB  (37767s)
step  1110000/1200000  eps=0.150  episodes= 1355  mean_return=7046.300  mean_loss= 3.05060  mean_foundation= 52.0/52  lifetime_outcomes={'won': 497, 'stalled': 6, 'truncated': 852, 'other': 0}  rss= 3200.0MB  (37770s)
  EVAL  step  1110000  win_rate=36.50%  mean_return=3152.677  mean_foundation= 26.6/52  mean_length=822.4  (greedy, 200 fixed deals)
step  1111000/1200000  eps=0.150  episodes= 1357  mean_return=3631.800  mean_loss= 3.05553  mean_foundation= 27.0/52  lifetime_outcomes={'won': 498, 'stalled': 6, 'truncated': 853, 'other': 0}  rss= 3200.0MB  (37933s)
step  1112000/1200000  eps=0.150  episodes= 1358  mean_return=540.000  mean_loss= 3.02683  mean_foundation=  8.0/52  lifetime_outcomes={'won': 498, 'stalled': 6, 'truncated': 854, 'other': 0}  rss= 3200.0MB  (37937s)
step  1113000/1200000  eps=0.150  episodes= 1359  mean_return=1060.000  mean_loss= 2.98116  mean_foundation=  4.0/52  lifetime_outcomes={'won': 498, 'stalled': 6, 'truncated': 855, 'other': 0}  rss= 3200.0MB  (37940s)
step  1114000/1200000  eps=0.150  episodes= 1360  mean_return=820.000  mean_loss= 3.21030  mean_foundation=  8.0/52  lifetime_outcomes={'won': 498, 'stalled': 6, 'truncated': 856, 'other': 0}  rss= 3200.0MB  (37944s)
step  1115000/1200000  eps=0.150  episodes= 1361  mean_return=870.000  mean_loss= 3.00645  mean_foundation= 10.0/52  lifetime_outcomes={'won': 498, 'stalled': 6, 'truncated': 857, 'other': 0}  rss= 3200.0MB  (37947s)
step  1116000/1200000  eps=0.150  episodes= 1362  mean_return=500.000  mean_loss= 2.94699  mean_foundation=  6.0/52  lifetime_outcomes={'won': 498, 'stalled': 6, 'truncated': 858, 'other': 0}  rss= 3200.0MB  (37951s)
step  1117000/1200000  eps=0.150  episodes= 1363  mean_return=920.000  mean_loss= 2.88478  mean_foundation= 14.0/52  lifetime_outcomes={'won': 498, 'stalled': 6, 'truncated': 859, 'other': 0}  rss= 3200.0MB  (37955s)
step  1118000/1200000  eps=0.150  episodes= 1364  mean_return=7043.070  mean_loss= 3.15932  mean_foundation= 52.0/52  lifetime_outcomes={'won': 499, 'stalled': 6, 'truncated': 859, 'other': 0}  rss= 3200.0MB  (37958s)
step  1119000/1200000  eps=0.150  episodes= 1365  mean_return=580.000  mean_loss= 3.09422  mean_foundation=  3.0/52  lifetime_outcomes={'won': 499, 'stalled': 6, 'truncated': 860, 'other': 0}  rss= 3200.0MB  (37962s)
step  1120000/1200000  eps=0.150  episodes= 1367  mean_return=7043.940  mean_loss= 3.07341  mean_foundation= 52.0/52  lifetime_outcomes={'won': 501, 'stalled': 6, 'truncated': 860, 'other': 0}  rss= 3200.0MB  (37966s)
  EVAL  step  1120000  win_rate=40.00%  mean_return=3393.741  mean_foundation= 28.3/52  mean_length=810.9  (greedy, 200 fixed deals)
step  1121000/1200000  eps=0.150  episodes= 1369  mean_return=7045.745  mean_loss= 3.10580  mean_foundation= 52.0/52  lifetime_outcomes={'won': 503, 'stalled': 6, 'truncated': 860, 'other': 0}  rss= 3200.0MB  (38128s)
step  1122000/1200000  eps=0.150  episodes= 1370  mean_return=920.000  mean_loss= 3.20449  mean_foundation=  6.0/52  lifetime_outcomes={'won': 503, 'stalled': 6, 'truncated': 861, 'other': 0}  rss= 3200.0MB  (38132s)
step  1123000/1200000  eps=0.150  episodes= 1371  mean_return=1200.000  mean_loss= 2.96203  mean_foundation=  7.0/52  lifetime_outcomes={'won': 503, 'stalled': 6, 'truncated': 862, 'other': 0}  rss= 3200.0MB  (38135s)
step  1124000/1200000  eps=0.150  episodes= 1372  mean_return=740.000  mean_loss= 2.92790  mean_foundation=  6.0/52  lifetime_outcomes={'won': 503, 'stalled': 6, 'truncated': 863, 'other': 0}  rss= 3200.0MB  (38139s)
step  1125000/1200000  eps=0.150  episodes= 1373  mean_return=1490.000  mean_loss= 3.02458  mean_foundation= 12.0/52  lifetime_outcomes={'won': 503, 'stalled': 6, 'truncated': 864, 'other': 0}  rss= 3200.0MB  (38142s)
step  1126000/1200000  eps=0.150  episodes= 1375  mean_return=4512.710  mean_loss= 2.99193  mean_foundation= 49.0/52  lifetime_outcomes={'won': 504, 'stalled': 6, 'truncated': 865, 'other': 0}  rss= 3200.0MB  (38146s)
step  1127000/1200000  eps=0.150  episodes= 1376  mean_return=190.000  mean_loss= 2.79308  mean_foundation=  5.0/52  lifetime_outcomes={'won': 504, 'stalled': 6, 'truncated': 866, 'other': 0}  rss= 3200.0MB  (38149s)
step  1128000/1200000  eps=0.150  episodes= 1377  mean_return=7045.090  mean_loss= 3.04782  mean_foundation= 52.0/52  lifetime_outcomes={'won': 505, 'stalled': 6, 'truncated': 866, 'other': 0}  rss= 3200.0MB  (38153s)
step  1129000/1200000  eps=0.150  episodes= 1379  mean_return=3933.115  mean_loss= 2.84140  mean_foundation= 30.5/52  lifetime_outcomes={'won': 506, 'stalled': 6, 'truncated': 867, 'other': 0}  rss= 3200.0MB  (38156s)
step  1130000/1200000  eps=0.150  episodes= 1381  mean_return=7044.830  mean_loss= 2.88151  mean_foundation= 52.0/52  lifetime_outcomes={'won': 508, 'stalled': 6, 'truncated': 867, 'other': 0}  rss= 3200.0MB  (38159s)
  EVAL  step  1130000  win_rate=32.00%  mean_return=2950.917  mean_foundation= 25.6/52  mean_length=868.3  (greedy, 200 fixed deals)
step  1131000/1200000  eps=0.150  episodes= 1382  mean_return=980.000  mean_loss= 2.91615  mean_foundation=  7.0/52  lifetime_outcomes={'won': 508, 'stalled': 6, 'truncated': 868, 'other': 0}  rss= 3200.0MB  (38330s)
step  1132000/1200000  eps=0.150  episodes= 1383  mean_return=460.000  mean_loss= 2.93186  mean_foundation= 10.0/52  lifetime_outcomes={'won': 508, 'stalled': 6, 'truncated': 869, 'other': 0}  rss= 3200.0MB  (38334s)
step  1133000/1200000  eps=0.150  episodes= 1384  mean_return=1370.000  mean_loss= 2.89458  mean_foundation= 24.0/52  lifetime_outcomes={'won': 508, 'stalled': 6, 'truncated': 870, 'other': 0}  rss= 3200.0MB  (38337s)
step  1134000/1200000  eps=0.150  episodes= 1385  mean_return=820.000  mean_loss= 2.95657  mean_foundation= 12.0/52  lifetime_outcomes={'won': 508, 'stalled': 6, 'truncated': 871, 'other': 0}  rss= 3200.0MB  (38341s)
step  1135000/1200000  eps=0.150  episodes= 1386  mean_return=7041.080  mean_loss= 2.97525  mean_foundation= 52.0/52  lifetime_outcomes={'won': 509, 'stalled': 6, 'truncated': 871, 'other': 0}  rss= 3200.0MB  (38345s)
step  1136000/1200000  eps=0.150  episodes= 1388  mean_return=7025.405  mean_loss= 2.87439  mean_foundation= 52.0/52  lifetime_outcomes={'won': 511, 'stalled': 6, 'truncated': 871, 'other': 0}  rss= 3200.0MB  (38348s)
step  1137000/1200000  eps=0.150  episodes= 1389  mean_return=1690.000  mean_loss= 2.88596  mean_foundation= 27.0/52  lifetime_outcomes={'won': 511, 'stalled': 6, 'truncated': 872, 'other': 0}  rss= 3200.0MB  (38352s)
step  1138000/1200000  eps=0.150  episodes= 1390  mean_return=1240.000  mean_loss= 2.92337  mean_foundation= 13.0/52  lifetime_outcomes={'won': 511, 'stalled': 6, 'truncated': 873, 'other': 0}  rss= 3200.0MB  (38355s)
step  1139000/1200000  eps=0.150  episodes= 1391  mean_return=1330.000  mean_loss= 2.94543  mean_foundation= 18.0/52  lifetime_outcomes={'won': 511, 'stalled': 6, 'truncated': 874, 'other': 0}  rss= 3200.0MB  (38359s)
step  1140000/1200000  eps=0.150  episodes= 1392  mean_return=1140.000  mean_loss= 2.93525  mean_foundation= 16.0/52  lifetime_outcomes={'won': 511, 'stalled': 6, 'truncated': 875, 'other': 0}  rss= 3200.0MB  (38362s)
  EVAL  step  1140000  win_rate=37.00%  mean_return=3211.238  mean_foundation= 27.4/52  mean_length=826.2  (greedy, 200 fixed deals)
step  1141000/1200000  eps=0.150  episodes= 1393  mean_return=580.000  mean_loss= 2.82964  mean_foundation=  2.0/52  lifetime_outcomes={'won': 511, 'stalled': 6, 'truncated': 876, 'other': 0}  rss= 3200.0MB  (38524s)
step  1142000/1200000  eps=0.150  episodes= 1394  mean_return=1210.000  mean_loss= 2.90442  mean_foundation= 12.0/52  lifetime_outcomes={'won': 511, 'stalled': 6, 'truncated': 877, 'other': 0}  rss= 3200.0MB  (38528s)
step  1143000/1200000  eps=0.150  episodes= 1395  mean_return=970.000  mean_loss= 2.72389  mean_foundation=  3.0/52  lifetime_outcomes={'won': 511, 'stalled': 6, 'truncated': 878, 'other': 0}  rss= 3200.0MB  (38531s)
step  1144000/1200000  eps=0.150  episodes= 1396  mean_return=300.000  mean_loss= 2.78397  mean_foundation=  5.0/52  lifetime_outcomes={'won': 511, 'stalled': 6, 'truncated': 879, 'other': 0}  rss= 3200.0MB  (38535s)
step  1145000/1200000  eps=0.150  episodes= 1397  mean_return=7044.400  mean_loss= 2.66694  mean_foundation= 52.0/52  lifetime_outcomes={'won': 512, 'stalled': 6, 'truncated': 879, 'other': 0}  rss= 3200.0MB  (38539s)
step  1146000/1200000  eps=0.150  episodes= 1398  mean_return=550.000  mean_loss= 2.67980  mean_foundation=  6.0/52  lifetime_outcomes={'won': 512, 'stalled': 6, 'truncated': 880, 'other': 0}  rss= 3200.0MB  (38542s)
step  1147000/1200000  eps=0.150  episodes= 1399  mean_return=250.000  mean_loss= 2.70575  mean_foundation=  2.0/52  lifetime_outcomes={'won': 512, 'stalled': 6, 'truncated': 881, 'other': 0}  rss= 3200.0MB  (38546s)
step  1148000/1200000  eps=0.150  episodes= 1400  mean_return=1500.000  mean_loss= 2.91221  mean_foundation= 22.0/52  lifetime_outcomes={'won': 512, 'stalled': 6, 'truncated': 882, 'other': 0}  rss= 3200.0MB  (38549s)
step  1149000/1200000  eps=0.150  episodes= 1402  mean_return=4347.630  mean_loss= 2.68208  mean_foundation= 39.5/52  lifetime_outcomes={'won': 513, 'stalled': 6, 'truncated': 883, 'other': 0}  rss= 3200.0MB  (38553s)
step  1150000/1200000  eps=0.150  episodes= 1404  mean_return=7024.565  mean_loss= 2.73272  mean_foundation= 52.0/52  lifetime_outcomes={'won': 515, 'stalled': 6, 'truncated': 883, 'other': 0}  rss= 3200.0MB  (38557s)
  EVAL  step  1150000  win_rate=26.50%  mean_return=2670.498  mean_foundation= 24.6/52  mean_length=895.2  (greedy, 200 fixed deals)
step  1151000/1200000  eps=0.150  episodes= 1405  mean_return=300.000  mean_loss= 2.71108  mean_foundation=  5.0/52  lifetime_outcomes={'won': 515, 'stalled': 6, 'truncated': 884, 'other': 0}  rss= 3200.0MB  (38730s)
step  1152000/1200000  eps=0.150  episodes= 1406  mean_return=190.000  mean_loss= 2.78100  mean_foundation=  5.0/52  lifetime_outcomes={'won': 515, 'stalled': 6, 'truncated': 885, 'other': 0}  rss= 3200.0MB  (38734s)
step  1153000/1200000  eps=0.150  episodes= 1407  mean_return=1180.000  mean_loss= 2.73962  mean_foundation= 16.0/52  lifetime_outcomes={'won': 515, 'stalled': 6, 'truncated': 886, 'other': 0}  rss= 3200.0MB  (38737s)
step  1154000/1200000  eps=0.150  episodes= 1408  mean_return=700.000  mean_loss= 2.82670  mean_foundation=  3.0/52  lifetime_outcomes={'won': 515, 'stalled': 6, 'truncated': 887, 'other': 0}  rss= 3200.0MB  (38741s)
step  1155000/1200000  eps=0.150  episodes= 1409  mean_return=650.000  mean_loss= 2.73897  mean_foundation=  6.0/52  lifetime_outcomes={'won': 515, 'stalled': 6, 'truncated': 888, 'other': 0}  rss= 3200.0MB  (38744s)
step  1156000/1200000  eps=0.150  episodes= 1410  mean_return=1540.000  mean_loss= 2.76631  mean_foundation= 17.0/52  lifetime_outcomes={'won': 515, 'stalled': 6, 'truncated': 889, 'other': 0}  rss= 3200.0MB  (38748s)
step  1157000/1200000  eps=0.150  episodes= 1411  mean_return=1050.000  mean_loss= 2.66735  mean_foundation= 12.0/52  lifetime_outcomes={'won': 515, 'stalled': 6, 'truncated': 890, 'other': 0}  rss= 3200.0MB  (38752s)
step  1158000/1200000  eps=0.150  episodes= 1412  mean_return=1010.000  mean_loss= 2.79021  mean_foundation= 13.0/52  lifetime_outcomes={'won': 515, 'stalled': 6, 'truncated': 891, 'other': 0}  rss= 3200.0MB  (38756s)
step  1159000/1200000  eps=0.150  episodes= 1413  mean_return=7043.130  mean_loss= 2.68901  mean_foundation= 52.0/52  lifetime_outcomes={'won': 516, 'stalled': 6, 'truncated': 891, 'other': 0}  rss= 3200.0MB  (38759s)
step  1160000/1200000  eps=0.150  episodes= 1414  mean_return=1320.000  mean_loss= 2.69242  mean_foundation= 16.0/52  lifetime_outcomes={'won': 516, 'stalled': 6, 'truncated': 892, 'other': 0}  rss= 3200.0MB  (38763s)
  EVAL  step  1160000  win_rate=29.50%  mean_return=2809.619  mean_foundation= 25.5/52  mean_length=888.1  (greedy, 200 fixed deals)
step  1161000/1200000  eps=0.150  episodes= 1416  mean_return=7044.280  mean_loss= 2.71683  mean_foundation= 52.0/52  lifetime_outcomes={'won': 518, 'stalled': 6, 'truncated': 892, 'other': 0}  rss= 3200.0MB  (38934s)
step  1162000/1200000  eps=0.150  episodes= 1417  mean_return=1060.000  mean_loss= 2.65333  mean_foundation= 12.0/52  lifetime_outcomes={'won': 518, 'stalled': 6, 'truncated': 893, 'other': 0}  rss= 3200.0MB  (38937s)
step  1163000/1200000  eps=0.150  episodes= 1418  mean_return=1390.000  mean_loss= 2.68481  mean_foundation= 17.0/52  lifetime_outcomes={'won': 518, 'stalled': 6, 'truncated': 894, 'other': 0}  rss= 3200.0MB  (38941s)
step  1164000/1200000  eps=0.150  episodes= 1419  mean_return=2000.000  mean_loss= 2.64153  mean_foundation= 47.0/52  lifetime_outcomes={'won': 518, 'stalled': 6, 'truncated': 895, 'other': 0}  rss= 3200.0MB  (38944s)
step  1165000/1200000  eps=0.150  episodes= 1420  mean_return=550.000  mean_loss= 2.58690  mean_foundation=  6.0/52  lifetime_outcomes={'won': 518, 'stalled': 6, 'truncated': 896, 'other': 0}  rss= 3200.0MB  (38948s)
step  1166000/1200000  eps=0.150  episodes= 1422  mean_return=7043.445  mean_loss= 2.72459  mean_foundation= 52.0/52  lifetime_outcomes={'won': 520, 'stalled': 6, 'truncated': 896, 'other': 0}  rss= 3200.0MB  (38951s)
step  1167000/1200000  eps=0.150  episodes= 1423  mean_return=420.000  mean_loss= 2.57371  mean_foundation=  1.0/52  lifetime_outcomes={'won': 520, 'stalled': 6, 'truncated': 897, 'other': 0}  rss= 3200.0MB  (38955s)
step  1168000/1200000  eps=0.150  episodes= 1424  mean_return=1560.000  mean_loss= 2.68525  mean_foundation= 14.0/52  lifetime_outcomes={'won': 520, 'stalled': 6, 'truncated': 898, 'other': 0}  rss= 3200.0MB  (38959s)
step  1169000/1200000  eps=0.150  episodes= 1425  mean_return=860.000  mean_loss= 2.60873  mean_foundation=  5.0/52  lifetime_outcomes={'won': 520, 'stalled': 6, 'truncated': 899, 'other': 0}  rss= 3200.0MB  (38962s)
step  1170000/1200000  eps=0.150  episodes= 1426  mean_return=7045.910  mean_loss= 2.63649  mean_foundation= 52.0/52  lifetime_outcomes={'won': 521, 'stalled': 6, 'truncated': 899, 'other': 0}  rss= 3200.0MB  (38966s)
  EVAL  step  1170000  win_rate=24.50%  mean_return=2527.597  mean_foundation= 22.6/52  mean_length=890.3  (greedy, 200 fixed deals)
step  1171000/1200000  eps=0.150  episodes= 1427  mean_return=1040.000  mean_loss= 2.60317  mean_foundation=  8.0/52  lifetime_outcomes={'won': 521, 'stalled': 6, 'truncated': 900, 'other': 0}  rss= 3200.0MB  (39140s)
step  1172000/1200000  eps=0.150  episodes= 1428  mean_return=920.000  mean_loss= 2.60074  mean_foundation=  6.0/52  lifetime_outcomes={'won': 521, 'stalled': 6, 'truncated': 901, 'other': 0}  rss= 3200.0MB  (39143s)
step  1173000/1200000  eps=0.150  episodes= 1429  mean_return=1230.000  mean_loss= 2.44268  mean_foundation= 11.0/52  lifetime_outcomes={'won': 521, 'stalled': 6, 'truncated': 902, 'other': 0}  rss= 3200.0MB  (39147s)
step  1174000/1200000  eps=0.150  episodes= 1431  mean_return=4093.205  mean_loss= 2.67628  mean_foundation= 31.5/52  lifetime_outcomes={'won': 522, 'stalled': 6, 'truncated': 903, 'other': 0}  rss= 3200.0MB  (39151s)
step  1175000/1200000  eps=0.150  episodes= 1432  mean_return=1970.000  mean_loss= 2.51773  mean_foundation= 45.0/52  lifetime_outcomes={'won': 522, 'stalled': 6, 'truncated': 904, 'other': 0}  rss= 3200.0MB  (39154s)
step  1176000/1200000  eps=0.150  episodes= 1433  mean_return=7044.560  mean_loss= 2.66120  mean_foundation= 52.0/52  lifetime_outcomes={'won': 523, 'stalled': 6, 'truncated': 904, 'other': 0}  rss= 3200.0MB  (39158s)
step  1177000/1200000  eps=0.150  episodes= 1435  mean_return=4302.930  mean_loss= 2.54961  mean_foundation= 43.0/52  lifetime_outcomes={'won': 524, 'stalled': 6, 'truncated': 905, 'other': 0}  rss= 3200.0MB  (39161s)
step  1178000/1200000  eps=0.150  episodes= 1436  mean_return=1050.000  mean_loss= 2.59829  mean_foundation= 11.0/52  lifetime_outcomes={'won': 524, 'stalled': 6, 'truncated': 906, 'other': 0}  rss= 3200.0MB  (39165s)
step  1179000/1200000  eps=0.150  episodes= 1438  mean_return=7046.285  mean_loss= 2.56646  mean_foundation= 52.0/52  lifetime_outcomes={'won': 526, 'stalled': 6, 'truncated': 906, 'other': 0}  rss= 3200.0MB  (39169s)
step  1180000/1200000  eps=0.150  episodes= 1439  mean_return=1590.000  mean_loss= 2.59149  mean_foundation= 22.0/52  lifetime_outcomes={'won': 526, 'stalled': 6, 'truncated': 907, 'other': 0}  rss= 3200.0MB  (39172s)
  EVAL  step  1180000  win_rate=23.00%  mean_return=2456.544  mean_foundation= 23.0/52  mean_length=915.6  (greedy, 200 fixed deals)
step  1181000/1200000  eps=0.150  episodes= 1441  mean_return=4007.580  mean_loss= 2.46371  mean_foundation= 29.0/52  lifetime_outcomes={'won': 527, 'stalled': 6, 'truncated': 908, 'other': 0}  rss= 3200.0MB  (39352s)
step  1182000/1200000  eps=0.150  episodes= 1442  mean_return=7045.420  mean_loss= 2.44525  mean_foundation= 52.0/52  lifetime_outcomes={'won': 528, 'stalled': 6, 'truncated': 908, 'other': 0}  rss= 3200.0MB  (39355s)
step  1183000/1200000  eps=0.150  episodes= 1443  mean_return=500.000  mean_loss= 2.56790  mean_foundation=  4.0/52  lifetime_outcomes={'won': 528, 'stalled': 6, 'truncated': 909, 'other': 0}  rss= 3200.0MB  (39358s)
step  1184000/1200000  eps=0.150  episodes= 1444  mean_return=7041.730  mean_loss= 2.53815  mean_foundation= 52.0/52  lifetime_outcomes={'won': 529, 'stalled': 6, 'truncated': 909, 'other': 0}  rss= 3200.0MB  (39362s)
step  1185000/1200000  eps=0.150  episodes= 1445  mean_return=1140.000  mean_loss= 2.49758  mean_foundation= 16.0/52  lifetime_outcomes={'won': 529, 'stalled': 6, 'truncated': 910, 'other': 0}  rss= 3200.0MB  (39365s)
step  1186000/1200000  eps=0.150  episodes= 1446  mean_return=1510.000  mean_loss= 2.48218  mean_foundation= 19.0/52  lifetime_outcomes={'won': 529, 'stalled': 6, 'truncated': 911, 'other': 0}  rss= 3200.0MB  (39369s)
step  1187000/1200000  eps=0.150  episodes= 1447  mean_return=980.000  mean_loss= 2.61954  mean_foundation=  6.0/52  lifetime_outcomes={'won': 529, 'stalled': 6, 'truncated': 912, 'other': 0}  rss= 3200.0MB  (39372s)
step  1188000/1200000  eps=0.150  episodes= 1448  mean_return=7041.510  mean_loss= 2.49875  mean_foundation= 52.0/52  lifetime_outcomes={'won': 530, 'stalled': 6, 'truncated': 912, 'other': 0}  rss= 3200.0MB  (39375s)
step  1189000/1200000  eps=0.150  episodes= 1449  mean_return=1580.000  mean_loss= 2.41320  mean_foundation= 35.0/52  lifetime_outcomes={'won': 530, 'stalled': 6, 'truncated': 913, 'other': 0}  rss= 3200.0MB  (39379s)
step  1190000/1200000  eps=0.150  episodes= 1450  mean_return=830.000  mean_loss= 2.63695  mean_foundation=  7.0/52  lifetime_outcomes={'won': 530, 'stalled': 6, 'truncated': 914, 'other': 0}  rss= 3200.0MB  (39383s)
  EVAL  step  1190000  win_rate=25.50%  mean_return=2579.790  mean_foundation= 23.4/52  mean_length=901.0  (greedy, 200 fixed deals)
step  1191000/1200000  eps=0.150  episodes= 1451  mean_return=1240.000  mean_loss= 2.57716  mean_foundation= 12.0/52  lifetime_outcomes={'won': 530, 'stalled': 6, 'truncated': 915, 'other': 0}  rss= 3200.0MB  (39560s)
step  1192000/1200000  eps=0.150  episodes= 1452  mean_return=730.000  mean_loss= 2.50493  mean_foundation=  2.0/52  lifetime_outcomes={'won': 530, 'stalled': 6, 'truncated': 916, 'other': 0}  rss= 3200.0MB  (39563s)
step  1193000/1200000  eps=0.150  episodes= 1454  mean_return=3686.215  mean_loss= 2.53227  mean_foundation= 29.0/52  lifetime_outcomes={'won': 531, 'stalled': 6, 'truncated': 917, 'other': 0}  rss= 3200.0MB  (39567s)
step  1194000/1200000  eps=0.150  episodes= 1455  mean_return=1080.000  mean_loss= 2.49241  mean_foundation= 12.0/52  lifetime_outcomes={'won': 531, 'stalled': 6, 'truncated': 918, 'other': 0}  rss= 3200.0MB  (39570s)
step  1195000/1200000  eps=0.150  episodes= 1456  mean_return=520.000  mean_loss= 2.42845  mean_foundation=  8.0/52  lifetime_outcomes={'won': 531, 'stalled': 6, 'truncated': 919, 'other': 0}  rss= 3200.0MB  (39574s)
step  1196000/1200000  eps=0.150  episodes= 1458  mean_return=7025.720  mean_loss= 2.49068  mean_foundation= 52.0/52  lifetime_outcomes={'won': 533, 'stalled': 6, 'truncated': 919, 'other': 0}  rss= 3200.0MB  (39577s)
step  1197000/1200000  eps=0.150  episodes= 1459  mean_return=550.000  mean_loss= 2.41726  mean_foundation=  6.0/52  lifetime_outcomes={'won': 533, 'stalled': 6, 'truncated': 920, 'other': 0}  rss= 3200.0MB  (39581s)
step  1198000/1200000  eps=0.150  episodes= 1460  mean_return=1890.000  mean_loss= 2.38842  mean_foundation= 37.0/52  lifetime_outcomes={'won': 533, 'stalled': 6, 'truncated': 921, 'other': 0}  rss= 3200.0MB  (39584s)
step  1199000/1200000  eps=0.150  episodes= 1461  mean_return=1640.000  mean_loss= 2.37171  mean_foundation= 37.0/52  lifetime_outcomes={'won': 533, 'stalled': 6, 'truncated': 922, 'other': 0}  rss= 3200.0MB  (39588s)
step  1200000/1200000  eps=0.150  episodes= 1462  mean_return=7040.770  mean_loss= 2.40748  mean_foundation= 52.0/52  lifetime_outcomes={'won': 534, 'stalled': 6, 'truncated': 922, 'other': 0}  rss= 3200.0MB  (39591s)
  EVAL  step  1200000  win_rate=30.00%  mean_return=2799.442  mean_foundation= 24.4/52  mean_length=880.8  (greedy, 200 fixed deals)
done. saved final checkpoint to runs/024_dqfd_moredemo_epsfloor_loopbreaker_solvcurriculum_1p2m/checkpoint_final.pt
