run directory: runs/014_double_dqn_soft_nstep3_per_reward_shaping_reheat_echo
step     1000/600000  eps=0.995  episodes=    1  mean_return=1660.000  mean_loss=     nan  mean_foundation=  3.0/52  lifetime_outcomes={'won': 0, 'stalled': 0, 'truncated': 1, 'other': 0}  rss=  914.2MB  (1s)
step     2000/600000  eps=0.991  episodes=    2  mean_return=700.000  mean_loss=     nan  mean_foundation=  4.0/52  lifetime_outcomes={'won': 0, 'stalled': 0, 'truncated': 2, 'other': 0}  rss=  934.7MB  (1s)
step     3000/600000  eps=0.986  episodes=    3  mean_return=1330.000  mean_loss=     nan  mean_foundation= 10.0/52  lifetime_outcomes={'won': 0, 'stalled': 0, 'truncated': 3, 'other': 0}  rss=  947.3MB  (2s)
step     4000/600000  eps=0.981  episodes=    4  mean_return=1740.000  mean_loss=     nan  mean_foundation=  9.0/52  lifetime_outcomes={'won': 0, 'stalled': 0, 'truncated': 4, 'other': 0}  rss=  961.7MB  (3s)
step     5000/600000  eps=0.976  episodes=    5  mean_return=1120.000  mean_loss= 3.15788  mean_foundation=  5.0/52  lifetime_outcomes={'won': 0, 'stalled': 0, 'truncated': 5, 'other': 0}  rss= 1239.8MB  (4s)
step     6000/600000  eps=0.972  episodes=    6  mean_return=1800.000  mean_loss= 5.63012  mean_foundation= 17.0/52  lifetime_outcomes={'won': 0, 'stalled': 0, 'truncated': 6, 'other': 0}  rss= 1253.2MB  (7s)
step     7000/600000  eps=0.967  episodes=    7  mean_return=229.460  mean_loss= 5.42846  mean_foundation=  2.0/52  lifetime_outcomes={'won': 0, 'stalled': 1, 'truncated': 6, 'other': 0}  rss= 1267.7MB  (10s)
step     8000/600000  eps=0.962  episodes=    8  mean_return=730.000  mean_loss= 5.01477  mean_foundation=  5.0/52  lifetime_outcomes={'won': 0, 'stalled': 1, 'truncated': 7, 'other': 0}  rss= 1281.6MB  (13s)
step     9000/600000  eps=0.957  episodes=    9  mean_return=1640.000  mean_loss= 5.95880  mean_foundation=  6.0/52  lifetime_outcomes={'won': 0, 'stalled': 1, 'truncated': 8, 'other': 0}  rss= 1283.6MB  (15s)
step    10000/600000  eps=0.953  episodes=   10  mean_return=1310.000  mean_loss= 6.39581  mean_foundation= 11.0/52  lifetime_outcomes={'won': 0, 'stalled': 1, 'truncated': 9, 'other': 0}  rss= 1289.7MB  (18s)
  EVAL  step    10000  win_rate=0.00%  mean_return=253.200  mean_foundation=  1.9/52  mean_length=1000.0  (greedy, 100 fixed deals)
step    11000/600000  eps=0.948  episodes=   11  mean_return=1780.000  mean_loss= 7.22682  mean_foundation=  5.0/52  lifetime_outcomes={'won': 0, 'stalled': 1, 'truncated': 10, 'other': 0}  rss= 1305.2MB  (109s)
step    12000/600000  eps=0.943  episodes=   12  mean_return=1300.000  mean_loss= 7.38178  mean_foundation=  9.0/52  lifetime_outcomes={'won': 0, 'stalled': 1, 'truncated': 11, 'other': 0}  rss= 1309.3MB  (112s)
step    13000/600000  eps=0.938  episodes=   13  mean_return=1510.000  mean_loss= 7.17280  mean_foundation= 16.0/52  lifetime_outcomes={'won': 0, 'stalled': 1, 'truncated': 12, 'other': 0}  rss= 1313.3MB  (115s)
step    14000/600000  eps=0.933  episodes=   14  mean_return=1770.000  mean_loss= 6.87265  mean_foundation=  8.0/52  lifetime_outcomes={'won': 0, 'stalled': 1, 'truncated': 13, 'other': 0}  rss= 1315.3MB  (117s)
step    15000/600000  eps=0.929  episodes=   15  mean_return=1330.000  mean_loss= 6.37344  mean_foundation=  3.0/52  lifetime_outcomes={'won': 0, 'stalled': 1, 'truncated': 14, 'other': 0}  rss= 1321.4MB  (120s)
step    16000/600000  eps=0.924  episodes=   16  mean_return=1700.000  mean_loss= 6.04238  mean_foundation=  8.0/52  lifetime_outcomes={'won': 0, 'stalled': 1, 'truncated': 15, 'other': 0}  rss= 1323.4MB  (123s)
step    17000/600000  eps=0.919  episodes=   17  mean_return=240.000  mean_loss= 5.80904  mean_foundation=  1.0/52  lifetime_outcomes={'won': 0, 'stalled': 1, 'truncated': 16, 'other': 0}  rss= 1329.4MB  (126s)
step    18000/600000  eps=0.914  episodes=   18  mean_return=620.000  mean_loss= 5.68853  mean_foundation=  2.0/52  lifetime_outcomes={'won': 0, 'stalled': 1, 'truncated': 17, 'other': 0}  rss= 1333.5MB  (130s)
step    19000/600000  eps=0.910  episodes=   19  mean_return=610.000  mean_loss= 5.40735  mean_foundation=  2.0/52  lifetime_outcomes={'won': 0, 'stalled': 1, 'truncated': 18, 'other': 0}  rss= 1335.5MB  (133s)
step    20000/600000  eps=0.905  episodes=   20  mean_return=340.000  mean_loss= 5.10883  mean_foundation=  3.0/52  lifetime_outcomes={'won': 0, 'stalled': 1, 'truncated': 19, 'other': 0}  rss= 1341.5MB  (136s)
  EVAL  step    20000  win_rate=0.00%  mean_return=195.395  mean_foundation=  2.5/52  mean_length=990.5  (greedy, 100 fixed deals)
step    21000/600000  eps=0.900  episodes=   21  mean_return=790.000  mean_loss= 5.12262  mean_foundation=  3.0/52  lifetime_outcomes={'won': 0, 'stalled': 1, 'truncated': 20, 'other': 0}  rss= 1343.5MB  (235s)
step    22000/600000  eps=0.895  episodes=   22  mean_return=680.000  mean_loss= 5.20010  mean_foundation=  9.0/52  lifetime_outcomes={'won': 0, 'stalled': 1, 'truncated': 21, 'other': 0}  rss= 1349.5MB  (238s)
step    23000/600000  eps=0.891  episodes=   23  mean_return=1410.000  mean_loss= 4.91852  mean_foundation= 11.0/52  lifetime_outcomes={'won': 0, 'stalled': 1, 'truncated': 22, 'other': 0}  rss= 1351.6MB  (241s)
step    24000/600000  eps=0.886  episodes=   24  mean_return=1750.000  mean_loss= 5.11503  mean_foundation= 12.0/52  lifetime_outcomes={'won': 0, 'stalled': 1, 'truncated': 23, 'other': 0}  rss= 1357.6MB  (244s)
step    25000/600000  eps=0.881  episodes=   25  mean_return=1660.000  mean_loss= 5.09416  mean_foundation=  3.0/52  lifetime_outcomes={'won': 0, 'stalled': 1, 'truncated': 24, 'other': 0}  rss= 1361.6MB  (246s)
step    26000/600000  eps=0.877  episodes=   26  mean_return=650.000  mean_loss= 4.80904  mean_foundation= 13.0/52  lifetime_outcomes={'won': 0, 'stalled': 1, 'truncated': 25, 'other': 0}  rss= 1363.6MB  (249s)
step    27000/600000  eps=0.872  episodes=   27  mean_return=1090.000  mean_loss= 4.95271  mean_foundation= 10.0/52  lifetime_outcomes={'won': 0, 'stalled': 1, 'truncated': 26, 'other': 0}  rss= 1369.7MB  (252s)
step    28000/600000  eps=0.867  episodes=   28  mean_return=460.000  mean_loss= 4.70724  mean_foundation=  3.0/52  lifetime_outcomes={'won': 0, 'stalled': 1, 'truncated': 27, 'other': 0}  rss= 1371.7MB  (255s)
step    29000/600000  eps=0.862  episodes=   29  mean_return=350.000  mean_loss= 4.72461  mean_foundation=  6.0/52  lifetime_outcomes={'won': 0, 'stalled': 1, 'truncated': 28, 'other': 0}  rss= 1377.7MB  (258s)
step    30000/600000  eps=0.858  episodes=   30  mean_return=1670.000  mean_loss= 4.67127  mean_foundation=  9.0/52  lifetime_outcomes={'won': 0, 'stalled': 1, 'truncated': 29, 'other': 0}  rss= 1379.7MB  (261s)
  EVAL  step    30000  win_rate=0.00%  mean_return=203.600  mean_foundation=  2.7/52  mean_length=1000.0  (greedy, 100 fixed deals)
step    31000/600000  eps=0.853  episodes=   31  mean_return=590.000  mean_loss= 4.58250  mean_foundation=  2.0/52  lifetime_outcomes={'won': 0, 'stalled': 1, 'truncated': 30, 'other': 0}  rss= 1383.7MB  (356s)
step    32000/600000  eps=0.848  episodes=   32  mean_return=830.000  mean_loss= 4.58882  mean_foundation=  3.0/52  lifetime_outcomes={'won': 0, 'stalled': 1, 'truncated': 31, 'other': 0}  rss= 1387.8MB  (359s)
step    33000/600000  eps=0.843  episodes=   33  mean_return=590.000  mean_loss= 4.68263  mean_foundation=  0.0/52  lifetime_outcomes={'won': 0, 'stalled': 1, 'truncated': 32, 'other': 0}  rss= 1391.8MB  (362s)
step    34000/600000  eps=0.839  episodes=   34  mean_return=310.000  mean_loss= 4.60966  mean_foundation=  2.0/52  lifetime_outcomes={'won': 0, 'stalled': 1, 'truncated': 33, 'other': 0}  rss= 1397.8MB  (365s)
step    35000/600000  eps=0.834  episodes=   35  mean_return=840.000  mean_loss= 4.63072  mean_foundation=  8.0/52  lifetime_outcomes={'won': 0, 'stalled': 1, 'truncated': 34, 'other': 0}  rss= 1399.8MB  (368s)
step    36000/600000  eps=0.829  episodes=   36  mean_return=1750.000  mean_loss= 4.55095  mean_foundation= 17.0/52  lifetime_outcomes={'won': 0, 'stalled': 1, 'truncated': 35, 'other': 0}  rss= 1403.8MB  (370s)
step    37000/600000  eps=0.824  episodes=   37  mean_return=1840.000  mean_loss= 4.56597  mean_foundation= 29.0/52  lifetime_outcomes={'won': 0, 'stalled': 1, 'truncated': 36, 'other': 0}  rss= 1407.9MB  (373s)
step    38000/600000  eps=0.820  episodes=   38  mean_return=1230.000  mean_loss= 4.59971  mean_foundation= 14.0/52  lifetime_outcomes={'won': 0, 'stalled': 1, 'truncated': 37, 'other': 0}  rss= 1411.9MB  (376s)
step    39000/600000  eps=0.815  episodes=   39  mean_return=1600.000  mean_loss= 4.44554  mean_foundation= 19.0/52  lifetime_outcomes={'won': 0, 'stalled': 1, 'truncated': 38, 'other': 0}  rss= 1415.9MB  (378s)
step    40000/600000  eps=0.810  episodes=   40  mean_return=1770.000  mean_loss= 4.60564  mean_foundation= 25.0/52  lifetime_outcomes={'won': 0, 'stalled': 1, 'truncated': 39, 'other': 0}  rss= 1419.9MB  (381s)
  EVAL  step    40000  win_rate=0.00%  mean_return=228.193  mean_foundation=  3.6/52  mean_length=990.7  (greedy, 100 fixed deals)
step    41000/600000  eps=0.805  episodes=   41  mean_return=530.000  mean_loss= 4.51167  mean_foundation=  7.0/52  lifetime_outcomes={'won': 0, 'stalled': 1, 'truncated': 40, 'other': 0}  rss= 1421.9MB  (475s)
step    42000/600000  eps=0.800  episodes=   42  mean_return=2040.000  mean_loss= 4.62981  mean_foundation= 48.0/52  lifetime_outcomes={'won': 0, 'stalled': 1, 'truncated': 41, 'other': 0}  rss= 1428.0MB  (478s)
step    43000/600000  eps=0.796  episodes=   43  mean_return=360.000  mean_loss= 4.41510  mean_foundation=  2.0/52  lifetime_outcomes={'won': 0, 'stalled': 1, 'truncated': 42, 'other': 0}  rss= 1432.0MB  (481s)
step    44000/600000  eps=0.791  episodes=   44  mean_return=180.000  mean_loss= 4.33743  mean_foundation=  8.0/52  lifetime_outcomes={'won': 0, 'stalled': 1, 'truncated': 43, 'other': 0}  rss= 1436.0MB  (484s)
step    45000/600000  eps=0.786  episodes=   45  mean_return=330.000  mean_loss= 4.52375  mean_foundation=  5.0/52  lifetime_outcomes={'won': 0, 'stalled': 1, 'truncated': 44, 'other': 0}  rss= 1440.0MB  (487s)
step    46000/600000  eps=0.781  episodes=   46  mean_return=1690.000  mean_loss= 4.35893  mean_foundation=  8.0/52  lifetime_outcomes={'won': 0, 'stalled': 1, 'truncated': 45, 'other': 0}  rss= 1442.1MB  (490s)
step    47000/600000  eps=0.777  episodes=   47  mean_return=280.000  mean_loss= 4.42108  mean_foundation=  7.0/52  lifetime_outcomes={'won': 0, 'stalled': 1, 'truncated': 46, 'other': 0}  rss= 1448.1MB  (493s)
step    48000/600000  eps=0.772  episodes=   48  mean_return=840.000  mean_loss= 4.16910  mean_foundation=  8.0/52  lifetime_outcomes={'won': 0, 'stalled': 1, 'truncated': 47, 'other': 0}  rss= 1450.1MB  (496s)
step    49000/600000  eps=0.767  episodes=   49  mean_return=1050.000  mean_loss= 4.27114  mean_foundation= 15.0/52  lifetime_outcomes={'won': 0, 'stalled': 1, 'truncated': 48, 'other': 0}  rss= 1456.1MB  (499s)
step    50000/600000  eps=0.762  episodes=   50  mean_return=840.000  mean_loss= 4.18365  mean_foundation=  4.0/52  lifetime_outcomes={'won': 0, 'stalled': 1, 'truncated': 49, 'other': 0}  rss= 1460.2MB  (502s)
  EVAL  step    50000  win_rate=0.00%  mean_return=281.893  mean_foundation=  4.9/52  mean_length=990.7  (greedy, 100 fixed deals)
step    51000/600000  eps=0.758  episodes=   52  mean_return=3931.305  mean_loss= 4.40452  mean_foundation= 29.0/52  lifetime_outcomes={'won': 1, 'stalled': 1, 'truncated': 50, 'other': 0}  rss= 1470.0MB  (604s)
step    52000/600000  eps=0.753  episodes=   53  mean_return=2040.000  mean_loss= 5.21310  mean_foundation= 48.0/52  lifetime_outcomes={'won': 1, 'stalled': 1, 'truncated': 51, 'other': 0}  rss= 1474.0MB  (607s)
step    53000/600000  eps=0.748  episodes=   54  mean_return=260.000  mean_loss= 5.22418  mean_foundation=  2.0/52  lifetime_outcomes={'won': 1, 'stalled': 1, 'truncated': 52, 'other': 0}  rss= 1476.1MB  (610s)
step    54000/600000  eps=0.744  episodes=   55  mean_return=1700.000  mean_loss= 5.30928  mean_foundation=  3.0/52  lifetime_outcomes={'won': 1, 'stalled': 1, 'truncated': 53, 'other': 0}  rss= 1482.1MB  (613s)
step    55000/600000  eps=0.739  episodes=   56  mean_return=1360.000  mean_loss= 5.16307  mean_foundation= 22.0/52  lifetime_outcomes={'won': 1, 'stalled': 1, 'truncated': 54, 'other': 0}  rss= 1484.1MB  (616s)
step    56000/600000  eps=0.734  episodes=   57  mean_return=800.000  mean_loss= 5.08581  mean_foundation=  5.0/52  lifetime_outcomes={'won': 1, 'stalled': 1, 'truncated': 55, 'other': 0}  rss= 1490.2MB  (619s)
step    57000/600000  eps=0.729  episodes=   58  mean_return=1040.000  mean_loss= 5.00542  mean_foundation= 22.0/52  lifetime_outcomes={'won': 1, 'stalled': 1, 'truncated': 56, 'other': 0}  rss= 1494.2MB  (622s)
step    58000/600000  eps=0.725  episodes=   59  mean_return=890.000  mean_loss= 5.21943  mean_foundation=  3.0/52  lifetime_outcomes={'won': 1, 'stalled': 1, 'truncated': 57, 'other': 0}  rss= 1496.2MB  (624s)
step    59000/600000  eps=0.720  episodes=   60  mean_return=880.000  mean_loss= 5.15495  mean_foundation=  4.0/52  lifetime_outcomes={'won': 1, 'stalled': 1, 'truncated': 58, 'other': 0}  rss= 1502.2MB  (627s)
step    60000/600000  eps=0.715  episodes=   61  mean_return=1320.000  mean_loss= 4.86496  mean_foundation=  4.0/52  lifetime_outcomes={'won': 1, 'stalled': 1, 'truncated': 59, 'other': 0}  rss= 1504.2MB  (630s)
  EVAL  step    60000  win_rate=0.00%  mean_return=293.100  mean_foundation=  3.5/52  mean_length=1000.0  (greedy, 100 fixed deals)
step    61000/600000  eps=0.710  episodes=   62  mean_return=2040.000  mean_loss= 4.98314  mean_foundation= 42.0/52  lifetime_outcomes={'won': 1, 'stalled': 1, 'truncated': 60, 'other': 0}  rss= 1510.3MB  (725s)
step    62000/600000  eps=0.706  episodes=   63  mean_return=380.000  mean_loss= 4.96594  mean_foundation= 12.0/52  lifetime_outcomes={'won': 1, 'stalled': 1, 'truncated': 61, 'other': 0}  rss= 1512.3MB  (728s)
step    63000/600000  eps=0.701  episodes=   64  mean_return=890.000  mean_loss= 4.93334  mean_foundation= 16.0/52  lifetime_outcomes={'won': 1, 'stalled': 1, 'truncated': 62, 'other': 0}  rss= 1516.3MB  (731s)
step    64000/600000  eps=0.696  episodes=   65  mean_return=7040.790  mean_loss= 5.18515  mean_foundation= 52.0/52  lifetime_outcomes={'won': 2, 'stalled': 1, 'truncated': 62, 'other': 0}  rss= 1520.3MB  (735s)
step    65000/600000  eps=0.691  episodes=   66  mean_return=1660.000  mean_loss= 5.46270  mean_foundation=  3.0/52  lifetime_outcomes={'won': 2, 'stalled': 1, 'truncated': 63, 'other': 0}  rss= 1524.4MB  (738s)
step    66000/600000  eps=0.686  episodes=   67  mean_return=2040.000  mean_loss= 5.58379  mean_foundation= 46.0/52  lifetime_outcomes={'won': 2, 'stalled': 1, 'truncated': 64, 'other': 0}  rss= 1530.5MB  (741s)
step    67000/600000  eps=0.682  episodes=   68  mean_return=7043.540  mean_loss= 6.04791  mean_foundation= 52.0/52  lifetime_outcomes={'won': 3, 'stalled': 1, 'truncated': 64, 'other': 0}  rss= 1532.5MB  (744s)
step    68000/600000  eps=0.677  episodes=   69  mean_return=1150.000  mean_loss= 6.27973  mean_foundation=  4.0/52  lifetime_outcomes={'won': 3, 'stalled': 1, 'truncated': 65, 'other': 0}  rss= 1536.5MB  (747s)
step    69000/600000  eps=0.672  episodes=   70  mean_return=7040.610  mean_loss= 6.67777  mean_foundation= 52.0/52  lifetime_outcomes={'won': 4, 'stalled': 1, 'truncated': 65, 'other': 0}  rss= 1540.6MB  (750s)
step    70000/600000  eps=0.667  episodes=   71  mean_return=630.000  mean_loss= 7.07547  mean_foundation= 10.0/52  lifetime_outcomes={'won': 4, 'stalled': 1, 'truncated': 66, 'other': 0}  rss= 1544.6MB  (754s)
  EVAL  step    70000  win_rate=0.00%  mean_return=317.800  mean_foundation=  3.3/52  mean_length=1000.0  (greedy, 100 fixed deals)
step    71000/600000  eps=0.663  episodes=   72  mean_return=7042.360  mean_loss= 7.28470  mean_foundation= 52.0/52  lifetime_outcomes={'won': 5, 'stalled': 1, 'truncated': 66, 'other': 0}  rss= 1548.6MB  (849s)
step    72000/600000  eps=0.658  episodes=   73  mean_return=1830.000  mean_loss= 7.25997  mean_foundation= 27.0/52  lifetime_outcomes={'won': 5, 'stalled': 1, 'truncated': 67, 'other': 0}  rss= 1552.6MB  (852s)
step    73000/600000  eps=0.653  episodes=   75  mean_return=3651.990  mean_loss= 7.58588  mean_foundation= 28.5/52  lifetime_outcomes={'won': 6, 'stalled': 1, 'truncated': 68, 'other': 0}  rss= 1556.6MB  (855s)
step    74000/600000  eps=0.649  episodes=   76  mean_return=1450.000  mean_loss= 7.55511  mean_foundation= 19.0/52  lifetime_outcomes={'won': 6, 'stalled': 1, 'truncated': 69, 'other': 0}  rss= 1560.6MB  (857s)
step    75000/600000  eps=0.644  episodes=   77  mean_return=7041.760  mean_loss= 7.88381  mean_foundation= 52.0/52  lifetime_outcomes={'won': 7, 'stalled': 1, 'truncated': 69, 'other': 0}  rss= 1564.7MB  (860s)
step    76000/600000  eps=0.639  episodes=   78  mean_return=7044.450  mean_loss= 8.93772  mean_foundation= 52.0/52  lifetime_outcomes={'won': 8, 'stalled': 1, 'truncated': 69, 'other': 0}  rss= 1568.7MB  (863s)
step    77000/600000  eps=0.634  episodes=   80  mean_return=3702.190  mean_loss= 9.04996  mean_foundation= 30.0/52  lifetime_outcomes={'won': 9, 'stalled': 1, 'truncated': 70, 'other': 0}  rss= 1572.7MB  (866s)
step    78000/600000  eps=0.629  episodes=   81  mean_return=150.000  mean_loss= 9.25398  mean_foundation=  5.0/52  lifetime_outcomes={'won': 9, 'stalled': 1, 'truncated': 71, 'other': 0}  rss= 1576.8MB  (869s)
step    79000/600000  eps=0.625  episodes=   82  mean_return=790.000  mean_loss= 8.88168  mean_foundation=  8.0/52  lifetime_outcomes={'won': 9, 'stalled': 1, 'truncated': 72, 'other': 0}  rss= 1580.8MB  (872s)
step    80000/600000  eps=0.620  episodes=   83  mean_return=1320.000  mean_loss= 9.15527  mean_foundation= 13.0/52  lifetime_outcomes={'won': 9, 'stalled': 1, 'truncated': 73, 'other': 0}  rss= 1582.9MB  (875s)
  EVAL  step    80000  win_rate=0.00%  mean_return=289.800  mean_foundation=  4.0/52  mean_length=1000.0  (greedy, 100 fixed deals)
step    81000/600000  eps=0.615  episodes=   84  mean_return=720.000  mean_loss= 8.46519  mean_foundation= 14.0/52  lifetime_outcomes={'won': 9, 'stalled': 1, 'truncated': 74, 'other': 0}  rss= 1588.9MB  (974s)
step    82000/600000  eps=0.611  episodes=   85  mean_return=930.000  mean_loss= 8.55598  mean_foundation= 14.0/52  lifetime_outcomes={'won': 9, 'stalled': 1, 'truncated': 75, 'other': 0}  rss= 1592.9MB  (977s)
step    83000/600000  eps=0.606  episodes=   86  mean_return=930.000  mean_loss= 8.39221  mean_foundation= 11.0/52  lifetime_outcomes={'won': 9, 'stalled': 1, 'truncated': 76, 'other': 0}  rss= 1597.0MB  (980s)
step    84000/600000  eps=0.601  episodes=   87  mean_return=7044.880  mean_loss= 8.77111  mean_foundation= 52.0/52  lifetime_outcomes={'won': 10, 'stalled': 1, 'truncated': 76, 'other': 0}  rss= 1601.0MB  (983s)
step    85000/600000  eps=0.596  episodes=   88  mean_return=730.000  mean_loss= 8.75120  mean_foundation=  5.0/52  lifetime_outcomes={'won': 10, 'stalled': 1, 'truncated': 77, 'other': 0}  rss= 1603.0MB  (987s)
step    86000/600000  eps=0.592  episodes=   90  mean_return=3667.055  mean_loss= 8.58918  mean_foundation= 29.0/52  lifetime_outcomes={'won': 11, 'stalled': 1, 'truncated': 78, 'other': 0}  rss= 1609.1MB  (991s)
step    87000/600000  eps=0.587  episodes=   91  mean_return=1000.000  mean_loss= 9.02593  mean_foundation=  6.0/52  lifetime_outcomes={'won': 11, 'stalled': 1, 'truncated': 79, 'other': 0}  rss= 1611.1MB  (995s)
step    88000/600000  eps=0.582  episodes=   92  mean_return=650.000  mean_loss= 8.85613  mean_foundation= 11.0/52  lifetime_outcomes={'won': 11, 'stalled': 1, 'truncated': 80, 'other': 0}  rss= 1617.1MB  (1002s)
step    89000/600000  eps=0.577  episodes=   93  mean_return=1340.000  mean_loss= 9.04709  mean_foundation= 12.0/52  lifetime_outcomes={'won': 11, 'stalled': 1, 'truncated': 81, 'other': 0}  rss= 1621.1MB  (1005s)
step    90000/600000  eps=0.573  episodes=   94  mean_return=820.000  mean_loss= 8.65367  mean_foundation=  5.0/52  lifetime_outcomes={'won': 11, 'stalled': 1, 'truncated': 82, 'other': 0}  rss= 1623.1MB  (1008s)
  EVAL  step    90000  win_rate=0.00%  mean_return=325.200  mean_foundation=  3.4/52  mean_length=1000.0  (greedy, 100 fixed deals)
step    91000/600000  eps=0.568  episodes=   95  mean_return=620.000  mean_loss= 8.43963  mean_foundation=  4.0/52  lifetime_outcomes={'won': 11, 'stalled': 1, 'truncated': 83, 'other': 0}  rss= 1629.2MB  (1100s)
step    92000/600000  eps=0.563  episodes=   96  mean_return=920.000  mean_loss= 8.58828  mean_foundation= 14.0/52  lifetime_outcomes={'won': 11, 'stalled': 1, 'truncated': 84, 'other': 0}  rss= 1631.2MB  (1103s)
step    93000/600000  eps=0.558  episodes=   98  mean_return=7044.800  mean_loss= 9.06248  mean_foundation= 52.0/52  lifetime_outcomes={'won': 13, 'stalled': 1, 'truncated': 84, 'other': 0}  rss= 1637.2MB  (1105s)
step    94000/600000  eps=0.554  episodes=   99  mean_return=870.000  mean_loss= 9.10414  mean_foundation=  9.0/52  lifetime_outcomes={'won': 13, 'stalled': 1, 'truncated': 85, 'other': 0}  rss= 1639.2MB  (1108s)
step    95000/600000  eps=0.549  episodes=  100  mean_return=430.000  mean_loss= 9.41870  mean_foundation=  7.0/52  lifetime_outcomes={'won': 13, 'stalled': 1, 'truncated': 86, 'other': 0}  rss= 1643.2MB  (1111s)
step    96000/600000  eps=0.544  episodes=  101  mean_return=690.000  mean_loss= 9.07165  mean_foundation=  9.0/52  lifetime_outcomes={'won': 13, 'stalled': 1, 'truncated': 87, 'other': 0}  rss= 1647.3MB  (1114s)
step    97000/600000  eps=0.539  episodes=  102  mean_return=7041.800  mean_loss= 9.30177  mean_foundation= 52.0/52  lifetime_outcomes={'won': 14, 'stalled': 1, 'truncated': 87, 'other': 0}  rss= 1651.3MB  (1117s)
step    98000/600000  eps=0.534  episodes=  103  mean_return=7043.790  mean_loss= 9.32429  mean_foundation= 52.0/52  lifetime_outcomes={'won': 15, 'stalled': 1, 'truncated': 87, 'other': 0}  rss= 1655.3MB  (1120s)
step    99000/600000  eps=0.530  episodes=  105  mean_return=3697.640  mean_loss= 9.77086  mean_foundation= 31.0/52  lifetime_outcomes={'won': 16, 'stalled': 1, 'truncated': 88, 'other': 0}  rss= 1656.5MB  (1123s)
step   100000/600000  eps=0.525  episodes=  106  mean_return=510.000  mean_loss= 9.65817  mean_foundation=  7.0/52  lifetime_outcomes={'won': 16, 'stalled': 1, 'truncated': 89, 'other': 0}  rss= 1659.6MB  (1127s)
  EVAL  step   100000  win_rate=0.00%  mean_return=283.600  mean_foundation=  2.8/52  mean_length=1000.0  (greedy, 100 fixed deals)
step   101000/600000  eps=0.520  episodes=  107  mean_return=7043.340  mean_loss= 9.65367  mean_foundation= 52.0/52  lifetime_outcomes={'won': 17, 'stalled': 1, 'truncated': 89, 'other': 0}  rss= 1659.6MB  (1220s)
step   102000/600000  eps=0.516  episodes=  108  mean_return=840.000  mean_loss= 9.90743  mean_foundation= 13.0/52  lifetime_outcomes={'won': 17, 'stalled': 1, 'truncated': 90, 'other': 0}  rss= 1659.6MB  (1223s)
step   103000/600000  eps=0.511  episodes=  109  mean_return=1210.000  mean_loss=10.21643  mean_foundation= 17.0/52  lifetime_outcomes={'won': 17, 'stalled': 1, 'truncated': 91, 'other': 0}  rss= 1659.6MB  (1227s)
step   104000/600000  eps=0.506  episodes=  111  mean_return=7043.530  mean_loss=10.18607  mean_foundation= 52.0/52  lifetime_outcomes={'won': 19, 'stalled': 1, 'truncated': 91, 'other': 0}  rss= 1659.6MB  (1230s)
step   105000/600000  eps=0.501  episodes=  112  mean_return=1170.000  mean_loss=10.31151  mean_foundation= 11.0/52  lifetime_outcomes={'won': 19, 'stalled': 1, 'truncated': 92, 'other': 0}  rss= 1659.6MB  (1233s)
step   106000/600000  eps=0.497  episodes=  113  mean_return=1820.000  mean_loss=10.96925  mean_foundation= 30.0/52  lifetime_outcomes={'won': 19, 'stalled': 1, 'truncated': 93, 'other': 0}  rss= 1659.6MB  (1236s)
step   107000/600000  eps=0.492  episodes=  114  mean_return=7043.230  mean_loss=10.35691  mean_foundation= 52.0/52  lifetime_outcomes={'won': 20, 'stalled': 1, 'truncated': 93, 'other': 0}  rss= 1659.6MB  (1240s)
step   108000/600000  eps=0.487  episodes=  115  mean_return=930.000  mean_loss=10.36324  mean_foundation= 10.0/52  lifetime_outcomes={'won': 20, 'stalled': 1, 'truncated': 94, 'other': 0}  rss= 1659.6MB  (1246s)
step   109000/600000  eps=0.482  episodes=  117  mean_return=3902.460  mean_loss=10.64844  mean_foundation= 32.5/52  lifetime_outcomes={'won': 21, 'stalled': 1, 'truncated': 95, 'other': 0}  rss= 1659.6MB  (1251s)
step   110000/600000  eps=0.478  episodes=  118  mean_return=2000.000  mean_loss=11.06597  mean_foundation= 48.0/52  lifetime_outcomes={'won': 21, 'stalled': 1, 'truncated': 96, 'other': 0}  rss= 1659.6MB  (1254s)
  EVAL  step   110000  win_rate=0.00%  mean_return=288.383  mean_foundation=  3.7/52  mean_length=971.8  (greedy, 100 fixed deals)
step   111000/600000  eps=0.473  episodes=  119  mean_return=1070.000  mean_loss=11.02444  mean_foundation= 13.0/52  lifetime_outcomes={'won': 21, 'stalled': 1, 'truncated': 97, 'other': 0}  rss= 1659.6MB  (1347s)
step   112000/600000  eps=0.468  episodes=  120  mean_return=7040.300  mean_loss=10.33454  mean_foundation= 52.0/52  lifetime_outcomes={'won': 22, 'stalled': 1, 'truncated': 97, 'other': 0}  rss= 1659.6MB  (1350s)
step   113000/600000  eps=0.463  episodes=  121  mean_return=740.000  mean_loss=11.06466  mean_foundation= 14.0/52  lifetime_outcomes={'won': 22, 'stalled': 1, 'truncated': 98, 'other': 0}  rss= 1659.6MB  (1355s)
step   114000/600000  eps=0.459  episodes=  123  mean_return=654.290  mean_loss=11.03017  mean_foundation=  5.0/52  lifetime_outcomes={'won': 22, 'stalled': 2, 'truncated': 99, 'other': 0}  rss= 1659.6MB  (1359s)
step   115000/600000  eps=0.454  episodes=  124  mean_return=1060.000  mean_loss=10.72749  mean_foundation=  8.0/52  lifetime_outcomes={'won': 22, 'stalled': 2, 'truncated': 100, 'other': 0}  rss= 1659.6MB  (1364s)
step   116000/600000  eps=0.449  episodes=  125  mean_return=7043.250  mean_loss=11.24320  mean_foundation= 52.0/52  lifetime_outcomes={'won': 23, 'stalled': 2, 'truncated': 100, 'other': 0}  rss= 1659.6MB  (1367s)
step   117000/600000  eps=0.444  episodes=  126  mean_return=7044.230  mean_loss=11.36272  mean_foundation= 52.0/52  lifetime_outcomes={'won': 24, 'stalled': 2, 'truncated': 100, 'other': 0}  rss= 1659.6MB  (1370s)
step   118000/600000  eps=0.440  episodes=  127  mean_return=1200.000  mean_loss=11.74583  mean_foundation=  8.0/52  lifetime_outcomes={'won': 24, 'stalled': 2, 'truncated': 101, 'other': 0}  rss= 1659.6MB  (1373s)
step   119000/600000  eps=0.435  episodes=  129  mean_return=3681.890  mean_loss=11.47490  mean_foundation= 29.5/52  lifetime_outcomes={'won': 25, 'stalled': 2, 'truncated': 102, 'other': 0}  rss= 1659.6MB  (1377s)
step   120000/600000  eps=0.430  episodes=  131  mean_return=7044.415  mean_loss=12.16046  mean_foundation= 52.0/52  lifetime_outcomes={'won': 27, 'stalled': 2, 'truncated': 102, 'other': 0}  rss= 1659.6MB  (1381s)
  EVAL  step   120000  win_rate=0.00%  mean_return=282.295  mean_foundation=  3.2/52  mean_length=990.5  (greedy, 100 fixed deals)
step   121000/600000  eps=0.425  episodes=  132  mean_return=1380.000  mean_loss=11.70453  mean_foundation= 28.0/52  lifetime_outcomes={'won': 27, 'stalled': 2, 'truncated': 103, 'other': 0}  rss= 1659.6MB  (1507s)
step   122000/600000  eps=0.420  episodes=  133  mean_return=7041.100  mean_loss=11.38089  mean_foundation= 52.0/52  lifetime_outcomes={'won': 28, 'stalled': 2, 'truncated': 103, 'other': 0}  rss= 1659.6MB  (1512s)
step   123000/600000  eps=0.416  episodes=  134  mean_return=1060.000  mean_loss=11.91031  mean_foundation=  8.0/52  lifetime_outcomes={'won': 28, 'stalled': 2, 'truncated': 104, 'other': 0}  rss= 1659.6MB  (1518s)
step   124000/600000  eps=0.411  episodes=  135  mean_return=330.000  mean_loss=12.21521  mean_foundation=  3.0/52  lifetime_outcomes={'won': 28, 'stalled': 2, 'truncated': 105, 'other': 0}  rss= 1659.6MB  (1523s)
step   125000/600000  eps=0.406  episodes=  136  mean_return=1340.000  mean_loss=12.18089  mean_foundation= 18.0/52  lifetime_outcomes={'won': 28, 'stalled': 2, 'truncated': 106, 'other': 0}  rss= 1659.6MB  (1528s)
step   126000/600000  eps=0.402  episodes=  138  mean_return=7044.615  mean_loss=12.30967  mean_foundation= 52.0/52  lifetime_outcomes={'won': 30, 'stalled': 2, 'truncated': 106, 'other': 0}  rss= 1659.6MB  (1533s)
step   127000/600000  eps=0.397  episodes=  139  mean_return=620.000  mean_loss=12.48312  mean_foundation=  3.0/52  lifetime_outcomes={'won': 30, 'stalled': 2, 'truncated': 107, 'other': 0}  rss= 1659.6MB  (1538s)
step   128000/600000  eps=0.392  episodes=  140  mean_return=7043.430  mean_loss=12.12916  mean_foundation= 52.0/52  lifetime_outcomes={'won': 31, 'stalled': 2, 'truncated': 107, 'other': 0}  rss= 1659.6MB  (1544s)
step   129000/600000  eps=0.387  episodes=  141  mean_return=7041.790  mean_loss=12.83970  mean_foundation= 52.0/52  lifetime_outcomes={'won': 32, 'stalled': 2, 'truncated': 107, 'other': 0}  rss= 1659.6MB  (1550s)
step   130000/600000  eps=0.383  episodes=  142  mean_return=1370.000  mean_loss=12.66754  mean_foundation= 11.0/52  lifetime_outcomes={'won': 32, 'stalled': 2, 'truncated': 108, 'other': 0}  rss= 1659.6MB  (1555s)
  EVAL  step   130000  win_rate=0.00%  mean_return=281.085  mean_foundation=  4.4/52  mean_length=981.5  (greedy, 100 fixed deals)
step   131000/600000  eps=0.378  episodes=  143  mean_return=1330.000  mean_loss=12.45660  mean_foundation= 24.0/52  lifetime_outcomes={'won': 32, 'stalled': 2, 'truncated': 109, 'other': 0}  rss= 1659.6MB  (1689s)
step   132000/600000  eps=0.373  episodes=  144  mean_return=870.000  mean_loss=12.40084  mean_foundation= 15.0/52  lifetime_outcomes={'won': 32, 'stalled': 2, 'truncated': 110, 'other': 0}  rss= 1659.6MB  (1694s)
step   133000/600000  eps=0.368  episodes=  145  mean_return=940.000  mean_loss=12.66336  mean_foundation= 10.0/52  lifetime_outcomes={'won': 32, 'stalled': 2, 'truncated': 111, 'other': 0}  rss= 1659.6MB  (1699s)
step   134000/600000  eps=0.364  episodes=  147  mean_return=7043.380  mean_loss=12.27401  mean_foundation= 52.0/52  lifetime_outcomes={'won': 34, 'stalled': 2, 'truncated': 111, 'other': 0}  rss= 1659.6MB  (1705s)
step   135000/600000  eps=0.359  episodes=  148  mean_return=7044.980  mean_loss=12.66566  mean_foundation= 52.0/52  lifetime_outcomes={'won': 35, 'stalled': 2, 'truncated': 111, 'other': 0}  rss= 1659.6MB  (1709s)
step   136000/600000  eps=0.354  episodes=  149  mean_return=1580.000  mean_loss=12.45260  mean_foundation= 26.0/52  lifetime_outcomes={'won': 35, 'stalled': 2, 'truncated': 112, 'other': 0}  rss= 1659.6MB  (1714s)
step   137000/600000  eps=0.349  episodes=  150  mean_return=1730.000  mean_loss=13.11363  mean_foundation= 30.0/52  lifetime_outcomes={'won': 35, 'stalled': 2, 'truncated': 113, 'other': 0}  rss= 1659.6MB  (1719s)
step   138000/600000  eps=0.345  episodes=  151  mean_return=350.000  mean_loss=12.63627  mean_foundation=  6.0/52  lifetime_outcomes={'won': 35, 'stalled': 2, 'truncated': 114, 'other': 0}  rss= 1659.6MB  (1724s)
step   139000/600000  eps=0.340  episodes=  152  mean_return=1350.000  mean_loss=12.41509  mean_foundation= 17.0/52  lifetime_outcomes={'won': 35, 'stalled': 2, 'truncated': 115, 'other': 0}  rss= 1659.6MB  (1728s)
step   140000/600000  eps=0.335  episodes=  154  mean_return=4537.320  mean_loss=12.53081  mean_foundation= 51.0/52  lifetime_outcomes={'won': 36, 'stalled': 2, 'truncated': 116, 'other': 0}  rss= 1659.6MB  (1731s)
  EVAL  step   140000  win_rate=0.00%  mean_return=291.296  mean_foundation=  4.2/52  mean_length=990.5  (greedy, 100 fixed deals)
step   141000/600000  eps=0.330  episodes=  155  mean_return=7044.650  mean_loss=13.17158  mean_foundation= 52.0/52  lifetime_outcomes={'won': 37, 'stalled': 2, 'truncated': 116, 'other': 0}  rss= 1659.6MB  (1829s)
step   142000/600000  eps=0.326  episodes=  156  mean_return=1350.000  mean_loss=12.42493  mean_foundation= 17.0/52  lifetime_outcomes={'won': 37, 'stalled': 2, 'truncated': 117, 'other': 0}  rss= 1659.6MB  (1832s)
step   143000/600000  eps=0.321  episodes=  157  mean_return=550.000  mean_loss=12.61064  mean_foundation=  4.0/52  lifetime_outcomes={'won': 37, 'stalled': 2, 'truncated': 118, 'other': 0}  rss= 1659.6MB  (1835s)
step   144000/600000  eps=0.316  episodes=  158  mean_return=1370.000  mean_loss=13.21676  mean_foundation= 19.0/52  lifetime_outcomes={'won': 37, 'stalled': 2, 'truncated': 119, 'other': 0}  rss= 1659.6MB  (1839s)
step   145000/600000  eps=0.311  episodes=  159  mean_return=7041.630  mean_loss=12.56453  mean_foundation= 52.0/52  lifetime_outcomes={'won': 38, 'stalled': 2, 'truncated': 119, 'other': 0}  rss= 1659.6MB  (1842s)
step   146000/600000  eps=0.306  episodes=  161  mean_return=408.710  mean_loss=12.88777  mean_foundation=  4.5/52  lifetime_outcomes={'won': 38, 'stalled': 3, 'truncated': 120, 'other': 0}  rss= 1659.6MB  (1846s)
step   147000/600000  eps=0.302  episodes=  162  mean_return=1490.000  mean_loss=12.90090  mean_foundation= 22.0/52  lifetime_outcomes={'won': 38, 'stalled': 3, 'truncated': 121, 'other': 0}  rss= 1659.6MB  (1849s)
step   148000/600000  eps=0.297  episodes=  163  mean_return=7040.800  mean_loss=12.99355  mean_foundation= 52.0/52  lifetime_outcomes={'won': 39, 'stalled': 3, 'truncated': 121, 'other': 0}  rss= 1659.6MB  (1853s)
step   149000/600000  eps=0.292  episodes=  165  mean_return=3751.950  mean_loss=12.98000  mean_foundation= 29.0/52  lifetime_outcomes={'won': 40, 'stalled': 3, 'truncated': 122, 'other': 0}  rss= 1659.6MB  (1857s)
step   150000/600000  eps=0.288  episodes=  166  mean_return=860.000  mean_loss=12.60951  mean_foundation=  7.0/52  lifetime_outcomes={'won': 40, 'stalled': 3, 'truncated': 123, 'other': 0}  rss= 1659.6MB  (1861s)
  EVAL  step   150000  win_rate=0.00%  mean_return=333.595  mean_foundation=  4.2/52  mean_length=990.5  (greedy, 100 fixed deals)
step   151000/600000  eps=0.283  episodes=  167  mean_return=1290.000  mean_loss=12.45543  mean_foundation= 20.0/52  lifetime_outcomes={'won': 40, 'stalled': 3, 'truncated': 124, 'other': 0}  rss= 1659.6MB  (1963s)
step   152000/600000  eps=0.278  episodes=  168  mean_return=320.000  mean_loss=12.77289  mean_foundation=  7.0/52  lifetime_outcomes={'won': 40, 'stalled': 3, 'truncated': 125, 'other': 0}  rss= 1659.6MB  (1966s)
step   153000/600000  eps=0.273  episodes=  169  mean_return=7043.940  mean_loss=12.38309  mean_foundation= 52.0/52  lifetime_outcomes={'won': 41, 'stalled': 3, 'truncated': 125, 'other': 0}  rss= 1659.6MB  (1970s)
step   154000/600000  eps=0.269  episodes=  170  mean_return=870.000  mean_loss=12.67116  mean_foundation=  9.0/52  lifetime_outcomes={'won': 41, 'stalled': 3, 'truncated': 126, 'other': 0}  rss= 1659.6MB  (1973s)
step   155000/600000  eps=0.264  episodes=  171  mean_return=1430.000  mean_loss=12.74656  mean_foundation= 21.0/52  lifetime_outcomes={'won': 41, 'stalled': 3, 'truncated': 127, 'other': 0}  rss= 1659.6MB  (1977s)
step   156000/600000  eps=0.259  episodes=  172  mean_return=7041.790  mean_loss=12.65266  mean_foundation= 52.0/52  lifetime_outcomes={'won': 42, 'stalled': 3, 'truncated': 127, 'other': 0}  rss= 1659.6MB  (1981s)
step   157000/600000  eps=0.254  episodes=  173  mean_return=140.000  mean_loss=12.03728  mean_foundation=  4.0/52  lifetime_outcomes={'won': 42, 'stalled': 3, 'truncated': 128, 'other': 0}  rss= 1659.6MB  (1985s)
step   158000/600000  eps=0.250  episodes=  175  mean_return=7041.665  mean_loss=12.97406  mean_foundation= 52.0/52  lifetime_outcomes={'won': 44, 'stalled': 3, 'truncated': 128, 'other': 0}  rss= 1659.6MB  (1989s)
step   159000/600000  eps=0.245  episodes=  176  mean_return=109.480  mean_loss=12.81292  mean_foundation=  3.0/52  lifetime_outcomes={'won': 44, 'stalled': 4, 'truncated': 128, 'other': 0}  rss= 1659.6MB  (1993s)
step   160000/600000  eps=0.240  episodes=  177  mean_return=910.000  mean_loss=12.34023  mean_foundation= 10.0/52  lifetime_outcomes={'won': 44, 'stalled': 4, 'truncated': 129, 'other': 0}  rss= 1659.6MB  (1996s)
  EVAL  step   160000  win_rate=0.00%  mean_return=326.000  mean_foundation=  3.5/52  mean_length=1000.0  (greedy, 100 fixed deals)
step   161000/600000  eps=0.235  episodes=  179  mean_return=3847.705  mean_loss=13.30027  mean_foundation= 29.0/52  lifetime_outcomes={'won': 45, 'stalled': 4, 'truncated': 130, 'other': 0}  rss= 1659.6MB  (2100s)
step   162000/600000  eps=0.231  episodes=  180  mean_return=1450.000  mean_loss=12.43013  mean_foundation= 13.0/52  lifetime_outcomes={'won': 45, 'stalled': 4, 'truncated': 131, 'other': 0}  rss= 1659.6MB  (2104s)
step   163000/600000  eps=0.226  episodes=  181  mean_return=7043.040  mean_loss=12.33169  mean_foundation= 52.0/52  lifetime_outcomes={'won': 46, 'stalled': 4, 'truncated': 131, 'other': 0}  rss= 1659.6MB  (2108s)
step   164000/600000  eps=0.221  episodes=  182  mean_return=7041.020  mean_loss=13.25143  mean_foundation= 52.0/52  lifetime_outcomes={'won': 47, 'stalled': 4, 'truncated': 131, 'other': 0}  rss= 1659.6MB  (2111s)
step   165000/600000  eps=0.216  episodes=  183  mean_return=860.000  mean_loss=12.51260  mean_foundation= 15.0/52  lifetime_outcomes={'won': 47, 'stalled': 4, 'truncated': 132, 'other': 0}  rss= 1659.6MB  (2114s)
step   166000/600000  eps=0.212  episodes=  185  mean_return=3771.200  mean_loss=12.19397  mean_foundation= 26.0/52  lifetime_outcomes={'won': 48, 'stalled': 4, 'truncated': 133, 'other': 0}  rss= 1659.6MB  (2118s)
step   167000/600000  eps=0.207  episodes=  186  mean_return=1050.000  mean_loss=12.79611  mean_foundation= 12.0/52  lifetime_outcomes={'won': 48, 'stalled': 4, 'truncated': 134, 'other': 0}  rss= 1659.6MB  (2121s)
step   168000/600000  eps=0.202  episodes=  187  mean_return=390.000  mean_loss=12.44200  mean_foundation=  5.0/52  lifetime_outcomes={'won': 48, 'stalled': 4, 'truncated': 135, 'other': 0}  rss= 1659.6MB  (2125s)
step   169000/600000  eps=0.197  episodes=  188  mean_return=1160.000  mean_loss=12.40608  mean_foundation= 14.0/52  lifetime_outcomes={'won': 48, 'stalled': 4, 'truncated': 136, 'other': 0}  rss= 1659.6MB  (2129s)
step   170000/600000  eps=0.193  episodes=  189  mean_return=430.000  mean_loss=12.34301  mean_foundation=  0.0/52  lifetime_outcomes={'won': 48, 'stalled': 4, 'truncated': 137, 'other': 0}  rss= 1659.6MB  (2133s)
  EVAL  step   170000  win_rate=0.00%  mean_return=254.890  mean_foundation=  3.5/52  mean_length=981.0  (greedy, 100 fixed deals)
step   171000/600000  eps=0.188  episodes=  190  mean_return=1250.000  mean_loss=12.08978  mean_foundation= 19.0/52  lifetime_outcomes={'won': 48, 'stalled': 4, 'truncated': 138, 'other': 0}  rss= 1659.6MB  (2230s)
step   172000/600000  eps=0.183  episodes=  191  mean_return=1190.000  mean_loss=11.94134  mean_foundation= 10.0/52  lifetime_outcomes={'won': 48, 'stalled': 4, 'truncated': 139, 'other': 0}  rss= 1659.6MB  (2233s)
step   173000/600000  eps=0.178  episodes=  192  mean_return=7047.100  mean_loss=11.84704  mean_foundation= 52.0/52  lifetime_outcomes={'won': 49, 'stalled': 4, 'truncated': 139, 'other': 0}  rss= 1659.6MB  (2237s)
step   174000/600000  eps=0.173  episodes=  193  mean_return=1160.000  mean_loss=11.69593  mean_foundation=  9.0/52  lifetime_outcomes={'won': 49, 'stalled': 4, 'truncated': 140, 'other': 0}  rss= 1659.6MB  (2240s)
step   175000/600000  eps=0.169  episodes=  194  mean_return=1260.000  mean_loss=11.66240  mean_foundation= 17.0/52  lifetime_outcomes={'won': 49, 'stalled': 4, 'truncated': 141, 'other': 0}  rss= 1659.6MB  (2243s)
step   176000/600000  eps=0.164  episodes=  195  mean_return=280.000  mean_loss=11.28279  mean_foundation=  1.0/52  lifetime_outcomes={'won': 49, 'stalled': 4, 'truncated': 142, 'other': 0}  rss= 1659.6MB  (2246s)
step   177000/600000  eps=0.159  episodes=  196  mean_return=1380.000  mean_loss=10.92340  mean_foundation= 16.0/52  lifetime_outcomes={'won': 49, 'stalled': 4, 'truncated': 143, 'other': 0}  rss= 1659.6MB  (2250s)
step   178000/600000  eps=0.155  episodes=  197  mean_return=1720.000  mean_loss=10.79853  mean_foundation= 20.0/52  lifetime_outcomes={'won': 49, 'stalled': 4, 'truncated': 144, 'other': 0}  rss= 1659.6MB  (2253s)
step   179000/600000  eps=0.150  episodes=  198  mean_return=1990.000  mean_loss=11.28788  mean_foundation= 50.0/52  lifetime_outcomes={'won': 49, 'stalled': 4, 'truncated': 145, 'other': 0}  rss= 1659.6MB  (2256s)
step   180000/600000  eps=0.145  episodes=  199  mean_return=1810.000  mean_loss=10.30722  mean_foundation= 38.0/52  lifetime_outcomes={'won': 49, 'stalled': 4, 'truncated': 146, 'other': 0}  rss= 1659.6MB  (2260s)
  EVAL  step   180000  win_rate=0.00%  mean_return=264.796  mean_foundation=  2.0/52  mean_length=990.5  (greedy, 100 fixed deals)
step   181000/600000  eps=0.140  episodes=  200  mean_return=1080.000  mean_loss=11.09739  mean_foundation= 10.0/52  lifetime_outcomes={'won': 49, 'stalled': 4, 'truncated': 147, 'other': 0}  rss= 1659.6MB  (2359s)
step   182000/600000  eps=0.136  episodes=  201  mean_return=820.000  mean_loss=10.53943  mean_foundation= 11.0/52  lifetime_outcomes={'won': 49, 'stalled': 4, 'truncated': 148, 'other': 0}  rss= 1659.6MB  (2363s)
step   183000/600000  eps=0.131  episodes=  202  mean_return=440.000  mean_loss=10.32329  mean_foundation=  1.0/52  lifetime_outcomes={'won': 49, 'stalled': 4, 'truncated': 149, 'other': 0}  rss= 1659.6MB  (2366s)
step   184000/600000  eps=0.126  episodes=  203  mean_return=1520.000  mean_loss=10.21886  mean_foundation= 25.0/52  lifetime_outcomes={'won': 49, 'stalled': 4, 'truncated': 150, 'other': 0}  rss= 1659.6MB  (2370s)
step   185000/600000  eps=0.121  episodes=  204  mean_return=1570.000  mean_loss=10.52355  mean_foundation= 25.0/52  lifetime_outcomes={'won': 49, 'stalled': 4, 'truncated': 151, 'other': 0}  rss= 1659.6MB  (2373s)
step   186000/600000  eps=0.117  episodes=  205  mean_return=2020.000  mean_loss=10.29086  mean_foundation= 49.0/52  lifetime_outcomes={'won': 49, 'stalled': 4, 'truncated': 152, 'other': 0}  rss= 1659.6MB  (2377s)
step   187000/600000  eps=0.112  episodes=  207  mean_return=4011.160  mean_loss=10.33753  mean_foundation= 29.0/52  lifetime_outcomes={'won': 50, 'stalled': 4, 'truncated': 153, 'other': 0}  rss= 1659.6MB  (2380s)
step   188000/600000  eps=0.107  episodes=  208  mean_return=1170.000  mean_loss=10.17915  mean_foundation= 18.0/52  lifetime_outcomes={'won': 50, 'stalled': 4, 'truncated': 154, 'other': 0}  rss= 1659.6MB  (2384s)
step   189000/600000  eps=0.102  episodes=  209  mean_return=990.000  mean_loss=10.27230  mean_foundation= 15.0/52  lifetime_outcomes={'won': 50, 'stalled': 4, 'truncated': 155, 'other': 0}  rss= 1659.6MB  (2388s)
step   190000/600000  eps=0.098  episodes=  210  mean_return=7044.700  mean_loss=10.33780  mean_foundation= 52.0/52  lifetime_outcomes={'won': 51, 'stalled': 4, 'truncated': 155, 'other': 0}  rss= 1659.6MB  (2392s)
  EVAL  step   190000  win_rate=0.00%  mean_return=263.590  mean_foundation=  2.2/52  mean_length=981.0  (greedy, 100 fixed deals)
step   191000/600000  eps=0.093  episodes=  212  mean_return=3853.225  mean_loss=10.80138  mean_foundation= 33.0/52  lifetime_outcomes={'won': 52, 'stalled': 4, 'truncated': 156, 'other': 0}  rss= 1659.6MB  (2497s)
step   192000/600000  eps=0.088  episodes=  213  mean_return=330.000  mean_loss=10.37466  mean_foundation=  4.0/52  lifetime_outcomes={'won': 52, 'stalled': 4, 'truncated': 157, 'other': 0}  rss= 1659.6MB  (2501s)
step   193000/600000  eps=0.083  episodes=  214  mean_return=730.000  mean_loss=10.23643  mean_foundation=  9.0/52  lifetime_outcomes={'won': 52, 'stalled': 4, 'truncated': 158, 'other': 0}  rss= 1659.6MB  (2504s)
step   194000/600000  eps=0.079  episodes=  215  mean_return=320.000  mean_loss=10.26435  mean_foundation=  3.0/52  lifetime_outcomes={'won': 52, 'stalled': 4, 'truncated': 159, 'other': 0}  rss= 1659.6MB  (2508s)
step   195000/600000  eps=0.074  episodes=  216  mean_return=870.000  mean_loss= 9.81412  mean_foundation=  3.0/52  lifetime_outcomes={'won': 52, 'stalled': 4, 'truncated': 160, 'other': 0}  rss= 1659.6MB  (2512s)
step   196000/600000  eps=0.069  episodes=  217  mean_return=1390.000  mean_loss= 9.92139  mean_foundation= 17.0/52  lifetime_outcomes={'won': 52, 'stalled': 4, 'truncated': 161, 'other': 0}  rss= 1659.6MB  (2518s)
step   197000/600000  eps=0.064  episodes=  218  mean_return=7044.490  mean_loss= 9.68300  mean_foundation= 52.0/52  lifetime_outcomes={'won': 53, 'stalled': 4, 'truncated': 161, 'other': 0}  rss= 1659.6MB  (2523s)
step   198000/600000  eps=0.059  episodes=  219  mean_return=1680.000  mean_loss= 9.73240  mean_foundation= 16.0/52  lifetime_outcomes={'won': 53, 'stalled': 4, 'truncated': 162, 'other': 0}  rss= 1659.6MB  (2529s)
step   199000/600000  eps=0.055  episodes=  220  mean_return=1020.000  mean_loss= 9.28746  mean_foundation=  8.0/52  lifetime_outcomes={'won': 53, 'stalled': 4, 'truncated': 163, 'other': 0}  rss= 1659.6MB  (2535s)
step   200000/600000  eps=0.050  episodes=  221  mean_return=290.000  mean_loss= 9.41832  mean_foundation=  7.0/52  lifetime_outcomes={'won': 53, 'stalled': 4, 'truncated': 164, 'other': 0}  rss= 1659.6MB  (2541s)
  EVAL  step   200000  win_rate=0.00%  mean_return=260.100  mean_foundation=  2.8/52  mean_length=1000.0  (greedy, 100 fixed deals)
step   201000/600000  eps=0.050  episodes=  222  mean_return=1210.000  mean_loss= 8.87809  mean_foundation= 10.0/52  lifetime_outcomes={'won': 53, 'stalled': 4, 'truncated': 165, 'other': 0}  rss= 1659.6MB  (2644s)
step   202000/600000  eps=0.050  episodes=  223  mean_return=2020.000  mean_loss= 9.24891  mean_foundation= 50.0/52  lifetime_outcomes={'won': 53, 'stalled': 4, 'truncated': 166, 'other': 0}  rss= 1659.6MB  (2649s)
step   203000/600000  eps=0.050  episodes=  224  mean_return=580.000  mean_loss= 9.26883  mean_foundation=  7.0/52  lifetime_outcomes={'won': 53, 'stalled': 4, 'truncated': 167, 'other': 0}  rss= 1659.6MB  (2653s)
step   204000/600000  eps=0.050  episodes=  225  mean_return=1010.000  mean_loss= 9.24276  mean_foundation= 13.0/52  lifetime_outcomes={'won': 53, 'stalled': 4, 'truncated': 168, 'other': 0}  rss= 1659.6MB  (2656s)
step   205000/600000  eps=0.050  episodes=  226  mean_return= 80.000  mean_loss= 8.99232  mean_foundation=  2.0/52  lifetime_outcomes={'won': 53, 'stalled': 4, 'truncated': 169, 'other': 0}  rss= 1659.6MB  (2660s)
step   206000/600000  eps=0.050  episodes=  227  mean_return=1170.000  mean_loss= 8.85338  mean_foundation=  9.0/52  lifetime_outcomes={'won': 53, 'stalled': 4, 'truncated': 170, 'other': 0}  rss= 1659.6MB  (2664s)
step   207000/600000  eps=0.050  episodes=  228  mean_return=620.000  mean_loss= 9.07389  mean_foundation= 11.0/52  lifetime_outcomes={'won': 53, 'stalled': 4, 'truncated': 171, 'other': 0}  rss= 1659.6MB  (2667s)
step   208000/600000  eps=0.050  episodes=  229  mean_return=530.000  mean_loss= 8.63244  mean_foundation=  7.0/52  lifetime_outcomes={'won': 53, 'stalled': 4, 'truncated': 172, 'other': 0}  rss= 1659.6MB  (2671s)
step   209000/600000  eps=0.050  episodes=  230  mean_return=1330.000  mean_loss= 8.26074  mean_foundation= 15.0/52  lifetime_outcomes={'won': 53, 'stalled': 4, 'truncated': 173, 'other': 0}  rss= 1659.6MB  (2675s)
step   210000/600000  eps=0.050  episodes=  231  mean_return=1140.000  mean_loss= 8.36288  mean_foundation=  8.0/52  lifetime_outcomes={'won': 53, 'stalled': 4, 'truncated': 174, 'other': 0}  rss= 1659.6MB  (2679s)
  EVAL  step   210000  win_rate=0.00%  mean_return=247.089  mean_foundation=  2.4/52  mean_length=981.1  (greedy, 100 fixed deals)
step   211000/600000  eps=0.050  episodes=  232  mean_return=630.000  mean_loss= 8.54115  mean_foundation=  6.0/52  lifetime_outcomes={'won': 53, 'stalled': 4, 'truncated': 175, 'other': 0}  rss= 1659.6MB  (2787s)
step   212000/600000  eps=0.050  episodes=  233  mean_return=1290.000  mean_loss= 7.84167  mean_foundation=  7.0/52  lifetime_outcomes={'won': 53, 'stalled': 4, 'truncated': 176, 'other': 0}  rss= 1659.6MB  (2792s)
step   213000/600000  eps=0.050  episodes=  234  mean_return=570.000  mean_loss= 8.04215  mean_foundation=  8.0/52  lifetime_outcomes={'won': 53, 'stalled': 4, 'truncated': 177, 'other': 0}  rss= 1659.6MB  (2797s)
step   214000/600000  eps=0.050  episodes=  235  mean_return=1820.000  mean_loss= 7.88821  mean_foundation= 44.0/52  lifetime_outcomes={'won': 53, 'stalled': 4, 'truncated': 178, 'other': 0}  rss= 1659.6MB  (2803s)
step   215000/600000  eps=0.050  episodes=  236  mean_return=1060.000  mean_loss= 7.88550  mean_foundation=  5.0/52  lifetime_outcomes={'won': 53, 'stalled': 4, 'truncated': 179, 'other': 0}  rss= 1659.6MB  (2809s)
step   216000/600000  eps=0.050  episodes=  237  mean_return=600.000  mean_loss= 8.00339  mean_foundation=  1.0/52  lifetime_outcomes={'won': 53, 'stalled': 4, 'truncated': 180, 'other': 0}  rss= 1659.6MB  (2815s)
step   217000/600000  eps=0.050  episodes=  238  mean_return=1400.000  mean_loss= 7.84177  mean_foundation=  5.0/52  lifetime_outcomes={'won': 53, 'stalled': 4, 'truncated': 181, 'other': 0}  rss= 1659.6MB  (2820s)
step   218000/600000  eps=0.050  episodes=  239  mean_return=320.000  mean_loss= 7.67830  mean_foundation=  1.0/52  lifetime_outcomes={'won': 53, 'stalled': 4, 'truncated': 182, 'other': 0}  rss= 1659.6MB  (2825s)
step   219000/600000  eps=0.050  episodes=  240  mean_return=7041.490  mean_loss= 7.56446  mean_foundation= 52.0/52  lifetime_outcomes={'won': 54, 'stalled': 4, 'truncated': 182, 'other': 0}  rss= 1659.6MB  (2831s)
step   220000/600000  eps=0.050  episodes=  241  mean_return=530.000  mean_loss= 7.33931  mean_foundation=  9.0/52  lifetime_outcomes={'won': 54, 'stalled': 4, 'truncated': 183, 'other': 0}  rss= 1659.6MB  (2836s)
  EVAL  step   220000  win_rate=0.00%  mean_return=273.989  mean_foundation=  2.9/52  mean_length=981.1  (greedy, 100 fixed deals)
step   221000/600000  eps=0.050  episodes=  242  mean_return=250.000  mean_loss= 7.55335  mean_foundation=  1.0/52  lifetime_outcomes={'won': 54, 'stalled': 4, 'truncated': 184, 'other': 0}  rss= 1659.6MB  (2971s)
step   222000/600000  eps=0.050  episodes=  243  mean_return=550.000  mean_loss= 7.19969  mean_foundation=  7.0/52  lifetime_outcomes={'won': 54, 'stalled': 4, 'truncated': 185, 'other': 0}  rss= 1659.6MB  (2977s)
step   223000/600000  eps=0.050  episodes=  244  mean_return=7041.800  mean_loss= 7.14134  mean_foundation= 52.0/52  lifetime_outcomes={'won': 55, 'stalled': 4, 'truncated': 185, 'other': 0}  rss= 1659.6MB  (2982s)
step   224000/600000  eps=0.050  episodes=  245  mean_return=800.000  mean_loss= 6.78475  mean_foundation=  3.0/52  lifetime_outcomes={'won': 55, 'stalled': 4, 'truncated': 186, 'other': 0}  rss= 1659.6MB  (2987s)
step   225000/600000  eps=0.050  episodes=  246  mean_return=850.000  mean_loss= 7.06070  mean_foundation=  8.0/52  lifetime_outcomes={'won': 55, 'stalled': 4, 'truncated': 187, 'other': 0}  rss= 1659.6MB  (2992s)
step   226000/600000  eps=0.050  episodes=  247  mean_return=460.000  mean_loss= 6.88053  mean_foundation=  6.0/52  lifetime_outcomes={'won': 55, 'stalled': 4, 'truncated': 188, 'other': 0}  rss= 1659.6MB  (2998s)
step   227000/600000  eps=0.050  episodes=  248  mean_return=1190.000  mean_loss= 6.56012  mean_foundation= 11.0/52  lifetime_outcomes={'won': 55, 'stalled': 4, 'truncated': 189, 'other': 0}  rss= 1659.6MB  (3003s)
step   228000/600000  eps=0.050  episodes=  249  mean_return=660.000  mean_loss= 6.44233  mean_foundation= 12.0/52  lifetime_outcomes={'won': 55, 'stalled': 4, 'truncated': 190, 'other': 0}  rss= 1659.6MB  (3008s)
step   229000/600000  eps=0.050  episodes=  250  mean_return=1200.000  mean_loss= 6.43387  mean_foundation= 12.0/52  lifetime_outcomes={'won': 55, 'stalled': 4, 'truncated': 191, 'other': 0}  rss= 1659.6MB  (3013s)
step   230000/600000  eps=0.050  episodes=  251  mean_return=880.000  mean_loss= 6.24129  mean_foundation=  6.0/52  lifetime_outcomes={'won': 55, 'stalled': 4, 'truncated': 192, 'other': 0}  rss= 1659.6MB  (3019s)
  EVAL  step   230000  win_rate=0.00%  mean_return=254.000  mean_foundation=  2.0/52  mean_length=1000.0  (greedy, 100 fixed deals)
step   231000/600000  eps=0.050  episodes=  252  mean_return=320.000  mean_loss= 6.24633  mean_foundation=  7.0/52  lifetime_outcomes={'won': 55, 'stalled': 4, 'truncated': 193, 'other': 0}  rss= 1659.6MB  (3150s)
step   232000/600000  eps=0.050  episodes=  254  mean_return=4397.245  mean_loss= 6.49207  mean_foundation= 45.0/52  lifetime_outcomes={'won': 56, 'stalled': 4, 'truncated': 194, 'other': 0}  rss= 1659.6MB  (3155s)
step   233000/600000  eps=0.050  episodes=  255  mean_return=970.000  mean_loss= 6.35186  mean_foundation=  6.0/52  lifetime_outcomes={'won': 56, 'stalled': 4, 'truncated': 195, 'other': 0}  rss= 1659.6MB  (3160s)
step   234000/600000  eps=0.050  episodes=  256  mean_return=270.000  mean_loss= 6.22270  mean_foundation=  1.0/52  lifetime_outcomes={'won': 56, 'stalled': 4, 'truncated': 196, 'other': 0}  rss= 1659.6MB  (3166s)
step   235000/600000  eps=0.050  episodes=  257  mean_return=330.000  mean_loss= 5.98413  mean_foundation=  5.0/52  lifetime_outcomes={'won': 56, 'stalled': 4, 'truncated': 197, 'other': 0}  rss= 1659.6MB  (3171s)
step   236000/600000  eps=0.050  episodes=  258  mean_return=1040.000  mean_loss= 5.95334  mean_foundation= 15.0/52  lifetime_outcomes={'won': 56, 'stalled': 4, 'truncated': 198, 'other': 0}  rss= 1659.6MB  (3176s)
step   237000/600000  eps=0.050  episodes=  259  mean_return=560.000  mean_loss= 5.97425  mean_foundation=  1.0/52  lifetime_outcomes={'won': 56, 'stalled': 4, 'truncated': 199, 'other': 0}  rss= 1659.6MB  (3182s)
step   238000/600000  eps=0.050  episodes=  260  mean_return=840.000  mean_loss= 5.90650  mean_foundation=  7.0/52  lifetime_outcomes={'won': 56, 'stalled': 4, 'truncated': 200, 'other': 0}  rss= 1659.6MB  (3187s)
step   239000/600000  eps=0.050  episodes=  261  mean_return=790.000  mean_loss= 5.78717  mean_foundation= 10.0/52  lifetime_outcomes={'won': 56, 'stalled': 4, 'truncated': 201, 'other': 0}  rss= 1659.6MB  (3192s)
step   240000/600000  eps=0.050  episodes=  262  mean_return=720.000  mean_loss= 5.63039  mean_foundation= 13.0/52  lifetime_outcomes={'won': 56, 'stalled': 4, 'truncated': 202, 'other': 0}  rss= 1659.6MB  (3197s)
  EVAL  step   240000  win_rate=0.00%  mean_return=269.300  mean_foundation=  1.6/52  mean_length=1000.0  (greedy, 100 fixed deals)
step   241000/600000  eps=0.050  episodes=  263  mean_return=420.000  mean_loss= 5.82251  mean_foundation=  7.0/52  lifetime_outcomes={'won': 56, 'stalled': 4, 'truncated': 203, 'other': 0}  rss= 1659.6MB  (3331s)
step   242000/600000  eps=0.050  episodes=  264  mean_return=1120.000  mean_loss= 5.50970  mean_foundation= 13.0/52  lifetime_outcomes={'won': 56, 'stalled': 4, 'truncated': 204, 'other': 0}  rss= 1659.6MB  (3337s)
step   243000/600000  eps=0.050  episodes=  265  mean_return=1310.000  mean_loss= 5.45657  mean_foundation=  9.0/52  lifetime_outcomes={'won': 56, 'stalled': 4, 'truncated': 205, 'other': 0}  rss= 1659.6MB  (3343s)
step   244000/600000  eps=0.050  episodes=  266  mean_return=280.000  mean_loss= 5.21088  mean_foundation=  4.0/52  lifetime_outcomes={'won': 56, 'stalled': 4, 'truncated': 206, 'other': 0}  rss= 1659.6MB  (3348s)
step   245000/600000  eps=0.050  episodes=  267  mean_return=980.000  mean_loss= 5.13168  mean_foundation= 10.0/52  lifetime_outcomes={'won': 56, 'stalled': 4, 'truncated': 207, 'other': 0}  rss= 1659.6MB  (3354s)
step   246000/600000  eps=0.050  episodes=  268  mean_return=960.000  mean_loss= 4.97673  mean_foundation=  7.0/52  lifetime_outcomes={'won': 56, 'stalled': 4, 'truncated': 208, 'other': 0}  rss= 1659.6MB  (3360s)
step   247000/600000  eps=0.050  episodes=  269  mean_return=270.000  mean_loss= 5.31760  mean_foundation=  2.0/52  lifetime_outcomes={'won': 56, 'stalled': 4, 'truncated': 209, 'other': 0}  rss= 1659.6MB  (3365s)
step   248000/600000  eps=0.050  episodes=  270  mean_return=1780.000  mean_loss= 4.94917  mean_foundation= 27.0/52  lifetime_outcomes={'won': 56, 'stalled': 4, 'truncated': 210, 'other': 0}  rss= 1659.6MB  (3371s)
step   249000/600000  eps=0.050  episodes=  271  mean_return=1090.000  mean_loss= 4.93690  mean_foundation= 12.0/52  lifetime_outcomes={'won': 56, 'stalled': 4, 'truncated': 211, 'other': 0}  rss= 1659.6MB  (3377s)
step   250000/600000  eps=0.050  episodes=  272  mean_return=840.000  mean_loss= 5.00619  mean_foundation=  5.0/52  lifetime_outcomes={'won': 56, 'stalled': 4, 'truncated': 212, 'other': 0}  rss= 1659.6MB  (3384s)
  EVAL  step   250000  win_rate=0.00%  mean_return=241.195  mean_foundation=  2.0/52  mean_length=990.5  (greedy, 100 fixed deals)
step   251000/600000  eps=0.050  episodes=  273  mean_return=770.000  mean_loss= 4.86377  mean_foundation=  5.0/52  lifetime_outcomes={'won': 56, 'stalled': 4, 'truncated': 213, 'other': 0}  rss= 1659.6MB  (3520s)
step   252000/600000  eps=0.050  episodes=  274  mean_return=1220.000  mean_loss= 4.76109  mean_foundation= 12.0/52  lifetime_outcomes={'won': 56, 'stalled': 4, 'truncated': 214, 'other': 0}  rss= 1659.6MB  (3525s)
step   253000/600000  eps=0.050  episodes=  275  mean_return=450.000  mean_loss= 4.91645  mean_foundation=  7.0/52  lifetime_outcomes={'won': 56, 'stalled': 4, 'truncated': 215, 'other': 0}  rss= 1659.6MB  (3530s)
step   254000/600000  eps=0.050  episodes=  276  mean_return=410.000  mean_loss= 4.47082  mean_foundation=  3.0/52  lifetime_outcomes={'won': 56, 'stalled': 4, 'truncated': 216, 'other': 0}  rss= 1659.6MB  (3536s)
step   255000/600000  eps=0.050  episodes=  277  mean_return=760.000  mean_loss= 4.65865  mean_foundation= 10.0/52  lifetime_outcomes={'won': 56, 'stalled': 4, 'truncated': 217, 'other': 0}  rss= 1659.6MB  (3542s)
step   256000/600000  eps=0.050  episodes=  278  mean_return=460.000  mean_loss= 4.47825  mean_foundation=  7.0/52  lifetime_outcomes={'won': 56, 'stalled': 4, 'truncated': 218, 'other': 0}  rss= 1659.6MB  (3547s)
step   257000/600000  eps=0.050  episodes=  279  mean_return=590.000  mean_loss= 4.44491  mean_foundation=  9.0/52  lifetime_outcomes={'won': 56, 'stalled': 4, 'truncated': 219, 'other': 0}  rss= 1659.6MB  (3553s)
step   258000/600000  eps=0.050  episodes=  280  mean_return=1070.000  mean_loss= 4.33562  mean_foundation= 11.0/52  lifetime_outcomes={'won': 56, 'stalled': 4, 'truncated': 220, 'other': 0}  rss= 1659.6MB  (3559s)
step   259000/600000  eps=0.050  episodes=  281  mean_return=1690.000  mean_loss= 4.10934  mean_foundation= 19.0/52  lifetime_outcomes={'won': 56, 'stalled': 4, 'truncated': 221, 'other': 0}  rss= 1659.6MB  (3564s)
step   260000/600000  eps=0.050  episodes=  282  mean_return=480.000  mean_loss= 4.14442  mean_foundation=  7.0/52  lifetime_outcomes={'won': 56, 'stalled': 4, 'truncated': 222, 'other': 0}  rss= 1659.6MB  (3570s)
  EVAL  step   260000  win_rate=0.00%  mean_return=251.095  mean_foundation=  3.1/52  mean_length=990.5  (greedy, 100 fixed deals)
step   261000/600000  eps=0.050  episodes=  283  mean_return=640.000  mean_loss= 4.23981  mean_foundation=  7.0/52  lifetime_outcomes={'won': 56, 'stalled': 4, 'truncated': 223, 'other': 0}  rss= 1659.6MB  (3705s)
step   262000/600000  eps=0.050  episodes=  284  mean_return=225.510  mean_loss= 4.01514  mean_foundation=  5.0/52  lifetime_outcomes={'won': 56, 'stalled': 5, 'truncated': 223, 'other': 0}  rss= 1659.6MB  (3711s)
step   263000/600000  eps=0.050  episodes=  285  mean_return=1300.000  mean_loss= 3.84121  mean_foundation= 13.0/52  lifetime_outcomes={'won': 56, 'stalled': 5, 'truncated': 224, 'other': 0}  rss= 1659.6MB  (3717s)
step   264000/600000  eps=0.050  episodes=  286  mean_return=1030.000  mean_loss= 3.77543  mean_foundation=  8.0/52  lifetime_outcomes={'won': 56, 'stalled': 5, 'truncated': 225, 'other': 0}  rss= 1659.6MB  (3722s)
step   265000/600000  eps=0.050  episodes=  287  mean_return=1480.000  mean_loss= 3.63467  mean_foundation= 14.0/52  lifetime_outcomes={'won': 56, 'stalled': 5, 'truncated': 226, 'other': 0}  rss= 1659.6MB  (3729s)
step   266000/600000  eps=0.050  episodes=  289  mean_return=4395.370  mean_loss= 3.68851  mean_foundation= 42.5/52  lifetime_outcomes={'won': 57, 'stalled': 5, 'truncated': 227, 'other': 0}  rss= 1659.6MB  (3735s)
step   267000/600000  eps=0.050  episodes=  290  mean_return=720.000  mean_loss= 3.72379  mean_foundation= 15.0/52  lifetime_outcomes={'won': 57, 'stalled': 5, 'truncated': 228, 'other': 0}  rss= 1659.6MB  (3741s)
step   268000/600000  eps=0.050  episodes=  291  mean_return=1160.000  mean_loss= 3.86304  mean_foundation= 10.0/52  lifetime_outcomes={'won': 57, 'stalled': 5, 'truncated': 229, 'other': 0}  rss= 1659.6MB  (3747s)
step   269000/600000  eps=0.050  episodes=  292  mean_return=1350.000  mean_loss= 3.71072  mean_foundation= 17.0/52  lifetime_outcomes={'won': 57, 'stalled': 5, 'truncated': 230, 'other': 0}  rss= 1659.6MB  (3753s)
step   270000/600000  eps=0.050  episodes=  293  mean_return=770.000  mean_loss= 3.97154  mean_foundation=  4.0/52  lifetime_outcomes={'won': 57, 'stalled': 5, 'truncated': 231, 'other': 0}  rss= 1659.6MB  (3759s)
  EVAL  step   270000  win_rate=0.00%  mean_return=276.800  mean_foundation=  2.1/52  mean_length=1000.0  (greedy, 100 fixed deals)
step   271000/600000  eps=0.050  episodes=  294  mean_return=280.000  mean_loss= 3.82459  mean_foundation=  1.0/52  lifetime_outcomes={'won': 57, 'stalled': 5, 'truncated': 232, 'other': 0}  rss= 1659.6MB  (3899s)
step   272000/600000  eps=0.050  episodes=  295  mean_return=120.000  mean_loss= 3.80090  mean_foundation=  1.0/52  lifetime_outcomes={'won': 57, 'stalled': 5, 'truncated': 233, 'other': 0}  rss= 1659.6MB  (3904s)
step   273000/600000  eps=0.050  episodes=  296  mean_return=250.000  mean_loss= 3.82970  mean_foundation=  1.0/52  lifetime_outcomes={'won': 57, 'stalled': 5, 'truncated': 234, 'other': 0}  rss= 1659.6MB  (3910s)
step   274000/600000  eps=0.050  episodes=  297  mean_return=7040.640  mean_loss= 3.97020  mean_foundation= 52.0/52  lifetime_outcomes={'won': 58, 'stalled': 5, 'truncated': 234, 'other': 0}  rss= 1659.6MB  (3916s)
step   275000/600000  eps=0.050  episodes=  298  mean_return=490.000  mean_loss= 3.95585  mean_foundation=  4.0/52  lifetime_outcomes={'won': 58, 'stalled': 5, 'truncated': 235, 'other': 0}  rss= 1659.6MB  (3921s)
step   276000/600000  eps=0.050  episodes=  299  mean_return=160.000  mean_loss= 4.00841  mean_foundation=  0.0/52  lifetime_outcomes={'won': 58, 'stalled': 5, 'truncated': 236, 'other': 0}  rss= 1659.6MB  (3927s)
step   277000/600000  eps=0.050  episodes=  300  mean_return=1060.000  mean_loss= 3.85132  mean_foundation=  9.0/52  lifetime_outcomes={'won': 58, 'stalled': 5, 'truncated': 237, 'other': 0}  rss= 1659.6MB  (3933s)
step   278000/600000  eps=0.050  episodes=  301  mean_return=890.000  mean_loss= 3.83081  mean_foundation=  3.0/52  lifetime_outcomes={'won': 58, 'stalled': 5, 'truncated': 238, 'other': 0}  rss= 1659.6MB  (3938s)
step   279000/600000  eps=0.050  episodes=  302  mean_return=830.000  mean_loss= 3.71228  mean_foundation=  5.0/52  lifetime_outcomes={'won': 58, 'stalled': 5, 'truncated': 239, 'other': 0}  rss= 1659.6MB  (3944s)
step   280000/600000  eps=0.050  episodes=  303  mean_return=420.000  mean_loss= 3.87090  mean_foundation=  4.0/52  lifetime_outcomes={'won': 58, 'stalled': 5, 'truncated': 240, 'other': 0}  rss= 1659.6MB  (3949s)
  EVAL  step   280000  win_rate=0.00%  mean_return=280.500  mean_foundation=  2.0/52  mean_length=1000.0  (greedy, 100 fixed deals)
step   281000/600000  eps=0.050  episodes=  304  mean_return=1030.000  mean_loss= 3.74433  mean_foundation=  7.0/52  lifetime_outcomes={'won': 58, 'stalled': 5, 'truncated': 241, 'other': 0}  rss= 1659.6MB  (4058s)
step   282000/600000  eps=0.050  episodes=  305  mean_return=1490.000  mean_loss= 3.91061  mean_foundation= 28.0/52  lifetime_outcomes={'won': 58, 'stalled': 5, 'truncated': 242, 'other': 0}  rss= 1659.6MB  (4061s)
step   283000/600000  eps=0.050  episodes=  306  mean_return=560.000  mean_loss= 3.98698  mean_foundation=  4.0/52  lifetime_outcomes={'won': 58, 'stalled': 5, 'truncated': 243, 'other': 0}  rss= 1659.6MB  (4065s)
step   284000/600000  eps=0.050  episodes=  307  mean_return=230.000  mean_loss= 4.00647  mean_foundation=  4.0/52  lifetime_outcomes={'won': 58, 'stalled': 5, 'truncated': 244, 'other': 0}  rss= 1659.6MB  (4069s)
step   285000/600000  eps=0.050  episodes=  308  mean_return=130.000  mean_loss= 3.81008  mean_foundation=  1.0/52  lifetime_outcomes={'won': 58, 'stalled': 5, 'truncated': 245, 'other': 0}  rss= 1659.6MB  (4073s)
step   286000/600000  eps=0.050  episodes=  309  mean_return=730.000  mean_loss= 3.72088  mean_foundation=  6.0/52  lifetime_outcomes={'won': 58, 'stalled': 5, 'truncated': 246, 'other': 0}  rss= 1659.6MB  (4078s)
step   287000/600000  eps=0.050  episodes=  310  mean_return=350.000  mean_loss= 3.70365  mean_foundation=  5.0/52  lifetime_outcomes={'won': 58, 'stalled': 5, 'truncated': 247, 'other': 0}  rss= 1659.6MB  (4083s)
step   288000/600000  eps=0.050  episodes=  311  mean_return=390.000  mean_loss= 3.79988  mean_foundation=  3.0/52  lifetime_outcomes={'won': 58, 'stalled': 5, 'truncated': 248, 'other': 0}  rss= 1659.6MB  (4086s)
step   289000/600000  eps=0.050  episodes=  312  mean_return=880.000  mean_loss= 3.70711  mean_foundation=  6.0/52  lifetime_outcomes={'won': 58, 'stalled': 5, 'truncated': 249, 'other': 0}  rss= 1659.6MB  (4089s)
step   290000/600000  eps=0.050  episodes=  313  mean_return=930.000  mean_loss= 3.71034  mean_foundation=  3.0/52  lifetime_outcomes={'won': 58, 'stalled': 5, 'truncated': 250, 'other': 0}  rss= 1659.6MB  (4092s)
  EVAL  step   290000  win_rate=0.00%  mean_return=270.800  mean_foundation=  2.3/52  mean_length=1000.0  (greedy, 100 fixed deals)
step   291000/600000  eps=0.050  episodes=  314  mean_return=530.000  mean_loss= 3.40617  mean_foundation=  2.0/52  lifetime_outcomes={'won': 58, 'stalled': 5, 'truncated': 251, 'other': 0}  rss= 1659.6MB  (4189s)
step   292000/600000  eps=0.050  episodes=  315  mean_return=280.000  mean_loss= 3.59227  mean_foundation=  2.0/52  lifetime_outcomes={'won': 58, 'stalled': 5, 'truncated': 252, 'other': 0}  rss= 1659.6MB  (4193s)
step   293000/600000  eps=0.050  episodes=  316  mean_return=1280.000  mean_loss= 3.57951  mean_foundation= 10.0/52  lifetime_outcomes={'won': 58, 'stalled': 5, 'truncated': 253, 'other': 0}  rss= 1659.6MB  (4196s)
step   294000/600000  eps=0.050  episodes=  317  mean_return=990.000  mean_loss= 3.73746  mean_foundation=  6.0/52  lifetime_outcomes={'won': 58, 'stalled': 5, 'truncated': 254, 'other': 0}  rss= 1659.6MB  (4200s)
step   295000/600000  eps=0.050  episodes=  318  mean_return=1170.000  mean_loss= 3.88148  mean_foundation=  9.0/52  lifetime_outcomes={'won': 58, 'stalled': 5, 'truncated': 255, 'other': 0}  rss= 1659.6MB  (4204s)
step   296000/600000  eps=0.050  episodes=  319  mean_return=440.000  mean_loss= 3.52031  mean_foundation=  2.0/52  lifetime_outcomes={'won': 58, 'stalled': 5, 'truncated': 256, 'other': 0}  rss= 1659.6MB  (4208s)
step   297000/600000  eps=0.050  episodes=  320  mean_return=390.000  mean_loss= 3.52888  mean_foundation=  5.0/52  lifetime_outcomes={'won': 58, 'stalled': 5, 'truncated': 257, 'other': 0}  rss= 1659.6MB  (4212s)
step   298000/600000  eps=0.050  episodes=  321  mean_return=530.000  mean_loss= 3.74778  mean_foundation=  7.0/52  lifetime_outcomes={'won': 58, 'stalled': 5, 'truncated': 258, 'other': 0}  rss= 1659.6MB  (4216s)
step   299000/600000  eps=0.050  episodes=  322  mean_return=1100.000  mean_loss= 3.49531  mean_foundation= 17.0/52  lifetime_outcomes={'won': 58, 'stalled': 5, 'truncated': 259, 'other': 0}  rss= 1659.6MB  (4219s)
step   300000/600000  eps=0.050  episodes=  323  mean_return=680.000  mean_loss= 3.55135  mean_foundation= 11.0/52  lifetime_outcomes={'won': 58, 'stalled': 5, 'truncated': 260, 'other': 0}  rss= 1659.6MB  (4222s)
  EVAL  step   300000  win_rate=0.00%  mean_return=253.300  mean_foundation=  2.1/52  mean_length=1000.0  (greedy, 100 fixed deals)
step   301000/600000  eps=0.050  episodes=  324  mean_return=1050.000  mean_loss= 3.61424  mean_foundation=  8.0/52  lifetime_outcomes={'won': 58, 'stalled': 5, 'truncated': 261, 'other': 0}  rss= 1659.6MB  (4316s)
step   302000/600000  eps=0.050  episodes=  325  mean_return=163.750  mean_loss= 3.56739  mean_foundation=  4.0/52  lifetime_outcomes={'won': 58, 'stalled': 6, 'truncated': 261, 'other': 0}  rss= 1659.6MB  (4320s)
step   303000/600000  eps=0.050  episodes=  326  mean_return=1330.000  mean_loss= 3.50380  mean_foundation= 15.0/52  lifetime_outcomes={'won': 58, 'stalled': 6, 'truncated': 262, 'other': 0}  rss= 1659.6MB  (4323s)
step   304000/600000  eps=0.050  episodes=  327  mean_return=560.000  mean_loss= 3.60043  mean_foundation=  4.0/52  lifetime_outcomes={'won': 58, 'stalled': 6, 'truncated': 263, 'other': 0}  rss= 1659.6MB  (4327s)
step   305000/600000  eps=0.050  episodes=  328  mean_return=390.000  mean_loss= 3.52681  mean_foundation=  4.0/52  lifetime_outcomes={'won': 58, 'stalled': 6, 'truncated': 264, 'other': 0}  rss= 1659.6MB  (4330s)
step   306000/600000  eps=0.050  episodes=  329  mean_return=430.000  mean_loss= 3.71757  mean_foundation=  1.0/52  lifetime_outcomes={'won': 58, 'stalled': 6, 'truncated': 265, 'other': 0}  rss= 1659.6MB  (4334s)
step   307000/600000  eps=0.050  episodes=  330  mean_return=160.000  mean_loss= 3.62124  mean_foundation=  2.0/52  lifetime_outcomes={'won': 58, 'stalled': 6, 'truncated': 266, 'other': 0}  rss= 1659.6MB  (4338s)
step   308000/600000  eps=0.050  episodes=  331  mean_return=630.000  mean_loss= 3.69543  mean_foundation=  4.0/52  lifetime_outcomes={'won': 58, 'stalled': 6, 'truncated': 267, 'other': 0}  rss= 1659.6MB  (4343s)
step   309000/600000  eps=0.050  episodes=  332  mean_return=710.000  mean_loss= 3.57025  mean_foundation=  8.0/52  lifetime_outcomes={'won': 58, 'stalled': 6, 'truncated': 268, 'other': 0}  rss= 1659.6MB  (4346s)
step   310000/600000  eps=0.050  episodes=  333  mean_return=1280.000  mean_loss= 3.66687  mean_foundation=  6.0/52  lifetime_outcomes={'won': 58, 'stalled': 6, 'truncated': 269, 'other': 0}  rss= 1659.6MB  (4350s)
  EVAL  step   310000  win_rate=0.00%  mean_return=285.400  mean_foundation=  2.4/52  mean_length=1000.0  (greedy, 100 fixed deals)
step   311000/600000  eps=0.050  episodes=  334  mean_return=1630.000  mean_loss= 3.98744  mean_foundation= 25.0/52  lifetime_outcomes={'won': 58, 'stalled': 6, 'truncated': 270, 'other': 0}  rss= 1659.6MB  (4443s)
step   312000/600000  eps=0.050  episodes=  335  mean_return=970.000  mean_loss= 3.81845  mean_foundation= 11.0/52  lifetime_outcomes={'won': 58, 'stalled': 6, 'truncated': 271, 'other': 0}  rss= 1659.6MB  (4447s)
step   313000/600000  eps=0.050  episodes=  336  mean_return=370.000  mean_loss= 3.92476  mean_foundation=  5.0/52  lifetime_outcomes={'won': 58, 'stalled': 6, 'truncated': 272, 'other': 0}  rss= 1659.6MB  (4450s)
step   314000/600000  eps=0.050  episodes=  337  mean_return=7042.380  mean_loss= 3.82141  mean_foundation= 52.0/52  lifetime_outcomes={'won': 59, 'stalled': 6, 'truncated': 272, 'other': 0}  rss= 1659.6MB  (4453s)
step   315000/600000  eps=0.050  episodes=  338  mean_return=290.000  mean_loss= 3.90154  mean_foundation=  4.0/52  lifetime_outcomes={'won': 59, 'stalled': 6, 'truncated': 273, 'other': 0}  rss= 1659.6MB  (4457s)
step   316000/600000  eps=0.050  episodes=  339  mean_return=370.000  mean_loss= 3.75822  mean_foundation=  5.0/52  lifetime_outcomes={'won': 59, 'stalled': 6, 'truncated': 274, 'other': 0}  rss= 1659.6MB  (4460s)
step   317000/600000  eps=0.050  episodes=  340  mean_return=640.000  mean_loss= 3.88000  mean_foundation=  7.0/52  lifetime_outcomes={'won': 59, 'stalled': 6, 'truncated': 275, 'other': 0}  rss= 1659.6MB  (4464s)
step   318000/600000  eps=0.050  episodes=  341  mean_return=590.000  mean_loss= 3.87224  mean_foundation=  6.0/52  lifetime_outcomes={'won': 59, 'stalled': 6, 'truncated': 276, 'other': 0}  rss= 1659.6MB  (4467s)
step   319000/600000  eps=0.050  episodes=  342  mean_return=1740.000  mean_loss= 3.71018  mean_foundation= 28.0/52  lifetime_outcomes={'won': 59, 'stalled': 6, 'truncated': 277, 'other': 0}  rss= 1659.6MB  (4471s)
step   320000/600000  eps=0.050  episodes=  343  mean_return=1040.000  mean_loss= 3.89339  mean_foundation=  8.0/52  lifetime_outcomes={'won': 59, 'stalled': 6, 'truncated': 278, 'other': 0}  rss= 1659.6MB  (4475s)
  EVAL  step   320000  win_rate=0.00%  mean_return=264.900  mean_foundation=  2.0/52  mean_length=1000.0  (greedy, 100 fixed deals)
step   321000/600000  eps=0.050  episodes=  344  mean_return= 30.000  mean_loss= 3.71922  mean_foundation=  4.0/52  lifetime_outcomes={'won': 59, 'stalled': 6, 'truncated': 279, 'other': 0}  rss= 1659.6MB  (4570s)
step   322000/600000  eps=0.050  episodes=  345  mean_return=710.000  mean_loss= 3.96073  mean_foundation=  9.0/52  lifetime_outcomes={'won': 59, 'stalled': 6, 'truncated': 280, 'other': 0}  rss= 1659.6MB  (4573s)
step   323000/600000  eps=0.050  episodes=  346  mean_return=590.000  mean_loss= 4.03325  mean_foundation=  3.0/52  lifetime_outcomes={'won': 59, 'stalled': 6, 'truncated': 281, 'other': 0}  rss= 1659.6MB  (4577s)
step   324000/600000  eps=0.050  episodes=  347  mean_return=570.000  mean_loss= 4.08922  mean_foundation=  5.0/52  lifetime_outcomes={'won': 59, 'stalled': 6, 'truncated': 282, 'other': 0}  rss= 1659.6MB  (4580s)
step   325000/600000  eps=0.050  episodes=  348  mean_return=1200.000  mean_loss= 4.34661  mean_foundation=  5.0/52  lifetime_outcomes={'won': 59, 'stalled': 6, 'truncated': 283, 'other': 0}  rss= 1659.6MB  (4583s)
step   326000/600000  eps=0.050  episodes=  349  mean_return=500.000  mean_loss= 4.40870  mean_foundation=  6.0/52  lifetime_outcomes={'won': 59, 'stalled': 6, 'truncated': 284, 'other': 0}  rss= 1659.6MB  (4586s)
step   327000/600000  eps=0.050  episodes=  350  mean_return=560.000  mean_loss= 4.51404  mean_foundation=  2.0/52  lifetime_outcomes={'won': 59, 'stalled': 6, 'truncated': 285, 'other': 0}  rss= 1659.6MB  (4590s)
step   328000/600000  eps=0.050  episodes=  351  mean_return=530.000  mean_loss= 4.39604  mean_foundation=  6.0/52  lifetime_outcomes={'won': 59, 'stalled': 6, 'truncated': 286, 'other': 0}  rss= 1659.6MB  (4594s)
step   329000/600000  eps=0.050  episodes=  352  mean_return=940.000  mean_loss= 4.47005  mean_foundation= 10.0/52  lifetime_outcomes={'won': 59, 'stalled': 6, 'truncated': 287, 'other': 0}  rss= 1659.6MB  (4598s)
step   330000/600000  eps=0.050  episodes=  353  mean_return=650.000  mean_loss= 4.70334  mean_foundation=  8.0/52  lifetime_outcomes={'won': 59, 'stalled': 6, 'truncated': 288, 'other': 0}  rss= 1659.6MB  (4601s)
  EVAL  step   330000  win_rate=0.00%  mean_return=267.100  mean_foundation=  2.0/52  mean_length=1000.0  (greedy, 100 fixed deals)
step   331000/600000  eps=0.050  episodes=  354  mean_return=1120.000  mean_loss= 4.81509  mean_foundation=  8.0/52  lifetime_outcomes={'won': 59, 'stalled': 6, 'truncated': 289, 'other': 0}  rss= 1659.6MB  (4700s)
step   332000/600000  eps=0.050  episodes=  355  mean_return=360.000  mean_loss= 4.73712  mean_foundation=  1.0/52  lifetime_outcomes={'won': 59, 'stalled': 6, 'truncated': 290, 'other': 0}  rss= 1659.6MB  (4703s)
step   333000/600000  eps=0.050  episodes=  356  mean_return=450.000  mean_loss= 4.62626  mean_foundation=  6.0/52  lifetime_outcomes={'won': 59, 'stalled': 6, 'truncated': 291, 'other': 0}  rss= 1659.6MB  (4706s)
step   334000/600000  eps=0.050  episodes=  357  mean_return=350.000  mean_loss= 5.00893  mean_foundation=  2.0/52  lifetime_outcomes={'won': 59, 'stalled': 6, 'truncated': 292, 'other': 0}  rss= 1659.6MB  (4710s)
step   335000/600000  eps=0.050  episodes=  358  mean_return=870.000  mean_loss= 5.26384  mean_foundation=  9.0/52  lifetime_outcomes={'won': 59, 'stalled': 6, 'truncated': 293, 'other': 0}  rss= 1659.6MB  (4713s)
step   336000/600000  eps=0.050  episodes=  359  mean_return=410.000  mean_loss= 5.19340  mean_foundation=  3.0/52  lifetime_outcomes={'won': 59, 'stalled': 6, 'truncated': 294, 'other': 0}  rss= 1659.6MB  (4716s)
step   337000/600000  eps=0.050  episodes=  360  mean_return=360.000  mean_loss= 5.14593  mean_foundation=  9.0/52  lifetime_outcomes={'won': 59, 'stalled': 6, 'truncated': 295, 'other': 0}  rss= 1659.6MB  (4720s)
step   338000/600000  eps=0.050  episodes=  361  mean_return=1440.000  mean_loss= 5.29371  mean_foundation= 14.0/52  lifetime_outcomes={'won': 59, 'stalled': 6, 'truncated': 296, 'other': 0}  rss= 1659.6MB  (4723s)
step   339000/600000  eps=0.050  episodes=  362  mean_return=760.000  mean_loss= 5.34492  mean_foundation=  4.0/52  lifetime_outcomes={'won': 59, 'stalled': 6, 'truncated': 297, 'other': 0}  rss= 1659.6MB  (4726s)
step   340000/600000  eps=0.050  episodes=  363  mean_return=520.000  mean_loss= 5.82930  mean_foundation=  8.0/52  lifetime_outcomes={'won': 59, 'stalled': 6, 'truncated': 298, 'other': 0}  rss= 1659.6MB  (4730s)
  EVAL  step   340000  win_rate=0.00%  mean_return=269.400  mean_foundation=  2.3/52  mean_length=1000.0  (greedy, 100 fixed deals)
step   341000/600000  eps=0.050  episodes=  364  mean_return=630.000  mean_loss= 5.89574  mean_foundation=  4.0/52  lifetime_outcomes={'won': 59, 'stalled': 6, 'truncated': 299, 'other': 0}  rss= 1659.6MB  (4827s)
step   342000/600000  eps=0.050  episodes=  365  mean_return=1090.000  mean_loss= 5.80894  mean_foundation= 19.0/52  lifetime_outcomes={'won': 59, 'stalled': 6, 'truncated': 300, 'other': 0}  rss= 1659.6MB  (4830s)
step   343000/600000  eps=0.050  episodes=  366  mean_return=500.000  mean_loss= 5.92628  mean_foundation= 11.0/52  lifetime_outcomes={'won': 59, 'stalled': 6, 'truncated': 301, 'other': 0}  rss= 1659.6MB  (4833s)
step   344000/600000  eps=0.050  episodes=  367  mean_return=750.000  mean_loss= 5.78178  mean_foundation=  7.0/52  lifetime_outcomes={'won': 59, 'stalled': 6, 'truncated': 302, 'other': 0}  rss= 1659.6MB  (4837s)
step   345000/600000  eps=0.050  episodes=  368  mean_return=490.000  mean_loss= 6.06104  mean_foundation=  1.0/52  lifetime_outcomes={'won': 59, 'stalled': 6, 'truncated': 303, 'other': 0}  rss= 1659.6MB  (4840s)
step   346000/600000  eps=0.050  episodes=  369  mean_return=1040.000  mean_loss= 6.37898  mean_foundation= 13.0/52  lifetime_outcomes={'won': 59, 'stalled': 6, 'truncated': 304, 'other': 0}  rss= 1659.6MB  (4844s)
step   347000/600000  eps=0.050  episodes=  370  mean_return=1750.000  mean_loss= 6.73226  mean_foundation= 25.0/52  lifetime_outcomes={'won': 59, 'stalled': 6, 'truncated': 305, 'other': 0}  rss= 1659.6MB  (4847s)
step   348000/600000  eps=0.050  episodes=  371  mean_return=1060.000  mean_loss= 6.76846  mean_foundation= 14.0/52  lifetime_outcomes={'won': 59, 'stalled': 6, 'truncated': 306, 'other': 0}  rss= 1659.6MB  (4850s)
step   349000/600000  eps=0.050  episodes=  372  mean_return=1360.000  mean_loss= 6.91048  mean_foundation= 15.0/52  lifetime_outcomes={'won': 59, 'stalled': 6, 'truncated': 307, 'other': 0}  rss= 1659.6MB  (4854s)
step   350000/600000  eps=0.050  episodes=  373  mean_return= 10.000  mean_loss= 6.92445  mean_foundation=  1.0/52  lifetime_outcomes={'won': 59, 'stalled': 6, 'truncated': 308, 'other': 0}  rss= 1659.6MB  (4859s)
  EVAL  step   350000  win_rate=0.00%  mean_return=232.200  mean_foundation=  2.2/52  mean_length=1000.0  (greedy, 100 fixed deals)
step   351000/600000  eps=0.050  episodes=  374  mean_return=610.000  mean_loss= 6.81164  mean_foundation= 10.0/52  lifetime_outcomes={'won': 59, 'stalled': 6, 'truncated': 309, 'other': 0}  rss= 1659.6MB  (4953s)
step   352000/600000  eps=0.050  episodes=  375  mean_return=280.000  mean_loss= 6.64023  mean_foundation=  5.0/52  lifetime_outcomes={'won': 59, 'stalled': 6, 'truncated': 310, 'other': 0}  rss= 1659.6MB  (4956s)
step   353000/600000  eps=0.050  episodes=  376  mean_return=460.000  mean_loss= 6.94559  mean_foundation=  1.0/52  lifetime_outcomes={'won': 59, 'stalled': 6, 'truncated': 311, 'other': 0}  rss= 1659.6MB  (4960s)
step   354000/600000  eps=0.050  episodes=  377  mean_return=1160.000  mean_loss= 7.19344  mean_foundation= 12.0/52  lifetime_outcomes={'won': 59, 'stalled': 6, 'truncated': 312, 'other': 0}  rss= 1659.6MB  (4963s)
step   355000/600000  eps=0.050  episodes=  378  mean_return=120.000  mean_loss= 7.36032  mean_foundation=  3.0/52  lifetime_outcomes={'won': 59, 'stalled': 6, 'truncated': 313, 'other': 0}  rss= 1659.6MB  (4966s)
step   356000/600000  eps=0.050  episodes=  379  mean_return=300.000  mean_loss= 7.39380  mean_foundation=  4.0/52  lifetime_outcomes={'won': 59, 'stalled': 6, 'truncated': 314, 'other': 0}  rss= 1659.6MB  (4970s)
step   357000/600000  eps=0.050  episodes=  380  mean_return=540.000  mean_loss= 7.71666  mean_foundation=  4.0/52  lifetime_outcomes={'won': 59, 'stalled': 6, 'truncated': 315, 'other': 0}  rss= 1659.6MB  (4974s)
step   358000/600000  eps=0.050  episodes=  381  mean_return=1830.000  mean_loss= 7.85495  mean_foundation= 41.0/52  lifetime_outcomes={'won': 59, 'stalled': 6, 'truncated': 316, 'other': 0}  rss= 1659.6MB  (4977s)
step   359000/600000  eps=0.050  episodes=  382  mean_return=180.000  mean_loss= 7.64777  mean_foundation=  1.0/52  lifetime_outcomes={'won': 59, 'stalled': 6, 'truncated': 317, 'other': 0}  rss= 1659.6MB  (4982s)
step   360000/600000  eps=0.050  episodes=  383  mean_return=1100.000  mean_loss= 7.58540  mean_foundation=  7.0/52  lifetime_outcomes={'won': 59, 'stalled': 6, 'truncated': 318, 'other': 0}  rss= 1659.6MB  (4986s)
  EVAL  step   360000  win_rate=0.00%  mean_return=238.400  mean_foundation=  2.5/52  mean_length=1000.0  (greedy, 100 fixed deals)
step   361000/600000  eps=0.050  episodes=  384  mean_return=350.000  mean_loss= 7.99192  mean_foundation=  4.0/52  lifetime_outcomes={'won': 59, 'stalled': 6, 'truncated': 319, 'other': 0}  rss= 1660.0MB  (5081s)
step   362000/600000  eps=0.050  episodes=  385  mean_return=1060.000  mean_loss= 7.73562  mean_foundation=  8.0/52  lifetime_outcomes={'won': 59, 'stalled': 6, 'truncated': 320, 'other': 0}  rss= 1660.0MB  (5084s)
step   363000/600000  eps=0.050  episodes=  386  mean_return=680.000  mean_loss= 7.77632  mean_foundation=  8.0/52  lifetime_outcomes={'won': 59, 'stalled': 6, 'truncated': 321, 'other': 0}  rss= 1660.0MB  (5087s)
step   364000/600000  eps=0.050  episodes=  387  mean_return=840.000  mean_loss= 8.15973  mean_foundation= 10.0/52  lifetime_outcomes={'won': 59, 'stalled': 6, 'truncated': 322, 'other': 0}  rss= 1660.0MB  (5091s)
step   365000/600000  eps=0.050  episodes=  388  mean_return=350.000  mean_loss= 7.88637  mean_foundation=  3.0/52  lifetime_outcomes={'won': 59, 'stalled': 6, 'truncated': 323, 'other': 0}  rss= 1660.0MB  (5094s)
step   366000/600000  eps=0.050  episodes=  389  mean_return=100.000  mean_loss= 7.36547  mean_foundation=  3.0/52  lifetime_outcomes={'won': 59, 'stalled': 6, 'truncated': 324, 'other': 0}  rss= 1660.0MB  (5098s)
step   367000/600000  eps=0.050  episodes=  390  mean_return=430.000  mean_loss= 7.39762  mean_foundation=  6.0/52  lifetime_outcomes={'won': 59, 'stalled': 6, 'truncated': 325, 'other': 0}  rss= 1660.0MB  (5101s)
step   368000/600000  eps=0.050  episodes=  391  mean_return=970.000  mean_loss= 7.46546  mean_foundation= 14.0/52  lifetime_outcomes={'won': 59, 'stalled': 6, 'truncated': 326, 'other': 0}  rss= 1660.0MB  (5105s)
step   369000/600000  eps=0.050  episodes=  392  mean_return=260.000  mean_loss= 7.66257  mean_foundation=  1.0/52  lifetime_outcomes={'won': 59, 'stalled': 6, 'truncated': 327, 'other': 0}  rss= 1660.0MB  (5108s)
step   370000/600000  eps=0.050  episodes=  393  mean_return=310.000  mean_loss= 7.47510  mean_foundation=  3.0/52  lifetime_outcomes={'won': 59, 'stalled': 6, 'truncated': 328, 'other': 0}  rss= 1660.0MB  (5112s)
  EVAL  step   370000  win_rate=0.00%  mean_return=244.600  mean_foundation=  2.6/52  mean_length=1000.0  (greedy, 100 fixed deals)
step   371000/600000  eps=0.050  episodes=  394  mean_return=440.000  mean_loss= 7.69000  mean_foundation=  2.0/52  lifetime_outcomes={'won': 59, 'stalled': 6, 'truncated': 329, 'other': 0}  rss= 1660.0MB  (5206s)
step   372000/600000  eps=0.050  episodes=  395  mean_return=150.000  mean_loss= 7.96323  mean_foundation=  1.0/52  lifetime_outcomes={'won': 59, 'stalled': 6, 'truncated': 330, 'other': 0}  rss= 1660.0MB  (5210s)
step   373000/600000  eps=0.050  episodes=  396  mean_return=640.000  mean_loss= 7.96690  mean_foundation= 13.0/52  lifetime_outcomes={'won': 59, 'stalled': 6, 'truncated': 331, 'other': 0}  rss= 1660.0MB  (5213s)
step   374000/600000  eps=0.050  episodes=  397  mean_return=600.000  mean_loss= 7.87009  mean_foundation=  8.0/52  lifetime_outcomes={'won': 59, 'stalled': 6, 'truncated': 332, 'other': 0}  rss= 1660.0MB  (5217s)
step   375000/600000  eps=0.050  episodes=  398  mean_return=660.000  mean_loss= 7.74298  mean_foundation=  4.0/52  lifetime_outcomes={'won': 59, 'stalled': 6, 'truncated': 333, 'other': 0}  rss= 1660.0MB  (5220s)
step   376000/600000  eps=0.050  episodes=  399  mean_return=1460.000  mean_loss= 8.15159  mean_foundation= 22.0/52  lifetime_outcomes={'won': 59, 'stalled': 6, 'truncated': 334, 'other': 0}  rss= 1660.0MB  (5223s)
step   377000/600000  eps=0.050  episodes=  400  mean_return=390.000  mean_loss= 7.97690  mean_foundation=  4.0/52  lifetime_outcomes={'won': 59, 'stalled': 6, 'truncated': 335, 'other': 0}  rss= 1660.0MB  (5226s)
step   378000/600000  eps=0.050  episodes=  401  mean_return=850.000  mean_loss= 8.76583  mean_foundation=  5.0/52  lifetime_outcomes={'won': 59, 'stalled': 6, 'truncated': 336, 'other': 0}  rss= 1660.0MB  (5230s)
step   379000/600000  eps=0.050  episodes=  402  mean_return=900.000  mean_loss= 8.21942  mean_foundation= 12.0/52  lifetime_outcomes={'won': 59, 'stalled': 6, 'truncated': 337, 'other': 0}  rss= 1660.0MB  (5233s)
step   380000/600000  eps=0.050  episodes=  403  mean_return=630.000  mean_loss= 7.99183  mean_foundation=  9.0/52  lifetime_outcomes={'won': 59, 'stalled': 6, 'truncated': 338, 'other': 0}  rss= 1660.0MB  (5236s)
  EVAL  step   380000  win_rate=0.00%  mean_return=237.900  mean_foundation=  2.0/52  mean_length=1000.0  (greedy, 100 fixed deals)
step   381000/600000  eps=0.050  episodes=  404  mean_return=570.000  mean_loss= 8.09660  mean_foundation=  3.0/52  lifetime_outcomes={'won': 59, 'stalled': 6, 'truncated': 339, 'other': 0}  rss= 1660.0MB  (5328s)
step   382000/600000  eps=0.050  episodes=  405  mean_return=140.000  mean_loss= 7.68985  mean_foundation=  4.0/52  lifetime_outcomes={'won': 59, 'stalled': 6, 'truncated': 340, 'other': 0}  rss= 1660.0MB  (5332s)
step   383000/600000  eps=0.050  episodes=  406  mean_return=1150.000  mean_loss= 7.59851  mean_foundation= 14.0/52  lifetime_outcomes={'won': 59, 'stalled': 6, 'truncated': 341, 'other': 0}  rss= 1660.0MB  (5335s)
step   384000/600000  eps=0.050  episodes=  407  mean_return=540.000  mean_loss= 7.88561  mean_foundation=  5.0/52  lifetime_outcomes={'won': 59, 'stalled': 6, 'truncated': 342, 'other': 0}  rss= 1660.0MB  (5338s)
step   385000/600000  eps=0.050  episodes=  408  mean_return=600.000  mean_loss= 8.14013  mean_foundation=  6.0/52  lifetime_outcomes={'won': 59, 'stalled': 6, 'truncated': 343, 'other': 0}  rss= 1660.0MB  (5342s)
step   386000/600000  eps=0.050  episodes=  409  mean_return=520.000  mean_loss= 7.81868  mean_foundation=  4.0/52  lifetime_outcomes={'won': 59, 'stalled': 6, 'truncated': 344, 'other': 0}  rss= 1660.0MB  (5345s)
step   387000/600000  eps=0.050  episodes=  410  mean_return=370.000  mean_loss= 8.17388  mean_foundation= 13.0/52  lifetime_outcomes={'won': 59, 'stalled': 6, 'truncated': 345, 'other': 0}  rss= 1660.0MB  (5348s)
step   388000/600000  eps=0.050  episodes=  411  mean_return=410.000  mean_loss= 8.46846  mean_foundation=  7.0/52  lifetime_outcomes={'won': 59, 'stalled': 6, 'truncated': 346, 'other': 0}  rss= 1660.0MB  (5351s)
step   389000/600000  eps=0.050  episodes=  412  mean_return=290.000  mean_loss= 8.77306  mean_foundation=  3.0/52  lifetime_outcomes={'won': 59, 'stalled': 6, 'truncated': 347, 'other': 0}  rss= 1660.0MB  (5354s)
step   390000/600000  eps=0.050  episodes=  413  mean_return=830.000  mean_loss= 8.62208  mean_foundation=  3.0/52  lifetime_outcomes={'won': 59, 'stalled': 6, 'truncated': 348, 'other': 0}  rss= 1660.0MB  (5358s)
  EVAL  step   390000  win_rate=0.00%  mean_return=263.000  mean_foundation=  2.2/52  mean_length=1000.0  (greedy, 100 fixed deals)
step   391000/600000  eps=0.050  episodes=  414  mean_return=420.000  mean_loss= 8.83912  mean_foundation=  6.0/52  lifetime_outcomes={'won': 59, 'stalled': 6, 'truncated': 349, 'other': 0}  rss= 1660.0MB  (5450s)
step   392000/600000  eps=0.050  episodes=  415  mean_return=1540.000  mean_loss= 9.36078  mean_foundation= 17.0/52  lifetime_outcomes={'won': 59, 'stalled': 6, 'truncated': 350, 'other': 0}  rss= 1660.0MB  (5454s)
step   393000/600000  eps=0.050  episodes=  416  mean_return=950.000  mean_loss= 9.37046  mean_foundation= 12.0/52  lifetime_outcomes={'won': 59, 'stalled': 6, 'truncated': 351, 'other': 0}  rss= 1660.0MB  (5457s)
step   394000/600000  eps=0.050  episodes=  417  mean_return=210.000  mean_loss= 9.22310  mean_foundation=  1.0/52  lifetime_outcomes={'won': 59, 'stalled': 6, 'truncated': 352, 'other': 0}  rss= 1660.0MB  (5460s)
step   395000/600000  eps=0.050  episodes=  418  mean_return=580.000  mean_loss= 8.60171  mean_foundation=  5.0/52  lifetime_outcomes={'won': 59, 'stalled': 6, 'truncated': 353, 'other': 0}  rss= 1660.0MB  (5463s)
step   396000/600000  eps=0.050  episodes=  419  mean_return=590.000  mean_loss= 8.55670  mean_foundation=  4.0/52  lifetime_outcomes={'won': 59, 'stalled': 6, 'truncated': 354, 'other': 0}  rss= 1660.0MB  (5467s)
step   397000/600000  eps=0.050  episodes=  420  mean_return=540.000  mean_loss= 8.97265  mean_foundation=  2.0/52  lifetime_outcomes={'won': 59, 'stalled': 6, 'truncated': 355, 'other': 0}  rss= 1660.0MB  (5470s)
step   398000/600000  eps=0.050  episodes=  421  mean_return=880.000  mean_loss= 8.87427  mean_foundation= 10.0/52  lifetime_outcomes={'won': 59, 'stalled': 6, 'truncated': 356, 'other': 0}  rss= 1660.0MB  (5473s)
step   399000/600000  eps=0.050  episodes=  422  mean_return=430.000  mean_loss= 8.68433  mean_foundation=  2.0/52  lifetime_outcomes={'won': 59, 'stalled': 6, 'truncated': 357, 'other': 0}  rss= 1660.0MB  (5477s)
step   400000/600000  eps=0.400  episodes=  423  mean_return=340.000  mean_loss= 8.82468  mean_foundation=  4.0/52  lifetime_outcomes={'won': 59, 'stalled': 6, 'truncated': 358, 'other': 0}  rss= 1660.0MB  (5480s)
  EVAL  step   400000  win_rate=0.00%  mean_return=218.584  mean_foundation=  2.6/52  mean_length=971.6  (greedy, 100 fixed deals)
step   401000/600000  eps=0.393  episodes=  424  mean_return=700.000  mean_loss= 8.81421  mean_foundation=  3.0/52  lifetime_outcomes={'won': 59, 'stalled': 6, 'truncated': 359, 'other': 0}  rss= 1660.0MB  (5569s)
step   402000/600000  eps=0.386  episodes=  425  mean_return=580.000  mean_loss= 9.13723  mean_foundation=  6.0/52  lifetime_outcomes={'won': 59, 'stalled': 6, 'truncated': 360, 'other': 0}  rss= 1660.0MB  (5572s)
step   403000/600000  eps=0.379  episodes=  427  mean_return=4461.755  mean_loss=10.46599  mean_foundation= 43.5/52  lifetime_outcomes={'won': 60, 'stalled': 6, 'truncated': 361, 'other': 0}  rss= 1660.0MB  (5575s)
step   404000/600000  eps=0.372  episodes=  428  mean_return=1180.000  mean_loss=10.82016  mean_foundation=  9.0/52  lifetime_outcomes={'won': 60, 'stalled': 6, 'truncated': 362, 'other': 0}  rss= 1660.0MB  (5578s)
step   405000/600000  eps=0.365  episodes=  429  mean_return=1060.000  mean_loss=10.88661  mean_foundation= 10.0/52  lifetime_outcomes={'won': 60, 'stalled': 6, 'truncated': 363, 'other': 0}  rss= 1660.0MB  (5582s)
step   406000/600000  eps=0.358  episodes=  430  mean_return=850.000  mean_loss=11.08638  mean_foundation= 14.0/52  lifetime_outcomes={'won': 60, 'stalled': 6, 'truncated': 364, 'other': 0}  rss= 1660.0MB  (5585s)
step   407000/600000  eps=0.351  episodes=  431  mean_return=2020.000  mean_loss=11.30530  mean_foundation= 43.0/52  lifetime_outcomes={'won': 60, 'stalled': 6, 'truncated': 365, 'other': 0}  rss= 1660.0MB  (5588s)
step   408000/600000  eps=0.344  episodes=  432  mean_return=540.000  mean_loss=11.58552  mean_foundation=  2.0/52  lifetime_outcomes={'won': 60, 'stalled': 6, 'truncated': 366, 'other': 0}  rss= 1660.0MB  (5591s)
step   409000/600000  eps=0.337  episodes=  433  mean_return=940.000  mean_loss=11.00331  mean_foundation=  2.0/52  lifetime_outcomes={'won': 60, 'stalled': 6, 'truncated': 367, 'other': 0}  rss= 1660.0MB  (5594s)
step   410000/600000  eps=0.330  episodes=  434  mean_return=1960.000  mean_loss=11.33724  mean_foundation= 44.0/52  lifetime_outcomes={'won': 60, 'stalled': 6, 'truncated': 368, 'other': 0}  rss= 1660.0MB  (5597s)
  EVAL  step   410000  win_rate=0.00%  mean_return=244.500  mean_foundation=  2.7/52  mean_length=1000.0  (greedy, 100 fixed deals)
step   411000/600000  eps=0.323  episodes=  435  mean_return=7040.980  mean_loss=10.60436  mean_foundation= 52.0/52  lifetime_outcomes={'won': 61, 'stalled': 6, 'truncated': 368, 'other': 0}  rss= 1660.0MB  (5690s)
step   412000/600000  eps=0.316  episodes=  436  mean_return=770.000  mean_loss=11.11866  mean_foundation=  6.0/52  lifetime_outcomes={'won': 61, 'stalled': 6, 'truncated': 369, 'other': 0}  rss= 1660.0MB  (5693s)
step   413000/600000  eps=0.309  episodes=  437  mean_return=380.000  mean_loss=10.44169  mean_foundation=  4.0/52  lifetime_outcomes={'won': 61, 'stalled': 6, 'truncated': 370, 'other': 0}  rss= 1660.0MB  (5696s)
step   414000/600000  eps=0.302  episodes=  438  mean_return=7043.980  mean_loss=10.25129  mean_foundation= 52.0/52  lifetime_outcomes={'won': 62, 'stalled': 6, 'truncated': 370, 'other': 0}  rss= 1660.0MB  (5699s)
step   415000/600000  eps=0.295  episodes=  440  mean_return=7042.390  mean_loss=10.77533  mean_foundation= 52.0/52  lifetime_outcomes={'won': 64, 'stalled': 6, 'truncated': 370, 'other': 0}  rss= 1660.0MB  (5703s)
step   416000/600000  eps=0.288  episodes=  441  mean_return=7004.260  mean_loss=10.82230  mean_foundation= 52.0/52  lifetime_outcomes={'won': 65, 'stalled': 6, 'truncated': 370, 'other': 0}  rss= 1660.0MB  (5706s)
step   417000/600000  eps=0.281  episodes=  443  mean_return=7042.800  mean_loss=10.53772  mean_foundation= 52.0/52  lifetime_outcomes={'won': 67, 'stalled': 6, 'truncated': 370, 'other': 0}  rss= 1660.0MB  (5709s)
step   418000/600000  eps=0.274  episodes=  444  mean_return=7043.230  mean_loss=11.92178  mean_foundation= 52.0/52  lifetime_outcomes={'won': 68, 'stalled': 6, 'truncated': 370, 'other': 0}  rss= 1660.0MB  (5712s)
step   419000/600000  eps=0.267  episodes=  445  mean_return=1360.000  mean_loss=11.54778  mean_foundation= 22.0/52  lifetime_outcomes={'won': 68, 'stalled': 6, 'truncated': 371, 'other': 0}  rss= 1660.0MB  (5715s)
step   420000/600000  eps=0.260  episodes=  446  mean_return=1680.000  mean_loss=11.59356  mean_foundation= 28.0/52  lifetime_outcomes={'won': 68, 'stalled': 6, 'truncated': 372, 'other': 0}  rss= 1660.0MB  (5718s)
  EVAL  step   420000  win_rate=0.00%  mean_return=237.100  mean_foundation=  2.2/52  mean_length=1000.0  (greedy, 100 fixed deals)
step   421000/600000  eps=0.253  episodes=  447  mean_return=7041.820  mean_loss=11.67017  mean_foundation= 52.0/52  lifetime_outcomes={'won': 69, 'stalled': 6, 'truncated': 372, 'other': 0}  rss= 1660.0MB  (5810s)
step   422000/600000  eps=0.246  episodes=  448  mean_return=1890.000  mean_loss=11.45532  mean_foundation= 35.0/52  lifetime_outcomes={'won': 69, 'stalled': 6, 'truncated': 373, 'other': 0}  rss= 1660.0MB  (5813s)
step   423000/600000  eps=0.239  episodes=  450  mean_return=7042.265  mean_loss=12.19712  mean_foundation= 52.0/52  lifetime_outcomes={'won': 71, 'stalled': 6, 'truncated': 373, 'other': 0}  rss= 1660.0MB  (5816s)
step   424000/600000  eps=0.232  episodes=  451  mean_return=7042.020  mean_loss=11.77926  mean_foundation= 52.0/52  lifetime_outcomes={'won': 72, 'stalled': 6, 'truncated': 373, 'other': 0}  rss= 1660.0MB  (5819s)
step   425000/600000  eps=0.225  episodes=  452  mean_return=220.000  mean_loss=11.48894  mean_foundation=  2.0/52  lifetime_outcomes={'won': 72, 'stalled': 6, 'truncated': 374, 'other': 0}  rss= 1660.0MB  (5822s)
step   426000/600000  eps=0.218  episodes=  453  mean_return=270.000  mean_loss=10.27059  mean_foundation=  5.0/52  lifetime_outcomes={'won': 72, 'stalled': 6, 'truncated': 375, 'other': 0}  rss= 1660.0MB  (5826s)
step   427000/600000  eps=0.211  episodes=  455  mean_return=7044.565  mean_loss=11.02926  mean_foundation= 52.0/52  lifetime_outcomes={'won': 74, 'stalled': 6, 'truncated': 375, 'other': 0}  rss= 1660.0MB  (5829s)
step   428000/600000  eps=0.204  episodes=  456  mean_return=1100.000  mean_loss=11.50108  mean_foundation= 22.0/52  lifetime_outcomes={'won': 74, 'stalled': 6, 'truncated': 376, 'other': 0}  rss= 1660.0MB  (5832s)
step   429000/600000  eps=0.197  episodes=  457  mean_return=280.000  mean_loss=11.43925  mean_foundation=  2.0/52  lifetime_outcomes={'won': 74, 'stalled': 6, 'truncated': 377, 'other': 0}  rss= 1660.0MB  (5835s)
step   430000/600000  eps=0.190  episodes=  458  mean_return=7040.090  mean_loss=10.64466  mean_foundation= 52.0/52  lifetime_outcomes={'won': 75, 'stalled': 6, 'truncated': 377, 'other': 0}  rss= 1660.0MB  (5838s)
  EVAL  step   430000  win_rate=0.00%  mean_return=282.600  mean_foundation=  2.4/52  mean_length=1000.0  (greedy, 100 fixed deals)
step   431000/600000  eps=0.183  episodes=  459  mean_return=950.000  mean_loss=10.24991  mean_foundation= 10.0/52  lifetime_outcomes={'won': 75, 'stalled': 6, 'truncated': 378, 'other': 0}  rss= 1660.0MB  (5931s)
step   432000/600000  eps=0.176  episodes=  460  mean_return=410.000  mean_loss=10.26950  mean_foundation=  6.0/52  lifetime_outcomes={'won': 75, 'stalled': 6, 'truncated': 379, 'other': 0}  rss= 1660.0MB  (5934s)
step   433000/600000  eps=0.169  episodes=  461  mean_return=810.000  mean_loss=10.44419  mean_foundation=  7.0/52  lifetime_outcomes={'won': 75, 'stalled': 6, 'truncated': 380, 'other': 0}  rss= 1660.0MB  (5938s)
step   434000/600000  eps=0.162  episodes=  462  mean_return=1400.000  mean_loss=10.46438  mean_foundation= 12.0/52  lifetime_outcomes={'won': 75, 'stalled': 6, 'truncated': 381, 'other': 0}  rss= 1660.0MB  (5941s)
step   435000/600000  eps=0.155  episodes=  463  mean_return=940.000  mean_loss=10.16543  mean_foundation= 10.0/52  lifetime_outcomes={'won': 75, 'stalled': 6, 'truncated': 382, 'other': 0}  rss= 1660.0MB  (5944s)
step   436000/600000  eps=0.148  episodes=  464  mean_return=550.000  mean_loss= 9.80166  mean_foundation=  4.0/52  lifetime_outcomes={'won': 75, 'stalled': 6, 'truncated': 383, 'other': 0}  rss= 1660.0MB  (5947s)
step   437000/600000  eps=0.141  episodes=  465  mean_return=710.000  mean_loss= 9.80365  mean_foundation=  0.0/52  lifetime_outcomes={'won': 75, 'stalled': 6, 'truncated': 384, 'other': 0}  rss= 1660.0MB  (5951s)
step   438000/600000  eps=0.134  episodes=  466  mean_return=720.000  mean_loss= 9.37468  mean_foundation=  7.0/52  lifetime_outcomes={'won': 75, 'stalled': 6, 'truncated': 385, 'other': 0}  rss= 1660.0MB  (5954s)
step   439000/600000  eps=0.127  episodes=  467  mean_return=840.000  mean_loss= 9.18993  mean_foundation=  8.0/52  lifetime_outcomes={'won': 75, 'stalled': 6, 'truncated': 386, 'other': 0}  rss= 1660.0MB  (5957s)
step   440000/600000  eps=0.120  episodes=  468  mean_return=1490.000  mean_loss= 8.74330  mean_foundation= 19.0/52  lifetime_outcomes={'won': 75, 'stalled': 6, 'truncated': 387, 'other': 0}  rss= 1660.0MB  (5960s)
  EVAL  step   440000  win_rate=0.00%  mean_return=240.700  mean_foundation=  2.1/52  mean_length=1000.0  (greedy, 100 fixed deals)
step   441000/600000  eps=0.113  episodes=  469  mean_return=550.000  mean_loss= 8.88597  mean_foundation=  8.0/52  lifetime_outcomes={'won': 75, 'stalled': 6, 'truncated': 388, 'other': 0}  rss= 1660.0MB  (6054s)
step   442000/600000  eps=0.106  episodes=  470  mean_return=1120.000  mean_loss= 9.62992  mean_foundation= 10.0/52  lifetime_outcomes={'won': 75, 'stalled': 6, 'truncated': 389, 'other': 0}  rss= 1660.0MB  (6057s)
step   443000/600000  eps=0.099  episodes=  471  mean_return=1450.000  mean_loss= 8.61975  mean_foundation= 22.0/52  lifetime_outcomes={'won': 75, 'stalled': 6, 'truncated': 390, 'other': 0}  rss= 1660.0MB  (6061s)
step   444000/600000  eps=0.092  episodes=  472  mean_return=960.000  mean_loss= 8.97470  mean_foundation=  6.0/52  lifetime_outcomes={'won': 75, 'stalled': 6, 'truncated': 391, 'other': 0}  rss= 1660.0MB  (6064s)
step   445000/600000  eps=0.085  episodes=  473  mean_return=930.000  mean_loss= 9.07336  mean_foundation=  8.0/52  lifetime_outcomes={'won': 75, 'stalled': 6, 'truncated': 392, 'other': 0}  rss= 1660.0MB  (6067s)
step   446000/600000  eps=0.078  episodes=  474  mean_return=1010.000  mean_loss= 8.64312  mean_foundation= 12.0/52  lifetime_outcomes={'won': 75, 'stalled': 6, 'truncated': 393, 'other': 0}  rss= 1660.0MB  (6070s)
step   447000/600000  eps=0.071  episodes=  475  mean_return=590.000  mean_loss= 8.42183  mean_foundation=  9.0/52  lifetime_outcomes={'won': 75, 'stalled': 6, 'truncated': 394, 'other': 0}  rss= 1660.0MB  (6073s)
step   448000/600000  eps=0.064  episodes=  476  mean_return=690.000  mean_loss= 8.53809  mean_foundation=  7.0/52  lifetime_outcomes={'won': 75, 'stalled': 6, 'truncated': 395, 'other': 0}  rss= 1660.0MB  (6076s)
step   449000/600000  eps=0.057  episodes=  477  mean_return=550.000  mean_loss= 7.99685  mean_foundation= 10.0/52  lifetime_outcomes={'won': 75, 'stalled': 6, 'truncated': 396, 'other': 0}  rss= 1660.0MB  (6080s)
step   450000/600000  eps=0.050  episodes=  478  mean_return=1530.000  mean_loss= 7.99427  mean_foundation= 15.0/52  lifetime_outcomes={'won': 75, 'stalled': 6, 'truncated': 397, 'other': 0}  rss= 1660.0MB  (6083s)
  EVAL  step   450000  win_rate=0.00%  mean_return=268.800  mean_foundation=  2.4/52  mean_length=1000.0  (greedy, 100 fixed deals)
step   451000/600000  eps=0.050  episodes=  479  mean_return=1610.000  mean_loss= 7.59252  mean_foundation= 20.0/52  lifetime_outcomes={'won': 75, 'stalled': 6, 'truncated': 398, 'other': 0}  rss= 1660.0MB  (6177s)
step   452000/600000  eps=0.050  episodes=  480  mean_return=530.000  mean_loss= 7.38529  mean_foundation=  8.0/52  lifetime_outcomes={'won': 75, 'stalled': 6, 'truncated': 399, 'other': 0}  rss= 1660.0MB  (6180s)
step   453000/600000  eps=0.050  episodes=  481  mean_return=340.000  mean_loss= 7.59589  mean_foundation=  3.0/52  lifetime_outcomes={'won': 75, 'stalled': 6, 'truncated': 400, 'other': 0}  rss= 1660.0MB  (6183s)
step   454000/600000  eps=0.050  episodes=  482  mean_return=180.000  mean_loss= 7.50914  mean_foundation=  5.0/52  lifetime_outcomes={'won': 75, 'stalled': 6, 'truncated': 401, 'other': 0}  rss= 1660.0MB  (6187s)
step   455000/600000  eps=0.050  episodes=  483  mean_return=220.000  mean_loss= 7.26590  mean_foundation=  3.0/52  lifetime_outcomes={'won': 75, 'stalled': 6, 'truncated': 402, 'other': 0}  rss= 1660.0MB  (6190s)
step   456000/600000  eps=0.050  episodes=  484  mean_return=450.000  mean_loss= 7.14229  mean_foundation= 10.0/52  lifetime_outcomes={'won': 75, 'stalled': 6, 'truncated': 403, 'other': 0}  rss= 1660.0MB  (6193s)
step   457000/600000  eps=0.050  episodes=  485  mean_return=870.000  mean_loss= 6.95249  mean_foundation=  8.0/52  lifetime_outcomes={'won': 75, 'stalled': 6, 'truncated': 404, 'other': 0}  rss= 1660.0MB  (6196s)
step   458000/600000  eps=0.050  episodes=  486  mean_return=870.000  mean_loss= 6.90336  mean_foundation= 10.0/52  lifetime_outcomes={'won': 75, 'stalled': 6, 'truncated': 405, 'other': 0}  rss= 1660.0MB  (6200s)
step   459000/600000  eps=0.050  episodes=  487  mean_return=1270.000  mean_loss= 6.59734  mean_foundation= 13.0/52  lifetime_outcomes={'won': 75, 'stalled': 6, 'truncated': 406, 'other': 0}  rss= 1660.0MB  (6203s)
step   460000/600000  eps=0.050  episodes=  488  mean_return=460.000  mean_loss= 6.75611  mean_foundation=  4.0/52  lifetime_outcomes={'won': 75, 'stalled': 6, 'truncated': 407, 'other': 0}  rss= 1660.0MB  (6206s)
  EVAL  step   460000  win_rate=0.00%  mean_return=211.800  mean_foundation=  2.0/52  mean_length=1000.0  (greedy, 100 fixed deals)
step   461000/600000  eps=0.050  episodes=  489  mean_return=490.000  mean_loss= 6.47487  mean_foundation=  3.0/52  lifetime_outcomes={'won': 75, 'stalled': 6, 'truncated': 408, 'other': 0}  rss= 1665.5MB  (6302s)
step   462000/600000  eps=0.050  episodes=  490  mean_return=1960.000  mean_loss= 6.01579  mean_foundation= 44.0/52  lifetime_outcomes={'won': 75, 'stalled': 6, 'truncated': 409, 'other': 0}  rss= 1665.5MB  (6306s)
step   463000/600000  eps=0.050  episodes=  491  mean_return=480.000  mean_loss= 6.24847  mean_foundation=  4.0/52  lifetime_outcomes={'won': 75, 'stalled': 6, 'truncated': 410, 'other': 0}  rss= 1665.5MB  (6309s)
step   464000/600000  eps=0.050  episodes=  492  mean_return=400.000  mean_loss= 6.03668  mean_foundation=  2.0/52  lifetime_outcomes={'won': 75, 'stalled': 6, 'truncated': 411, 'other': 0}  rss= 1665.5MB  (6312s)
step   465000/600000  eps=0.050  episodes=  493  mean_return=700.000  mean_loss= 5.88153  mean_foundation=  7.0/52  lifetime_outcomes={'won': 75, 'stalled': 6, 'truncated': 412, 'other': 0}  rss= 1665.5MB  (6316s)
step   466000/600000  eps=0.050  episodes=  494  mean_return=500.000  mean_loss= 5.69990  mean_foundation=  3.0/52  lifetime_outcomes={'won': 75, 'stalled': 6, 'truncated': 413, 'other': 0}  rss= 1665.5MB  (6319s)
step   467000/600000  eps=0.050  episodes=  495  mean_return=970.000  mean_loss= 5.81340  mean_foundation=  7.0/52  lifetime_outcomes={'won': 75, 'stalled': 6, 'truncated': 414, 'other': 0}  rss= 1665.5MB  (6322s)
step   468000/600000  eps=0.050  episodes=  496  mean_return=1420.000  mean_loss= 5.64085  mean_foundation= 20.0/52  lifetime_outcomes={'won': 75, 'stalled': 6, 'truncated': 415, 'other': 0}  rss= 1665.5MB  (6325s)
step   469000/600000  eps=0.050  episodes=  497  mean_return=370.000  mean_loss= 5.63672  mean_foundation=  8.0/52  lifetime_outcomes={'won': 75, 'stalled': 6, 'truncated': 416, 'other': 0}  rss= 1665.5MB  (6329s)
step   470000/600000  eps=0.050  episodes=  498  mean_return=1920.000  mean_loss= 5.30788  mean_foundation= 38.0/52  lifetime_outcomes={'won': 75, 'stalled': 6, 'truncated': 417, 'other': 0}  rss= 1665.5MB  (6332s)
  EVAL  step   470000  win_rate=0.00%  mean_return=238.600  mean_foundation=  2.8/52  mean_length=1000.0  (greedy, 100 fixed deals)
step   471000/600000  eps=0.050  episodes=  499  mean_return=1080.000  mean_loss= 5.35671  mean_foundation= 22.0/52  lifetime_outcomes={'won': 75, 'stalled': 6, 'truncated': 418, 'other': 0}  rss= 1665.5MB  (6427s)
step   472000/600000  eps=0.050  episodes=  500  mean_return=800.000  mean_loss= 5.02743  mean_foundation=  8.0/52  lifetime_outcomes={'won': 75, 'stalled': 6, 'truncated': 419, 'other': 0}  rss= 1665.5MB  (6431s)
step   473000/600000  eps=0.050  episodes=  501  mean_return=1360.000  mean_loss= 5.37576  mean_foundation=  9.0/52  lifetime_outcomes={'won': 75, 'stalled': 6, 'truncated': 420, 'other': 0}  rss= 1665.5MB  (6434s)
step   474000/600000  eps=0.050  episodes=  502  mean_return=2040.000  mean_loss= 5.23666  mean_foundation= 49.0/52  lifetime_outcomes={'won': 75, 'stalled': 6, 'truncated': 421, 'other': 0}  rss= 1665.5MB  (6437s)
step   475000/600000  eps=0.050  episodes=  503  mean_return=1070.000  mean_loss= 5.15935  mean_foundation= 16.0/52  lifetime_outcomes={'won': 75, 'stalled': 6, 'truncated': 422, 'other': 0}  rss= 1665.5MB  (6441s)
step   476000/600000  eps=0.050  episodes=  504  mean_return=1230.000  mean_loss= 5.06679  mean_foundation= 12.0/52  lifetime_outcomes={'won': 75, 'stalled': 6, 'truncated': 423, 'other': 0}  rss= 1665.5MB  (6444s)
step   477000/600000  eps=0.050  episodes=  505  mean_return=390.000  mean_loss= 4.92488  mean_foundation=  3.0/52  lifetime_outcomes={'won': 75, 'stalled': 6, 'truncated': 424, 'other': 0}  rss= 1665.5MB  (6447s)
step   478000/600000  eps=0.050  episodes=  506  mean_return= 50.000  mean_loss= 4.80555  mean_foundation=  0.0/52  lifetime_outcomes={'won': 75, 'stalled': 6, 'truncated': 425, 'other': 0}  rss= 1665.5MB  (6450s)
step   479000/600000  eps=0.050  episodes=  507  mean_return=440.000  mean_loss= 4.48397  mean_foundation=  8.0/52  lifetime_outcomes={'won': 75, 'stalled': 6, 'truncated': 426, 'other': 0}  rss= 1665.5MB  (6454s)
step   480000/600000  eps=0.050  episodes=  508  mean_return=1760.000  mean_loss= 4.46859  mean_foundation= 23.0/52  lifetime_outcomes={'won': 75, 'stalled': 6, 'truncated': 427, 'other': 0}  rss= 1665.5MB  (6457s)
  EVAL  step   480000  win_rate=0.00%  mean_return=265.500  mean_foundation=  2.7/52  mean_length=1000.0  (greedy, 100 fixed deals)
step   481000/600000  eps=0.050  episodes=  509  mean_return=460.000  mean_loss= 4.58593  mean_foundation=  4.0/52  lifetime_outcomes={'won': 75, 'stalled': 6, 'truncated': 428, 'other': 0}  rss= 1665.5MB  (6562s)
step   482000/600000  eps=0.050  episodes=  510  mean_return=240.000  mean_loss= 4.40364  mean_foundation=  6.0/52  lifetime_outcomes={'won': 75, 'stalled': 6, 'truncated': 429, 'other': 0}  rss= 1665.5MB  (6565s)
step   483000/600000  eps=0.050  episodes=  511  mean_return=120.000  mean_loss= 4.33202  mean_foundation=  1.0/52  lifetime_outcomes={'won': 75, 'stalled': 6, 'truncated': 430, 'other': 0}  rss= 1665.5MB  (6570s)
step   484000/600000  eps=0.050  episodes=  512  mean_return=300.000  mean_loss= 4.12614  mean_foundation=  2.0/52  lifetime_outcomes={'won': 75, 'stalled': 6, 'truncated': 431, 'other': 0}  rss= 1665.5MB  (6573s)
step   485000/600000  eps=0.050  episodes=  513  mean_return=720.000  mean_loss= 4.22136  mean_foundation=  4.0/52  lifetime_outcomes={'won': 75, 'stalled': 6, 'truncated': 432, 'other': 0}  rss= 1665.5MB  (6577s)
step   486000/600000  eps=0.050  episodes=  514  mean_return=340.000  mean_loss= 3.98780  mean_foundation=  5.0/52  lifetime_outcomes={'won': 75, 'stalled': 6, 'truncated': 433, 'other': 0}  rss= 1665.5MB  (6580s)
step   487000/600000  eps=0.050  episodes=  515  mean_return=1160.000  mean_loss= 3.93375  mean_foundation=  9.0/52  lifetime_outcomes={'won': 75, 'stalled': 6, 'truncated': 434, 'other': 0}  rss= 1665.5MB  (6584s)
step   488000/600000  eps=0.050  episodes=  516  mean_return=680.000  mean_loss= 4.00883  mean_foundation=  5.0/52  lifetime_outcomes={'won': 75, 'stalled': 6, 'truncated': 435, 'other': 0}  rss= 1665.5MB  (6588s)
step   489000/600000  eps=0.050  episodes=  517  mean_return=360.000  mean_loss= 4.01288  mean_foundation=  7.0/52  lifetime_outcomes={'won': 75, 'stalled': 6, 'truncated': 436, 'other': 0}  rss= 1665.5MB  (6592s)
step   490000/600000  eps=0.050  episodes=  518  mean_return=680.000  mean_loss= 3.70561  mean_foundation=  5.0/52  lifetime_outcomes={'won': 75, 'stalled': 6, 'truncated': 437, 'other': 0}  rss= 1665.5MB  (6595s)
  EVAL  step   490000  win_rate=0.00%  mean_return=269.300  mean_foundation=  2.3/52  mean_length=1000.0  (greedy, 100 fixed deals)
step   491000/600000  eps=0.050  episodes=  519  mean_return=710.000  mean_loss= 3.87487  mean_foundation=  7.0/52  lifetime_outcomes={'won': 75, 'stalled': 6, 'truncated': 438, 'other': 0}  rss= 1665.5MB  (6693s)
step   492000/600000  eps=0.050  episodes=  520  mean_return=290.000  mean_loss= 3.71572  mean_foundation=  7.0/52  lifetime_outcomes={'won': 75, 'stalled': 6, 'truncated': 439, 'other': 0}  rss= 1665.5MB  (6697s)
step   493000/600000  eps=0.050  episodes=  521  mean_return=1040.000  mean_loss= 3.50618  mean_foundation=  6.0/52  lifetime_outcomes={'won': 75, 'stalled': 6, 'truncated': 440, 'other': 0}  rss= 1665.5MB  (6700s)
step   494000/600000  eps=0.050  episodes=  522  mean_return=260.000  mean_loss= 3.47466  mean_foundation=  2.0/52  lifetime_outcomes={'won': 75, 'stalled': 6, 'truncated': 441, 'other': 0}  rss= 1665.5MB  (6704s)
step   495000/600000  eps=0.050  episodes=  523  mean_return=570.000  mean_loss= 3.38361  mean_foundation=  4.0/52  lifetime_outcomes={'won': 75, 'stalled': 6, 'truncated': 442, 'other': 0}  rss= 1665.5MB  (6708s)
step   496000/600000  eps=0.050  episodes=  524  mean_return=680.000  mean_loss= 3.43199  mean_foundation=  5.0/52  lifetime_outcomes={'won': 75, 'stalled': 6, 'truncated': 443, 'other': 0}  rss= 1665.5MB  (6711s)
step   497000/600000  eps=0.050  episodes=  525  mean_return=1810.000  mean_loss= 3.22599  mean_foundation= 27.0/52  lifetime_outcomes={'won': 75, 'stalled': 6, 'truncated': 444, 'other': 0}  rss= 1665.5MB  (6715s)
step   498000/600000  eps=0.050  episodes=  526  mean_return=590.000  mean_loss= 3.31465  mean_foundation=  7.0/52  lifetime_outcomes={'won': 75, 'stalled': 6, 'truncated': 445, 'other': 0}  rss= 1665.5MB  (6719s)
step   499000/600000  eps=0.050  episodes=  527  mean_return=740.000  mean_loss= 3.13842  mean_foundation=  7.0/52  lifetime_outcomes={'won': 75, 'stalled': 6, 'truncated': 446, 'other': 0}  rss= 1665.5MB  (6723s)
step   500000/600000  eps=0.200  episodes=  528  mean_return=890.000  mean_loss= 3.29728  mean_foundation= 11.0/52  lifetime_outcomes={'won': 75, 'stalled': 6, 'truncated': 447, 'other': 0}  rss= 1665.5MB  (6727s)
  EVAL  step   500000  win_rate=0.00%  mean_return=247.500  mean_foundation=  2.6/52  mean_length=1000.0  (greedy, 100 fixed deals)
step   501000/600000  eps=0.197  episodes=  529  mean_return=990.000  mean_loss= 2.99867  mean_foundation=  7.0/52  lifetime_outcomes={'won': 75, 'stalled': 6, 'truncated': 448, 'other': 0}  rss= 1665.5MB  (6825s)
step   502000/600000  eps=0.194  episodes=  530  mean_return=560.000  mean_loss= 3.02578  mean_foundation=  8.0/52  lifetime_outcomes={'won': 75, 'stalled': 6, 'truncated': 449, 'other': 0}  rss= 1665.5MB  (6829s)
step   503000/600000  eps=0.191  episodes=  531  mean_return=980.000  mean_loss= 2.87345  mean_foundation= 13.0/52  lifetime_outcomes={'won': 75, 'stalled': 6, 'truncated': 450, 'other': 0}  rss= 1665.5MB  (6832s)
step   504000/600000  eps=0.188  episodes=  532  mean_return=1850.000  mean_loss= 2.80449  mean_foundation= 17.0/52  lifetime_outcomes={'won': 75, 'stalled': 6, 'truncated': 451, 'other': 0}  rss= 1665.5MB  (6835s)
step   505000/600000  eps=0.185  episodes=  533  mean_return=430.000  mean_loss= 2.83233  mean_foundation=  2.0/52  lifetime_outcomes={'won': 75, 'stalled': 6, 'truncated': 452, 'other': 0}  rss= 1665.5MB  (6839s)
step   506000/600000  eps=0.182  episodes=  534  mean_return=620.000  mean_loss= 2.72893  mean_foundation=  3.0/52  lifetime_outcomes={'won': 75, 'stalled': 6, 'truncated': 453, 'other': 0}  rss= 1665.5MB  (6843s)
step   507000/600000  eps=0.179  episodes=  535  mean_return=750.000  mean_loss= 2.69737  mean_foundation=  9.0/52  lifetime_outcomes={'won': 75, 'stalled': 6, 'truncated': 454, 'other': 0}  rss= 1665.5MB  (6847s)
step   508000/600000  eps=0.176  episodes=  536  mean_return=940.000  mean_loss= 2.66617  mean_foundation= 11.0/52  lifetime_outcomes={'won': 75, 'stalled': 6, 'truncated': 455, 'other': 0}  rss= 1665.5MB  (6851s)
step   509000/600000  eps=0.173  episodes=  537  mean_return=1090.000  mean_loss= 2.50091  mean_foundation=  7.0/52  lifetime_outcomes={'won': 75, 'stalled': 6, 'truncated': 456, 'other': 0}  rss= 1665.5MB  (6855s)
step   510000/600000  eps=0.170  episodes=  538  mean_return=300.000  mean_loss= 2.52189  mean_foundation=  4.0/52  lifetime_outcomes={'won': 75, 'stalled': 6, 'truncated': 457, 'other': 0}  rss= 1665.5MB  (6858s)
  EVAL  step   510000  win_rate=0.00%  mean_return=281.100  mean_foundation=  3.0/52  mean_length=1000.0  (greedy, 100 fixed deals)
step   511000/600000  eps=0.167  episodes=  539  mean_return=540.000  mean_loss= 2.46170  mean_foundation= 11.0/52  lifetime_outcomes={'won': 75, 'stalled': 6, 'truncated': 458, 'other': 0}  rss= 1665.5MB  (6959s)
step   512000/600000  eps=0.164  episodes=  540  mean_return=1360.000  mean_loss= 2.43139  mean_foundation= 23.0/52  lifetime_outcomes={'won': 75, 'stalled': 6, 'truncated': 459, 'other': 0}  rss= 1665.5MB  (6962s)
step   513000/600000  eps=0.161  episodes=  541  mean_return=450.000  mean_loss= 2.33151  mean_foundation=  3.0/52  lifetime_outcomes={'won': 75, 'stalled': 6, 'truncated': 460, 'other': 0}  rss= 1665.5MB  (6965s)
step   514000/600000  eps=0.158  episodes=  542  mean_return=1340.000  mean_loss= 2.31369  mean_foundation= 13.0/52  lifetime_outcomes={'won': 75, 'stalled': 6, 'truncated': 461, 'other': 0}  rss= 1665.5MB  (6969s)
step   515000/600000  eps=0.155  episodes=  544  mean_return=859.635  mean_loss= 2.18851  mean_foundation=  9.5/52  lifetime_outcomes={'won': 75, 'stalled': 7, 'truncated': 462, 'other': 0}  rss= 1665.5MB  (6972s)
step   516000/600000  eps=0.152  episodes=  545  mean_return=1150.000  mean_loss= 2.07010  mean_foundation= 20.0/52  lifetime_outcomes={'won': 75, 'stalled': 7, 'truncated': 463, 'other': 0}  rss= 1665.5MB  (6976s)
step   517000/600000  eps=0.149  episodes=  546  mean_return=1240.000  mean_loss= 2.04095  mean_foundation= 12.0/52  lifetime_outcomes={'won': 75, 'stalled': 7, 'truncated': 464, 'other': 0}  rss= 1665.5MB  (6980s)
step   518000/600000  eps=0.146  episodes=  547  mean_return=320.000  mean_loss= 1.82211  mean_foundation=  6.0/52  lifetime_outcomes={'won': 75, 'stalled': 7, 'truncated': 465, 'other': 0}  rss= 1665.5MB  (6985s)
step   519000/600000  eps=0.143  episodes=  548  mean_return=1530.000  mean_loss= 1.89348  mean_foundation= 17.0/52  lifetime_outcomes={'won': 75, 'stalled': 7, 'truncated': 466, 'other': 0}  rss= 1665.5MB  (6988s)
step   520000/600000  eps=0.140  episodes=  549  mean_return=1360.000  mean_loss= 1.92532  mean_foundation= 21.0/52  lifetime_outcomes={'won': 75, 'stalled': 7, 'truncated': 467, 'other': 0}  rss= 1665.5MB  (6991s)
  EVAL  step   520000  win_rate=0.00%  mean_return=258.100  mean_foundation=  2.5/52  mean_length=1000.0  (greedy, 100 fixed deals)
step   521000/600000  eps=0.137  episodes=  550  mean_return=470.000  mean_loss= 1.75050  mean_foundation=  5.0/52  lifetime_outcomes={'won': 75, 'stalled': 7, 'truncated': 468, 'other': 0}  rss= 1665.6MB  (7088s)
step   522000/600000  eps=0.134  episodes=  551  mean_return=1160.000  mean_loss= 1.71799  mean_foundation= 16.0/52  lifetime_outcomes={'won': 75, 'stalled': 7, 'truncated': 469, 'other': 0}  rss= 1665.6MB  (7091s)
step   523000/600000  eps=0.131  episodes=  552  mean_return=490.000  mean_loss= 1.69197  mean_foundation=  4.0/52  lifetime_outcomes={'won': 75, 'stalled': 7, 'truncated': 470, 'other': 0}  rss= 1665.6MB  (7095s)
step   524000/600000  eps=0.128  episodes=  553  mean_return=600.000  mean_loss= 1.61708  mean_foundation=  7.0/52  lifetime_outcomes={'won': 75, 'stalled': 7, 'truncated': 471, 'other': 0}  rss= 1665.6MB  (7098s)
step   525000/600000  eps=0.125  episodes=  554  mean_return=1720.000  mean_loss= 1.57625  mean_foundation= 19.0/52  lifetime_outcomes={'won': 75, 'stalled': 7, 'truncated': 472, 'other': 0}  rss= 1665.6MB  (7101s)
step   526000/600000  eps=0.122  episodes=  555  mean_return=1690.000  mean_loss= 1.59179  mean_foundation= 12.0/52  lifetime_outcomes={'won': 75, 'stalled': 7, 'truncated': 473, 'other': 0}  rss= 1665.6MB  (7105s)
step   527000/600000  eps=0.119  episodes=  556  mean_return=280.000  mean_loss= 1.66192  mean_foundation=  3.0/52  lifetime_outcomes={'won': 75, 'stalled': 7, 'truncated': 474, 'other': 0}  rss= 1665.6MB  (7108s)
step   528000/600000  eps=0.116  episodes=  557  mean_return=910.000  mean_loss= 1.50601  mean_foundation=  7.0/52  lifetime_outcomes={'won': 75, 'stalled': 7, 'truncated': 475, 'other': 0}  rss= 1665.6MB  (7112s)
step   529000/600000  eps=0.113  episodes=  558  mean_return=1150.000  mean_loss= 1.51026  mean_foundation=  8.0/52  lifetime_outcomes={'won': 75, 'stalled': 7, 'truncated': 476, 'other': 0}  rss= 1665.6MB  (7116s)
step   530000/600000  eps=0.110  episodes=  559  mean_return=1460.000  mean_loss= 1.52910  mean_foundation= 16.0/52  lifetime_outcomes={'won': 75, 'stalled': 7, 'truncated': 477, 'other': 0}  rss= 1665.6MB  (7120s)
  EVAL  step   530000  win_rate=0.00%  mean_return=266.500  mean_foundation=  2.7/52  mean_length=1000.0  (greedy, 100 fixed deals)
step   531000/600000  eps=0.107  episodes=  560  mean_return=790.000  mean_loss= 1.50534  mean_foundation=  8.0/52  lifetime_outcomes={'won': 75, 'stalled': 7, 'truncated': 478, 'other': 0}  rss= 1665.6MB  (7239s)
step   532000/600000  eps=0.104  episodes=  561  mean_return=1010.000  mean_loss= 1.56311  mean_foundation= 14.0/52  lifetime_outcomes={'won': 75, 'stalled': 7, 'truncated': 479, 'other': 0}  rss= 1665.6MB  (7245s)
step   533000/600000  eps=0.101  episodes=  562  mean_return=440.000  mean_loss= 1.36250  mean_foundation=  9.0/52  lifetime_outcomes={'won': 75, 'stalled': 7, 'truncated': 480, 'other': 0}  rss= 1665.6MB  (7250s)
step   534000/600000  eps=0.098  episodes=  563  mean_return=410.000  mean_loss= 1.43206  mean_foundation=  6.0/52  lifetime_outcomes={'won': 75, 'stalled': 7, 'truncated': 481, 'other': 0}  rss= 1665.6MB  (7255s)
step   535000/600000  eps=0.095  episodes=  564  mean_return=1180.000  mean_loss= 1.38008  mean_foundation= 15.0/52  lifetime_outcomes={'won': 75, 'stalled': 7, 'truncated': 482, 'other': 0}  rss= 1665.6MB  (7260s)
step   536000/600000  eps=0.092  episodes=  565  mean_return=920.000  mean_loss= 1.40581  mean_foundation=  9.0/52  lifetime_outcomes={'won': 75, 'stalled': 7, 'truncated': 483, 'other': 0}  rss= 1665.6MB  (7266s)
step   537000/600000  eps=0.089  episodes=  566  mean_return=610.000  mean_loss= 1.36070  mean_foundation=  6.0/52  lifetime_outcomes={'won': 75, 'stalled': 7, 'truncated': 484, 'other': 0}  rss= 1665.6MB  (7272s)
step   538000/600000  eps=0.086  episodes=  567  mean_return=1200.000  mean_loss= 1.33489  mean_foundation=  8.0/52  lifetime_outcomes={'won': 75, 'stalled': 7, 'truncated': 485, 'other': 0}  rss= 1665.6MB  (7277s)
step   539000/600000  eps=0.083  episodes=  568  mean_return=550.000  mean_loss= 1.38323  mean_foundation=  5.0/52  lifetime_outcomes={'won': 75, 'stalled': 7, 'truncated': 486, 'other': 0}  rss= 1665.6MB  (7282s)
step   540000/600000  eps=0.080  episodes=  569  mean_return=710.000  mean_loss= 1.33268  mean_foundation=  5.0/52  lifetime_outcomes={'won': 75, 'stalled': 7, 'truncated': 487, 'other': 0}  rss= 1665.6MB  (7289s)
  EVAL  step   540000  win_rate=0.00%  mean_return=255.300  mean_foundation=  2.9/52  mean_length=1000.0  (greedy, 100 fixed deals)
step   541000/600000  eps=0.077  episodes=  570  mean_return=1080.000  mean_loss= 1.32145  mean_foundation=  9.0/52  lifetime_outcomes={'won': 75, 'stalled': 7, 'truncated': 488, 'other': 0}  rss= 1665.6MB  (7427s)
step   542000/600000  eps=0.074  episodes=  571  mean_return=690.000  mean_loss= 1.40092  mean_foundation=  4.0/52  lifetime_outcomes={'won': 75, 'stalled': 7, 'truncated': 489, 'other': 0}  rss= 1665.6MB  (7432s)
step   543000/600000  eps=0.071  episodes=  572  mean_return=-10.000  mean_loss= 1.28612  mean_foundation=  0.0/52  lifetime_outcomes={'won': 75, 'stalled': 7, 'truncated': 490, 'other': 0}  rss= 1665.6MB  (7438s)
step   544000/600000  eps=0.068  episodes=  573  mean_return=890.000  mean_loss= 1.34438  mean_foundation= 10.0/52  lifetime_outcomes={'won': 75, 'stalled': 7, 'truncated': 491, 'other': 0}  rss= 1665.6MB  (7445s)
step   545000/600000  eps=0.065  episodes=  574  mean_return=910.000  mean_loss= 1.29792  mean_foundation=  6.0/52  lifetime_outcomes={'won': 75, 'stalled': 7, 'truncated': 492, 'other': 0}  rss= 1665.6MB  (7451s)
step   546000/600000  eps=0.062  episodes=  575  mean_return=280.000  mean_loss= 1.23251  mean_foundation=  4.0/52  lifetime_outcomes={'won': 75, 'stalled': 7, 'truncated': 493, 'other': 0}  rss= 1665.6MB  (7456s)
step   547000/600000  eps=0.059  episodes=  576  mean_return=880.000  mean_loss= 1.21480  mean_foundation=  5.0/52  lifetime_outcomes={'won': 75, 'stalled': 7, 'truncated': 494, 'other': 0}  rss= 1665.6MB  (7461s)
step   548000/600000  eps=0.056  episodes=  577  mean_return=170.000  mean_loss= 1.27927  mean_foundation=  3.0/52  lifetime_outcomes={'won': 75, 'stalled': 7, 'truncated': 495, 'other': 0}  rss= 1665.6MB  (7467s)
step   549000/600000  eps=0.053  episodes=  578  mean_return=290.000  mean_loss= 1.25524  mean_foundation=  5.0/52  lifetime_outcomes={'won': 75, 'stalled': 7, 'truncated': 496, 'other': 0}  rss= 1665.6MB  (7472s)
step   550000/600000  eps=0.050  episodes=  579  mean_return=300.000  mean_loss= 1.21661  mean_foundation=  1.0/52  lifetime_outcomes={'won': 75, 'stalled': 7, 'truncated': 497, 'other': 0}  rss= 1665.6MB  (7477s)
  EVAL  step   550000  win_rate=0.00%  mean_return=229.000  mean_foundation=  3.1/52  mean_length=1000.0  (greedy, 100 fixed deals)
step   551000/600000  eps=0.050  episodes=  580  mean_return=580.000  mean_loss= 1.29132  mean_foundation= 11.0/52  lifetime_outcomes={'won': 75, 'stalled': 7, 'truncated': 498, 'other': 0}  rss= 1665.6MB  (7615s)
step   552000/600000  eps=0.050  episodes=  581  mean_return=1510.000  mean_loss= 1.22763  mean_foundation= 15.0/52  lifetime_outcomes={'won': 75, 'stalled': 7, 'truncated': 499, 'other': 0}  rss= 1665.6MB  (7621s)
step   553000/600000  eps=0.050  episodes=  582  mean_return=710.000  mean_loss= 1.19559  mean_foundation=  2.0/52  lifetime_outcomes={'won': 75, 'stalled': 7, 'truncated': 500, 'other': 0}  rss= 1665.6MB  (7626s)
step   554000/600000  eps=0.050  episodes=  583  mean_return=430.000  mean_loss= 1.20263  mean_foundation=  1.0/52  lifetime_outcomes={'won': 75, 'stalled': 7, 'truncated': 501, 'other': 0}  rss= 1665.6MB  (7632s)
step   555000/600000  eps=0.050  episodes=  584  mean_return=430.000  mean_loss= 1.33720  mean_foundation=  2.0/52  lifetime_outcomes={'won': 75, 'stalled': 7, 'truncated': 502, 'other': 0}  rss= 1665.6MB  (7637s)
step   556000/600000  eps=0.050  episodes=  585  mean_return=1480.000  mean_loss= 1.23545  mean_foundation=  7.0/52  lifetime_outcomes={'won': 75, 'stalled': 7, 'truncated': 503, 'other': 0}  rss= 1665.6MB  (7643s)
step   557000/600000  eps=0.050  episodes=  586  mean_return=500.000  mean_loss= 1.21703  mean_foundation=  2.0/52  lifetime_outcomes={'won': 75, 'stalled': 7, 'truncated': 504, 'other': 0}  rss= 1665.6MB  (7648s)
step   558000/600000  eps=0.050  episodes=  587  mean_return=1370.000  mean_loss= 1.21655  mean_foundation=  3.0/52  lifetime_outcomes={'won': 75, 'stalled': 7, 'truncated': 505, 'other': 0}  rss= 1665.6MB  (7654s)
step   559000/600000  eps=0.050  episodes=  588  mean_return=560.000  mean_loss= 1.24316  mean_foundation=  5.0/52  lifetime_outcomes={'won': 75, 'stalled': 7, 'truncated': 506, 'other': 0}  rss= 1665.6MB  (7659s)
step   560000/600000  eps=0.050  episodes=  589  mean_return=320.000  mean_loss= 1.25705  mean_foundation=  2.0/52  lifetime_outcomes={'won': 75, 'stalled': 7, 'truncated': 507, 'other': 0}  rss= 1665.6MB  (7665s)
  EVAL  step   560000  win_rate=0.00%  mean_return=268.294  mean_foundation=  2.7/52  mean_length=990.6  (greedy, 100 fixed deals)
step   561000/600000  eps=0.050  episodes=  590  mean_return=870.000  mean_loss= 1.17986  mean_foundation=  3.0/52  lifetime_outcomes={'won': 75, 'stalled': 7, 'truncated': 508, 'other': 0}  rss= 1665.6MB  (7810s)
step   562000/600000  eps=0.050  episodes=  591  mean_return=820.000  mean_loss= 1.19654  mean_foundation=  7.0/52  lifetime_outcomes={'won': 75, 'stalled': 7, 'truncated': 509, 'other': 0}  rss= 1665.6MB  (7815s)
step   563000/600000  eps=0.050  episodes=  592  mean_return=1390.000  mean_loss= 1.23438  mean_foundation= 15.0/52  lifetime_outcomes={'won': 75, 'stalled': 7, 'truncated': 510, 'other': 0}  rss= 1665.6MB  (7820s)
step   564000/600000  eps=0.050  episodes=  593  mean_return=430.000  mean_loss= 1.29347  mean_foundation=  3.0/52  lifetime_outcomes={'won': 75, 'stalled': 7, 'truncated': 511, 'other': 0}  rss= 1665.6MB  (7826s)
step   565000/600000  eps=0.050  episodes=  594  mean_return=1270.000  mean_loss= 1.25967  mean_foundation=  9.0/52  lifetime_outcomes={'won': 75, 'stalled': 7, 'truncated': 512, 'other': 0}  rss= 1665.6MB  (7832s)
step   566000/600000  eps=0.050  episodes=  595  mean_return=1210.000  mean_loss= 1.21718  mean_foundation=  5.0/52  lifetime_outcomes={'won': 75, 'stalled': 7, 'truncated': 513, 'other': 0}  rss= 1665.6MB  (7838s)
step   567000/600000  eps=0.050  episodes=  596  mean_return=610.000  mean_loss= 1.26615  mean_foundation=  1.0/52  lifetime_outcomes={'won': 75, 'stalled': 7, 'truncated': 514, 'other': 0}  rss= 1665.6MB  (7844s)
step   568000/600000  eps=0.050  episodes=  597  mean_return=640.000  mean_loss= 1.20906  mean_foundation=  2.0/52  lifetime_outcomes={'won': 75, 'stalled': 7, 'truncated': 515, 'other': 0}  rss= 1665.6MB  (7850s)
step   569000/600000  eps=0.050  episodes=  598  mean_return=620.000  mean_loss= 1.23164  mean_foundation=  7.0/52  lifetime_outcomes={'won': 75, 'stalled': 7, 'truncated': 516, 'other': 0}  rss= 1665.6MB  (7856s)
step   570000/600000  eps=0.050  episodes=  599  mean_return=850.000  mean_loss= 1.19862  mean_foundation=  6.0/52  lifetime_outcomes={'won': 75, 'stalled': 7, 'truncated': 517, 'other': 0}  rss= 1665.6MB  (7861s)
  EVAL  step   570000  win_rate=0.00%  mean_return=217.500  mean_foundation=  2.6/52  mean_length=1000.0  (greedy, 100 fixed deals)
step   571000/600000  eps=0.050  episodes=  600  mean_return=730.000  mean_loss= 1.21928  mean_foundation=  4.0/52  lifetime_outcomes={'won': 75, 'stalled': 7, 'truncated': 518, 'other': 0}  rss= 1665.6MB  (8005s)
step   572000/600000  eps=0.050  episodes=  601  mean_return=360.000  mean_loss= 1.21184  mean_foundation=  1.0/52  lifetime_outcomes={'won': 75, 'stalled': 7, 'truncated': 519, 'other': 0}  rss= 1665.6MB  (8011s)
step   573000/600000  eps=0.050  episodes=  602  mean_return=580.000  mean_loss= 1.17380  mean_foundation=  4.0/52  lifetime_outcomes={'won': 75, 'stalled': 7, 'truncated': 520, 'other': 0}  rss= 1665.6MB  (8017s)
step   574000/600000  eps=0.050  episodes=  603  mean_return=1230.000  mean_loss= 1.17875  mean_foundation= 15.0/52  lifetime_outcomes={'won': 75, 'stalled': 7, 'truncated': 521, 'other': 0}  rss= 1665.6MB  (8022s)
step   575000/600000  eps=0.050  episodes=  604  mean_return=470.000  mean_loss= 1.13651  mean_foundation=  1.0/52  lifetime_outcomes={'won': 75, 'stalled': 7, 'truncated': 522, 'other': 0}  rss= 1665.6MB  (8028s)
step   576000/600000  eps=0.050  episodes=  605  mean_return=280.000  mean_loss= 1.05737  mean_foundation=  2.0/52  lifetime_outcomes={'won': 75, 'stalled': 7, 'truncated': 523, 'other': 0}  rss= 1665.6MB  (8033s)
step   577000/600000  eps=0.050  episodes=  606  mean_return=160.000  mean_loss= 1.14738  mean_foundation=  2.0/52  lifetime_outcomes={'won': 75, 'stalled': 7, 'truncated': 524, 'other': 0}  rss= 1665.6MB  (8039s)
step   578000/600000  eps=0.050  episodes=  607  mean_return=540.000  mean_loss= 1.09916  mean_foundation=  4.0/52  lifetime_outcomes={'won': 75, 'stalled': 7, 'truncated': 525, 'other': 0}  rss= 1665.6MB  (8045s)
step   579000/600000  eps=0.050  episodes=  608  mean_return=770.000  mean_loss= 1.06919  mean_foundation=  3.0/52  lifetime_outcomes={'won': 75, 'stalled': 7, 'truncated': 526, 'other': 0}  rss= 1665.6MB  (8051s)
step   580000/600000  eps=0.050  episodes=  609  mean_return=1400.000  mean_loss= 1.09273  mean_foundation= 18.0/52  lifetime_outcomes={'won': 75, 'stalled': 7, 'truncated': 527, 'other': 0}  rss= 1665.6MB  (8056s)
  EVAL  step   580000  win_rate=0.00%  mean_return=240.883  mean_foundation=  2.3/52  mean_length=971.7  (greedy, 100 fixed deals)
step   581000/600000  eps=0.050  episodes=  610  mean_return=820.000  mean_loss= 1.12158  mean_foundation= 13.0/52  lifetime_outcomes={'won': 75, 'stalled': 7, 'truncated': 528, 'other': 0}  rss= 1665.6MB  (8193s)
step   582000/600000  eps=0.050  episodes=  611  mean_return=1600.000  mean_loss= 1.10613  mean_foundation=  9.0/52  lifetime_outcomes={'won': 75, 'stalled': 7, 'truncated': 529, 'other': 0}  rss= 1665.6MB  (8199s)
step   583000/600000  eps=0.050  episodes=  612  mean_return=640.000  mean_loss= 1.12414  mean_foundation=  3.0/52  lifetime_outcomes={'won': 75, 'stalled': 7, 'truncated': 530, 'other': 0}  rss= 1665.6MB  (8204s)
step   584000/600000  eps=0.050  episodes=  613  mean_return=990.000  mean_loss= 1.13019  mean_foundation=  4.0/52  lifetime_outcomes={'won': 75, 'stalled': 7, 'truncated': 531, 'other': 0}  rss= 1665.6MB  (8210s)
step   585000/600000  eps=0.050  episodes=  614  mean_return=1080.000  mean_loss= 1.18694  mean_foundation= 16.0/52  lifetime_outcomes={'won': 75, 'stalled': 7, 'truncated': 532, 'other': 0}  rss= 1665.6MB  (8215s)
step   586000/600000  eps=0.050  episodes=  615  mean_return=680.000  mean_loss= 1.14685  mean_foundation=  3.0/52  lifetime_outcomes={'won': 75, 'stalled': 7, 'truncated': 533, 'other': 0}  rss= 1665.6MB  (8221s)
step   587000/600000  eps=0.050  episodes=  616  mean_return=670.000  mean_loss= 1.11827  mean_foundation=  3.0/52  lifetime_outcomes={'won': 75, 'stalled': 7, 'truncated': 534, 'other': 0}  rss= 1665.6MB  (8227s)
step   588000/600000  eps=0.050  episodes=  617  mean_return=120.000  mean_loss= 1.08411  mean_foundation=  2.0/52  lifetime_outcomes={'won': 75, 'stalled': 7, 'truncated': 535, 'other': 0}  rss= 1665.6MB  (8233s)
step   589000/600000  eps=0.050  episodes=  618  mean_return=420.000  mean_loss= 1.14732  mean_foundation=  4.0/52  lifetime_outcomes={'won': 75, 'stalled': 7, 'truncated': 536, 'other': 0}  rss= 1665.6MB  (8238s)
step   590000/600000  eps=0.050  episodes=  619  mean_return=240.000  mean_loss= 1.17277  mean_foundation=  4.0/52  lifetime_outcomes={'won': 75, 'stalled': 7, 'truncated': 537, 'other': 0}  rss= 1665.6MB  (8243s)
  EVAL  step   590000  win_rate=0.00%  mean_return=259.000  mean_foundation=  2.7/52  mean_length=1000.0  (greedy, 100 fixed deals)
step   591000/600000  eps=0.050  episodes=  620  mean_return=800.000  mean_loss= 1.14757  mean_foundation=  4.0/52  lifetime_outcomes={'won': 75, 'stalled': 7, 'truncated': 538, 'other': 0}  rss= 1665.6MB  (8404s)
step   592000/600000  eps=0.050  episodes=  621  mean_return=430.000  mean_loss= 1.18835  mean_foundation=  3.0/52  lifetime_outcomes={'won': 75, 'stalled': 7, 'truncated': 539, 'other': 0}  rss= 1665.6MB  (8409s)
step   593000/600000  eps=0.050  episodes=  622  mean_return=1180.000  mean_loss= 1.16010  mean_foundation= 11.0/52  lifetime_outcomes={'won': 75, 'stalled': 7, 'truncated': 540, 'other': 0}  rss= 1665.6MB  (8415s)
step   594000/600000  eps=0.050  episodes=  623  mean_return=303.130  mean_loss= 1.15163  mean_foundation=  8.0/52  lifetime_outcomes={'won': 75, 'stalled': 8, 'truncated': 540, 'other': 0}  rss= 1665.6MB  (8421s)
step   595000/600000  eps=0.050  episodes=  624  mean_return=720.000  mean_loss= 1.17679  mean_foundation=  7.0/52  lifetime_outcomes={'won': 75, 'stalled': 8, 'truncated': 541, 'other': 0}  rss= 1665.6MB  (8428s)
step   596000/600000  eps=0.050  episodes=  625  mean_return=1390.000  mean_loss= 1.21865  mean_foundation= 11.0/52  lifetime_outcomes={'won': 75, 'stalled': 8, 'truncated': 542, 'other': 0}  rss= 1665.6MB  (8435s)
step   597000/600000  eps=0.050  episodes=  626  mean_return=1240.000  mean_loss= 1.25538  mean_foundation= 10.0/52  lifetime_outcomes={'won': 75, 'stalled': 8, 'truncated': 543, 'other': 0}  rss= 1665.6MB  (8441s)
step   598000/600000  eps=0.050  episodes=  627  mean_return=1060.000  mean_loss= 1.16858  mean_foundation= 10.0/52  lifetime_outcomes={'won': 75, 'stalled': 8, 'truncated': 544, 'other': 0}  rss= 1665.6MB  (8447s)
step   599000/600000  eps=0.050  episodes=  628  mean_return=680.000  mean_loss= 1.11781  mean_foundation=  6.0/52  lifetime_outcomes={'won': 75, 'stalled': 8, 'truncated': 545, 'other': 0}  rss= 1665.6MB  (8453s)
step   600000/600000  eps=0.050  episodes=  629  mean_return=610.000  mean_loss= 1.11145  mean_foundation=  4.0/52  lifetime_outcomes={'won': 75, 'stalled': 8, 'truncated': 546, 'other': 0}  rss= 1665.6MB  (8458s)
  EVAL  step   600000  win_rate=0.00%  mean_return=245.000  mean_foundation=  2.3/52  mean_length=1000.0  (greedy, 100 fixed deals)
done. saved final checkpoint to runs/014_double_dqn_soft_nstep3_per_reward_shaping_reheat_echo/checkpoint_final.pt
